-- phpMyAdmin SQL Dump
-- version 5.2.1
-- https://www.phpmyadmin.net/
--
-- Host: 127.0.0.1
-- Generation Time: Jan 15, 2025 at 04:03 AM
-- Server version: 10.4.32-MariaDB
-- PHP Version: 8.2.12

SET SQL_MODE = "NO_AUTO_VALUE_ON_ZERO";
START TRANSACTION;
SET time_zone = "+00:00";


/*!40101 SET @OLD_CHARACTER_SET_CLIENT=@@CHARACTER_SET_CLIENT */;
/*!40101 SET @OLD_CHARACTER_SET_RESULTS=@@CHARACTER_SET_RESULTS */;
/*!40101 SET @OLD_COLLATION_CONNECTION=@@COLLATION_CONNECTION */;
/*!40101 SET NAMES utf8mb4 */;

--
-- Database: `ppi`
--

-- --------------------------------------------------------

--
-- Table structure for table `apps`
--

CREATE TABLE `apps` (
  `id` int(11) NOT NULL,
  `name` varchar(50) NOT NULL,
  `url` varchar(50) NOT NULL,
  `description` varchar(50) DEFAULT NULL,
  `icon` text DEFAULT NULL
) ENGINE=InnoDB DEFAULT CHARSET=utf8mb4 COLLATE=utf8mb4_general_ci;

--
-- Dumping data for table `apps`
--

INSERT INTO `apps` (`id`, `name`, `url`, `description`, `icon`) VALUES
(1, 'Next Cloud', 'http://172.18.121.101', 'Next Cloud', 'data:image/png;base64,iVBORw0KGgoAAAANSUhEUgAABAAAAAQACAYAAAB/HSuDAAAABGdBTUEAALGPC/xhBQAAACBjSFJNAAB6JgAAgIQAAPoAAACA6AAAdTAAAOpgAAA6mAAAF3CculE8AAAAB3RJTUUH5QUSAgkqsVCWBAAAAAZiS0dEAAAAAAAA+UO7fwAAjFVJREFUeNrs3Qd4X2d9L3BlkUESQlJoQoAQwghNgdL0AqXQhhZogRQKt2UUaID7wOVyoRTaUChcGtkZjpM4cfbem2yyyCKLRMOW5D1lW/K2PGR5aNrvPb8jhSTEQ7L1l/7j832ezwNNgy2d8573vO/vnPO+VVUiL80pz+9ZVV27X1V1zSFVY+oOrxpTc3T239+Z/bOPZv/3VzMn9av9bubMqrG1Fw64Ivt3H8nUDajP/jeLsn8nAQAAg5SPobOx9Ivj6kfysfYL4+4Yg+dj8RfG5dkYPcbqMWaPsXuM4WMsH2P6GNuLiFSd0rhHVXX9gVnHcGTWkRybdRZ/mf33T2adyb9kfpy5JPNA9s/nZP/ZoTMGAICi1jEwdn9gYCz/43xsn4/xs7F+jPlj7B9zgJgLiEjZTvb3zC70Q7OL/k+zTuBzWQfwjew/qzMTM7dmHs00Z9boOAEAoKysGRjrPzow9p/YPxfI5wSfy+cIMVeIOYOIlOqkv+6wquraD2QX9v/J/vOCgUpgfSZey2/TEQIAQEVrG5gb1OdzhXzOkM8dPpDPJUSkyFNdd1zV2Nr/zC7ce7KLeFqmNbMu062DAwAAdqB7YO7Q2j+XyOYUMbeIOYaIjOZEv+aAgcU93l1VXfuV7AK9NvvPJdl/btFxAQAAw2jLwFzj2nzuUV173MBc5AATM5HCfMPfv2DfmLjY8oX6fp55cKBCp1MCAABGyvKBz4t/VlVd+4l8jmJhQZFhmfjvk11U78guqi8PLNbxpEk/AABQFG8GjKldNTBHmZjPWWLuEnMYERnS0/4jsgvoC1X923c8k1mqgwEAAIrY0oG5yyX5XCbmNN4KENnR5L/uqKoxNadVVdc2ZRfNSov3AQAAJbiY4Mr+OU02t4k5jojki/kdVDWm7pjs4vhy9t+fyC6UzsxWnQYAAFAGtuZznJjrVOefNR+dz4FEKugV/z2zxh+rZp6QXQBnZWbrGAAAgAoQbzqPz+dCMSeKuZFIeU78n4+J/1FV1XUnZf95bVX//pqe9gMAAJX2VkBrPifqnxsdlc+VRMomY+uPrhpT8/2soT9e1b9txhYXPgAAUMG2DMyNHs/nSjFnEintb/xrj8ka8y+yRt1YZfs+AACAbVnXP2fK5k4xhxIpoUn/gVXVNcdl/3lR1ojXes0fAABg0J8HrM3nUv1zqgNNMKVYJ/4HZ430g9l/jsn+c7mLFwAAYBfFnKp/bvXBfK4lUhzf99fuXTWm5i+yRjk+a6gzMr0uWAAAgN3Wm8+x8rlWNueKuZfIKC/uV13Vv51FtwsUAABg2HX3z7lqTqk6pe4IE1EZ2Zzy/IFZ4/vnrBHWZja6IAEAAAou5l7P53OxmJOJFPg7/0OzBvfpzKOZLhcgAADAiOsamJN9Op+jiQzvE/+6/avG1ByfNbBLq2znBwAAUAzW9c/RsrlazNlEdm/i37hn1di6t2SN6t8zDZktLjIAAICisWVgrvbv+dwt5nAiu7DA3z5ZI/pk5r6q2IvShQUAAFCs1g7M3T6Zz+VEhvDk/4CqMTXjssazJNPnYgIAACh6ff1zuGwuF3M6kR1M+veoGlN3UNXYfCGJqV73BwAAKNHPAmJOF3O7mOPFXE/kxdf9a/fKGslxmfGZVS4YAACAkrdqYI53XD7nE6k6pfFVVWPqPpM1iscyPS4SAACAstHTP9fL5nwx95OK3t7vsKrq2pOzBjHHhQEAAFC25uRzv5gDSkW+9v/erBHclWl3MQAAAJS99nwOGHNBqZin/gdmJ/2rmQWZrS4CAACAirF1YC741XxuKGWc6po3VlXX/iI72Z0aPgAAQMXqzOeGMUeUslvob++qMTXHZyf5mqr+vSE1eAAAgMrW1z9HzOaKMWeUsnjlf/+q6trPZSf2N5kujRwAAIABXflcMeaMMXeUkl7ob7/sZH43O5kLPfkHAABgm28C9M8Zv5vPIaUEM6bm0KrqmnNM/AEAABhcISDmkNlcUkrme/89sxP2zswN2QncohEDAAAwSNkcsub67D/fls8tpcgn/9V1789O1q987w8AAMAuiF3j7srnlooARbvY395V1bUfzzybnaxujRYAAIBd1J3PLWOOGXNNKbZv/ms/l52cOV77BwAAYFg+B+ifY37OhLtoJv51+2dOGnhNQyMFAABgmD8JiDmnbQJHe/J/cOZ/ZydkpUYJAABAgazsn3tmc1AZhVTXHJKdhO9lFmmMAAAAFFjMPb+jCDDiT/5rDs6cmh38xRohAAAAI1gEGJvPSWXECgBnZQe9Q+MDAABghHXkc1IZkSf/Mfnv0egAAAAYJT39c1NvAhRwwb941cKTfwAAAIrhTYCYo1oToBCT/+9UWfAPAACA4loTwMKAwzj5339gqz+TfwAAAIqwCJBvEbi/CfzuFwBOqsr3XNSwAAAAKEor87mr7GJOqds7O4ify3RqTAAAABS5znwOG3NZGcrkv3HPquraj2fmaEQAAACUhJjDxlw25rQy2Ml/3fuzg/ZsdgC3aEQAAACUiC35XDbmtIoAg/nmv+ad2UH7VaZb4wEAAKDEdPfPabO5rexw8n9o5obsYHVpNAAAAJSorv65bTbHlW1kbO1+2cGZ4LV/AAAAyuJzgJjjxlxXXrbi//7Zwflupk8jAQAAoEz05XPdmPNKvujf3lXVtZ/LLNQ4AAAAKCsx1405b8x9ffdfc3x2UH7j6T8AAABl+hbAb/K5b4VP/t+YHYhrqiz6BwAAQPnq6p/7ZnPgCv3u/8Cq6tpfePIPAABARbwJEHPgmAtX3tP/2q9mOjUCAAAAKkRnPheuqFTX/kn2Sy9w8gEAAKgwC/I5cYW8+n9Y9gvfldnqxAMAAFBhtuZz4pgbl/mWf6+qqq49Oftl2510AAAAKlR7PjeOOXJZZmztXlXVNZ/NftG5TjYAAAAVbm4+R465cpk9+d8j++WOyzzmJAMAAEDusXyuHHPm8lnxv+6g7Jcan+lxggEAACDX0z9XzubMZfT6/6ezX2qVkwsAAAAvsyqfM5fJ6/8HVFXXTnVSAQAAYBtizhxz59J+8l+/T/aLjMt+oS1OKgAAAGzTlnzuHHPoEn3yv2f2S3wys8TJBAAAgB1aks+hYy5dcqmue0tVde192S/Q50QCAADADvXlc+iYS5fW0/+6/bMf/j8ya51EAAAAGJS1+Vw65tSls+1fzfHZD93g5AEAAMCQNORz6tKY/Ncdmv3Al1VZ+A8AAACGakv/nDqbWxf/t/+1n85+2HVOGgAAAOySdfncuri//X/+wOyHfMzJAgAAgN0Qc+uYYxfx0/+vZD9ol5MFAAAAu6Urn2MXZcbWH539gLVOEgAAAAyL56tOqTuiyCb/tXtXjampzn64jU4QAAAADItsjl1zSj7nLqJt//4i+8GanBwAAAAYVk35nLtItv07OPuBxme6nRgAAAAYVt39c+5s7j36C//VfDD7YWY4KQAAAFAQM/K59yg//T8w+0HGZnqdEAAAACiI3v65d92Bo7nt33FV1TXLnQwAAAAooJh7xxx89N4AqL3IiQAAAIARcdFovf5/TPaXr3UCAAAAYESszefio/D6/xnZX77VCQAAAIARkc3Ba/57ZCf/Y+uPzv7iqQ4+AAAAjKjGfE4+Ijnl+T2rqmu/n/2l6xx4AAAAGFHr8jl5zM0L/+p/zVHZX/i4gw4AAACj4vF8bl7Yp/+N8fT/pOwvs/UfAAAAjI7l+dw85ugF3Pbv8My1mS0OOAAAAIyKLQNz88ML+fr/Cdlf0OpgAwAAwKhqzefohVn5v/bg7C84u8rWfwAAADDaYm5+VjZXP6gAT/9rj8n+8NkOMgAAABSFpqrquqML8f3/lx1cAAAAKCpfLsT3/084sAAAAFBEqmsfHObt/+qOyv7gTgcXAAAAisrGfM4+PJP/xj2qqmtPq7L4HwAAABSbrfmcPebuu//q/6Qjsj+syUEFAACAovwMoCmfuw/D6v9fyP7AVQ4qAAAAFKVV+dx9N1//3yf7gy7J9DigAAAAUJR68rl7zOF3feu/undkf8gzDiYAAAAUtWfyOfyuL/5X8+XsD1nqQAIAAEBRW5rN4b+0q4v/HZj9ARMdRAAAACgJZ1aNrd13Vxb/Oy77Hz/pAAIAAEBJeDizC58BjKn9ZGadAwgAAAAlYXlVde3Hhjb5H1t7QPY//H8OHgAAAJSMLZmf53P6wb/+X3N41ZiaBx08AAAAKCkP5HP6IRQA3u31fwAAACjJzwCOG8r3/19x0AAAAKAkfWUoOwBc54ABAABACYo5/RAKAEscNAAAACjJAsCSwU3+T6k7rqp/5UAHDQAAAErPlnxuP4in/z9xsAAAAKCk3wL4yWAWALzHwQIAAICSds/OXv8/LPuXpjlQAAAAUNKm5XP87T/9r/tg9i+1OlAAAABQ0lrzOf4Ovv//bvYvrXOgAAAAoKSty+f42379v3HP7P95QfYvdTtQAAAAUNK68zl+zPW38fr/67J/4WEHCQAAAMrCg1VjJh26rdX/359pcIAAAACgLEyqGlN3/Da+/6/5fPb/bHGAAAAAoCy05HP9bbwB8M1MmwMEAAAAZaEtn+v/3gKAe2T/sNrBAQAAgLJSnc/5X3z6P+nA7B9OdGAAAACgrEzM5/wv2QHgyOwf3ubAAAAAQFm5LZ/zv7gAYO2x2T981IEBAACAsvJoPud/yQKAf5lpdmAAAACgrDTnc/6XvAHwyewfrHFgAAAAoKysyef8/TsAPL9n9g/+xUEBAACAsvQv+dy/akzdftn/8WMHBAAAAMrSj/O5f9WYmtdm/8clDggAAACUpWuqqmsPq6qqrjk8+z8edEAAAACgLD2Yz/2z/3J0Zq4DAgAAAGVpbj73r6queWf2XzocEAAAAChLHfncv6q69qMOBgAAAJSzuj+NXQC+6kAAAABAWRcA/qmqamzd1x0IAAAAKGMx91cAAAAAgEooAIyp+78OBgAAAJT1JwD/N7YBHO9AAAAAQFkbH7sAXORAAAAAQBmLub8CAAAAAFRGAeAKBwMAAADKugBwTawB8KiDAQAAAGXtmSgA1DkQAAAAUNbqFAAAAACgQgoA9Q4EAAAAlLXJsQjgIgcCAAAAylh17aYqBwIAAAAqgIMAAAAACgAAAACAAgAAAACgAAAAAAAoAAAAAAAKAAAAAIACAAAAAKAAAAAAACgAAAAAgAIAAAAAoAAAAAAAKAAAAAAACgAAAACAAgAAAACgAAAAAAAoAAAAAAAKAAAAAKAAAAAAACgAAAAAAAoAAAAAgAIAAAAAoAAAAAAAKAAAAAAACgAAAACAAgAAAAAoADgIAAAAoAAAAAAAKAAAAAAACgAAAACAAgAAAACgAAAAAAAoAAAAAAAKAAAAAIACAAAAACgAAAAAAAoAAAAAgAIAAAAAoAAAAAAAKAAAAAAACgAAAACAAgAAAACgAAAAAAAKAAAAAIACAAAAAKAAAAAAACgAAAAAAAoAAAAAgAIAAAAAoAAAAAAAKAAAAACAAoCDAAAAAAoAAAAAgAIAAAAAoAAAAAAAKAAAAAAACgAAAACAAgAAAACgAAAAAAAoAAAAAIACAAAAAKAAAAAAACgAAAAAAAoAAAAAgAIAAAAAoAAAAAAAKAAAAAAACgAAAACgAAAAAAAoAAAAAAAKAAAAAIACAAAAAKAAAAAAACgAAAAAAAoAAAAAgAIAAAAAKAA4CAAAAKAAAAAAACgAAAAAAAoAAAAAgAIAAAAAoAAAAAAAKAAAAAAACgAAAACAAgAAAAAoAAAAAAAKAAAAAIACAAAAAKAAAAAAACgAAAAAAAoAAAAAgAIAAAAAoAAAAAAACgAAAACAAgAAAACgAAAAAAAoAAAAAAAKAAAAAIACAAAAAKAAAAAAACgAAAAAgAIAAAAAoAAAAAAAKAAAAAAACgAAAACAAgAAAACgAAAAAAAoAAAAAAAKAAAAAIACAAAAACgAAAAAAAoAAAAAgAIAAAAAoAAAAAAAKAAAAAAACgAAAACAAgAAAACgAAAAAAAKAAAAAIACAAAAAKAAAAAAACgAAAAAAAoAAAAAgAIAAAAAoAAAAAAAKAAAAACAAgAAAACgAAAAAAAoAAAAAAAKAAAAAIACAAAAAKAAAAAAACgAAAAAAAoAAAAAgAIAAAAAKAAAAAAACgAAAACAAgAAAACgAAAAAAAoAAAAAAAKAAAAAIACAAAAAKAAAAAAAAoAAAAAgAIAAAAAoAAAAAAAKAAAAAAACgAAAACAAgAAAACgAAAAAAAoAAAAAIACAAAAAKAAAAAAACgAAAAAAAoAAAAAgAIAAAAAoAAAAAAAKAAAAAAACgAAAACAAgAAAAAoAAAAAAAKAAAAAIACAAAAAKAAAAAAACgAAAAAAAoAAAAAgAIAAAAAoAAAAAAACgAAAACAAgAAAACgAAAAAAAoAAAAAAAKAAAAAIACAAAAAKAAAAAAACgAAAAAgAIAAAAAoAAAAAAAKAAAAAAACgAAAACAAgAAAACgAAAAAAAoAAAAAAAKAAAAAIACAACUrL3G1qV9T6/PvfqM+nTwmZPSazKHnjU5vf6cht0Sf0b8WfFnxp/9wt8Tf6djDwAKAADAMNr3tLp0yPjJ6U3nNaa3Xzgl/cll09KHrp6RPn7jrPR3N81OX75rfjr50dbc2c8vT9dNaUs3TVudHmluT1NWbtot8WfEnxV/ZvzZL/w98XfG3x0/Q/ws8TPFzxY/Y/ys8TM7dwCgAAAAbMN+p9fnE+g/vWJ6+vQtc9I/Z5PsHz3Skv77qSXp/LoV6Zcz16ZHF6xPTSs2paUd3am7b2sa7cTPED9L/Ezxs8XPGD9r/Mzxs8fvEL9L/E7xu8Xv6FwDgAIAAFTQU/36dMwFTenjN85O//uBhenUZ5amG6a2pQfmrUs1Szak5nVdqW1Tbyr1xO8Qv0v8TvG7xe8Yv2v8zvG7xzGIY6FNAIACAACUzWv877hoSvraPc3pysZV6amWjjRt1ea0sL0rrd7cmzb3bkmVkvhd43eO3z2OQRyLOCZxbOIY+XwAABQAAKCo7TG2/zX+Q8ZPSodPaEgnXD8znfLUknT/3HX5a/Ibu7ekzmzy27d1a9qa5IXEsYhjEscmjlEcqzhmceziGMaxjGMaxzaOsbYGAAoAADDi9jm1Lr3u7Mnpjy6Zmj5x4+z0X08sTnfPXptNYnvSFrP83U4cwziWcUzj2MYxjmMdxzyOvTYIAAoAAFC4J/2ZYy6Ykj5185z0b79uSVc0rErPLd6Q1nf1mbEXOHGM41jHMY9jH+cgzsUe2iUAKAAAwHB5w7mN6fO3z823w3ukeX2av7aror7dL8a1BOIcxLmIcxLnJs6RtgoACgAAMGQHjatPX7hzXrq8YVWqXboxLSmS7ffkldsRxrmJcxTbEP7jL+fl504bBgAFAADYpv1Pr09HTGjI966/vGFlWrGxp3/hPh/0l0x6s3MVbwfEuYtzGOcyzmmcW20cABQAAKhgsZjcmyc2pg9fOzONeXppaly+KfV4yl82iXMZ5zTObZzjONcWEARAAQAAKsjBZ07KJ4SxmNxds9bmT4ylvBPnOM51nPM499EGXAsAKAAAQBlP/L981/x0bVNbalqxyUJ+FbqAYJz7aAPRFhQCAFAAAIAycthZk9PX721OD89vT8s29KS+rV7zr/REG4i28NiC9elHj7SkN55nFwEAFAAAoOTE3vAHnFGfjjy3MZ3y1JK0qL0rX9DPvF9+P9Emuvq2ppasjVw0aWV618VT0kFnTkp7jbVWAAAKAABQtGLSdviEhnTCdTPT+OeWpVWbes1wZUiJQtH1U9rSP9w+N180cG+LBgKgAAAAxeXo85vSSfc2p+untqXlGyzqJ7uXdZ296e7Za9M37mtOR/o8AAAFAAAYfW/JJv4//HVLemDeutTmib8Mc6JNRSHguw8uzNuaaw4ABQAAGGHxnfZ3HliYfrt4Q1rX2Zd83i+FXCdgzebevK394OFF6ZDxdg4AQAEAAAr+jf9rssnXZ26bm57LJmP5wn7mpzJShYBMV9bm5q3pTN+6f0E69KzJ1ggAQAEAAIbTnmNr0+vPaUgn3jon/WruutTTZ9ovo5vYRvD5xRvSF+6cZ7FAABQAAGA4xHZ+n799brqqcZXF/aRoFwv8wh3z8rdTXLMAKAAAwBDtc1pd+tA1M9LE2hX5Hu0ixZxoo9c0teVtNtquaxgABQAAGITY0m9CzfI0s21z6va6v5TKZwFbtuZtNtru0XYMAEABAAC2bY+xtfnq6l+9e35qWrEp9Wwx8ZfSTLTdRe1d6XsPLcoXCoy27RoHQAEAADIHjpuU/vzqGenm6avNHqWscu+ctekj185MB59pfQAAFAAAqGB7nVqX3nXx1PSzJxbnr0576C/llmjSC9u70ilPLUnvvnRq2sduAQAoAABQaWIi9PV7m9MTC9enjd1bzBSlrBNt/OmWjvTN+xakg8bV6wMAUAAAoDK87cIp6bopbWnFRtv6SWUl2vyNU1fn14C+AAAFAADK0guL/J10b3Oa1bY5XzFdpBITbT+ugbgW4pqwSCAACgAAlI09swnOey6bli6qX5HaO/vMAEWyxLUQ18T7Lp+WXyP6CgAUAAAo7W/9T6tL/3Db3PTkog4zPpFt5PklG9IX75iXDjjD2gAAKAAAUKKOPLcx/fTxxWnBui6zPJEdZGlHdxr79NL0dmsDAKAAAEAp2WtsXTr+imnp1umr0/our/yLDCYburekB+e3pw9fOzO/hvQlACgAAFDUDj5zUr7VWUt7V+q10J/I0BYI3Lo1rdrUm751f2wXOEmfAoACAADFudBfvL58ZeMqsziRYcjE2hXpqImNFggEQAEAgOKx3+n16YTrZqZHmts99RcZpvT0bU13zlqTX1txjelrAFAAAGBU7Z9NTL545/xUv2xjPmERkeEtAsS19bV7mtOr7RIAgAIAAKPlVafVpR8+0pJa13cnD/5FCpO4tpZ0dKfTnlnqTQAAFAAAGFl7DCz2d2H9irS5d4sZmsgIpKtva3pofns6fEJD2tMuAQAoAABQaPucWpfee9m09MDcdanPY3+REU1cc48uWJ8+cu3M/FrUJwGgAABAQRxwRn068ZY56dnWDV75FxnFTwKeW7whffa2ufk1qW8CQAEAgGH/3v/7Dy9KM9o253uVi8joZvbqzvTt+xfm16Y+CgAFAACGzcmPtqRVm3rMukSKKMs39KT/yK5NfRQACgAA7PZif4eeNTmd+szStL6rz2xLpAjT0d2XJtQsz6/VPfRbACgAALArk/83ndeYLpu8Mm3usdK/SDEnrtG4VuOaVQQAQAEAgCFN/t+YTSQurl+ZNnSb/IuUQuJavapxVfqjS6amPcfqxwBQAABgEN56QVO6bkqbyb9IiaV3y9b0wLz29LYLp+jLAFAAAGDHjjy3MT2YTSC6+6z0L1KK6duyNb+G41rWpwGgAADAK8Qrw2+/cEo+cYiniCJS2m8CxLUc17TPAQBQAADgd2If8Q9fOzM9tmB9/vRQRMrjTYC4puPajmtcXweAAgCAJ//pA1fNSDVLNpoxiZRh4tqOa9ybAAAoAABUuFgs7KH57WZJImWcuMYtDAiAAgCABf+89i9SAZ8DWBgQAAUAgAq0x5j+rf4s+CdSOXlhYcC49vfQDwIoAABQGZP/N57XmK6b0marP5EKS1zzce1HH6AIAKAAAECZT/7flA38L65fmTZ0bzEbEqnAxLUffcCbFAEAFAAAKF+HnjU5XTbZ5F9EEWBL3hdEn6BvBFAAAKAMnfrM0rS5x+RfRFLeF/zXE636RgAFAADKyatOq0snP9qS1nf1mfWIyO+yrrMv7xuij9BXAigAAFDiDjijPv3rw4vSqk09Zjsi8opE3xB9RPQV+kwABQBgFOxzal16w7mNL/Oui6emP7ty+sscf8X09M6Lprzs33v9OQ1p71M9zaG/HZ14y5w0o22zWY6IbDfRR0RfsY97B5kYQ8RY4qVjixhrxJjjpWOQ+GdHvuTf+YOzJ2tDoAAAbG9iFtswffjamenEW+ekb97XnL7/8KJ0ylNL0sTaFemSSSvTnbPWvszjC9enmqUbXub5JRvSowvWv+zfu33Gmvx/f37dit/53kOL0lfunp9OuH5m+qNLpqaDz5zkPJS5WN37vZdNS8+2bkh9W233JyLbT/QR0VdEn2FngPIXY4AYC8SYIMYGMUZ46ZghxhAxlnjp2CLGGjHmeOkYJP7ZXbNf/Hdumb76ZeOPM3+7LP3okZb0hTvmpY9ePyu99YIp6aBxxh+gAABl7rCzJqfjshvtl+6cny+4dHXTqvSbRetT7dKNafbqzrSwvSut3NiT1nb2ps7eLakQU7X4s5dt6Elz1nSmphWb0jOtHemBeevSmc8tS//265b0mdvm5pV9r4CW1wDvgbnr0hZzfxEZRKKviD5Dgbi8PgGLe3vc4+NeH/f8uPfHGCDGAjEmiLFBjBEKkd6sUbV39aUlHd1pbvZ3TVq2MT3d0pHumLkmf9gRP9MXs7FRjJEOsyMFKABAKdlzbG3a9/T6vLL92vGT80r36c8uTU8u6kiL13en1Zt7U0d3Xz7B7y2SGVn8FF19W9Omni354nBrsp+xNftZo4r/g+ym/KFrZqbXnT05vTobQOxzWl3aY6zzXEqL/l1YvyL1mf2LyFDeBMj6jOg7LApYQm97ZffmuEfHvTru2X913cz048da83t53NPj3h73+LjXxz2/GO4KcWvqHhh/xNgoxkgxVnpofnv66ROL0/uvmp4OGT8p/52iLXorBRQAoGgmWUdMaEh/fOnU9Pnb56bxzy3Lq+oby2iP9bZNvemu2WvSydlg4uM3zk7vuXRaetN5jd4UKGL7n16fv3K5udd2f5WWGFDH07YXrBkYVLe0v2hWW2eaunJTLv77S/9/iwcmCy/9M+LPlMpK9B3Rh0Rfok8t3if7cS+Oe3Lcm+MeHffquGeXy9so8dbAvXPWpl88uSR9IvsdY6z1hnMb0n7aJSgAwEjaN5v0//ElU/PFkv790ZZ047TVFbPAWuwZPWd1Z7onuyH/vycXp8/cOicdfX6TBQeLSAyM4nXKeOoj5Zt4k2j5hp40JT7naelId89em65uakvjBr63fUF81/u52+bm/dUL4nXgd1w0JRf//aX/v/h343/z0j8j/sz4s+PviL8r/s74uzsVmMo60YdEX2KyVVwL88U9N+69cQ+Oe3Hck+PeXAmJsdYt09eknzy+OO+vog/zZiIoAEDBRKU9FrGJRW2eXLQ+HxxV8uvVL1Tn75+7Lp36zNL0yZvnpEPG+35vtD9DOeG6mal+2Ubf/ZdR4on8b1s3pHuyCfi5NcvTz55YnL71qwXpn345L33kmpn5E8DDJzTkxclCFj7j74i/K/7O+LvjZ4ifJX6m+NniZ4yfVcqnj4++JPqUPU2yRlXcW+MeG/fauOfGvbeS+/gYe8UY7JHm9nTq00vTp26Zkw472/gDFABgmCZUn7hpdjrruWX56shx07Wa+rafRi5Y15WeWLg+jcluxv/jqhmeGo2Ct184JR8Q9Xhlu6QTZ69u6YZ0VeOq9O37F+Tf877r4inpqIlN6TXjJxXVt9nxs8TPFD9b/Izxs8bPHD97/A5aYmkn+pJfZRPOt17QpI8dhbe54l4a99S4t8Y91ls3r0ysaRDHJu59//3kkvS+K6Z5KwAUAGBoC+nsf0Z9evtFU9IPH2nJJv0daV1nX9EsmlMKE5cYoMRTwDh2P/j1ovzNiRjIeIJU+BX/r2xYVTQLTMrgnrDGt9axONe8NZ35pPmke5vzV3wPPWtyOnBcfUnupx0/c/zs8TvE7xK/U/xu8TvG7xp9hGZaQkWA7GTFm2+2biv8A4e4V8Y9Mz69mbxsU34vLdTOQGU3/tj68vFHjOFiLBdjOgUBUACAV9gruzkcmd10YyGd+Ka/UNvhVGI29mxJVzSsTH930+z0xuwY72W9gAK037r0zfsWaGwlMkht7+zLv2WNFbq/nk2Oj714asW01fhdv/vAwvx3n7W6vyDgparSSBRyoq/R5w7/d/1vntiY3yPjXrmxx1P+4UqM5WJM98L4Yx87W4ACAMSTqmMvnpJNnprTHbPW5ANzKUyiKh+D/vhuOCYBFg4cPsdfMS21tHdpZEWceNI/M5v035QNRuPp3nsvm1bR26zF7x4LEJ78aGt+TOLY2LWiuBOLzUVfo88dvol/3Au/ff/C/DML62cULp29W9Nds9em7zywML0n63vtYoQCgINAhb5qF4PP+F7ssQXr04ZuE/8ReyOge0t6pHl9vnhYnAN7Te+eI89tTLdOX+3V/yJMLFTVvLYr3Ti1Lf3rw4vSX18/K73WQpmvEMckjk0cozhWccz6tOeiS/Qx0ddEn6Pd7n7xK+6BcS8sp22Diz0x1oudTGIxxTgHPk1EAQAqxPsun5Yun7wyTVu12at2o5StAzfiaSs3p4m1y9O7Lp6a9tA2h/4GSzaQ/Onji/PXqKW48tSijvSdBxemP7tyejpiQoM3Xgb5RDSOVRyzOHZxDKW4En1N9Dlepd6FNYYyca+Le17c++IeqMw1Sg8isrFfjAHHPrM0HW2BSxQAoHwnSrGK8SlPLcmfLvV4ulQ06e7bmto29abTn12a/vCchpJc9Gy03mL5h9vm5qsfS3E8HY3vTe+dvTZ97IZZ6bCzJpsk7WafHccwjmUc0zi23nIpjkSfE32Pp6eD/9TwLec3pXG/XZrf67rt0lI0iUUD567pzMeGMUb0RiIKAFAmg8i3XdiU/vPx1rTIN9JFnRjbz17dmX8fHU9JFAJ2vFtFfMf4pCeko55YN2T6qs3p3Jrl+Xf92mdhxLGNYxzH2loto5/oe6IPsrr6jif+cS+Le1rc29SvijsxRqx+ekk67pKpircoAECpPh2Nam4srvObhevd2Uoo8XbGs60b8sV67D29bYeMn5Quql+hsYxi4lXo2Jv7x4+1pneb+I+YONZxzOPY+/RldBN9UPRF2uUrxb0r7mFxL/PGYWmlccWmfOwY59BbLigAQIl4TTYgiS3R7p2z1gCxhBMLI8U5/Ordzemwsy2c9lKxdZynoKP3psqjC9an7z20yG4Wo7x6epyDOBfmV6P39kv0Rdrki+JeFfesuHdZ3K+0C7xxDr92T3M66ExFLhQAoKi9/cIp6eZpq9OKjT0GhWUy2Vq2oSdd1bgqvfvSqarxmbdlbXxW22aNYxSycF1X+sWTS/Jz4BXRYvnEa0p+ThZaC2NUEn1RnANvHdbm96i4V8U9y/ijPMYfSzt60l2z1vq8CwUAKMYb7/5n1Kev3D0/NWeDQAtFlV9i0aRYqOeke5vz/XsrdceA+Kb0uilttkgbwUR/EouejXl6SXrHRVPSfqfbP7rYxDmJcxPnaIF7wIgm+qLokyp1zZa4F716XH1+b4p7lAX+yrCNb92arw8Qn3S8dvwkDyJQAIDRFpPBj1w7M909e23q6vW6XSXklumr823C4txXUlvfKxtgfyMbZK7Y0KMRjFCWdHSnC+tXpKPOtxZFqYhzdcmklfm5k5HJ8qxP+pd7mvM+qtLGH3Evum/OOo2gAhJjzBhrnnDdrPTqMxSCUQCAUfGGcxvTyY+2phmrvA5dSdk6sFvAD37dkt50XmPFrEIdq0k/YUHLEUlHV196pLk9feGOefraknwjoC59MTt3cQ47rANT8MQLFw9nxzr6qErZhSXuPXEPinvRVg/9Kyrz1nSmn/9mcT4G1d+iAAAj+Br0h6+ZmW6cttoiOxWc2Bf89hlr8mp8uRcBDhw3Kf3sicXae4ETr443rdiUrzJ/jBWgS/7TsDiHcS5ntG32TXaBE31T9FHRV5V7u/rbm2bn9564B0llJj71uCkbg37o6hn6WxQAoNAOPnNS+tb9C9LkZRt9By35t3nxBCZW6i3np01/ng0yZlr4r7BtKetPLp+8Mr3/qsr7vKTcX9OO6yfOrXtGYRN9VBzrci7IxqcO89Z05fcecc+YlI1F/9d9C/Kxqf4WBQAogCMmNKQznl2WVm/u9cqdvCzRJs5+bnm+J3W5DT7jd4p1D8xdCldEalnflS/iddC4SRXzSUlFLdSWndM4t3GO41ybvBUm0UdFXxV9Vrm1n/id4h4T9xqRFxJdSbSJWHfkqIlN7h8oAMCwLX6WdajvuXRavt+zyPYSr2//au66/AnUq8poi7av3j3fyS3EwC31f0YS24baYrJyPgt43+XT0p2z+l/fVgYoTKLPKpc2E/eSuKfEvcXuErKj/HZxR/rwNTNsEYsCAAzHK/+fv31uali+0d1FBpWG5ZvSP981P18IrNTb/1vPb8q/SZfhf2oza/Xm/Pvw15/ToK+tMHHO49xHG/AywPAn+qy3lsHOGXEPiXtJ3FNEBpNZbZ3py1mb8UkACgCwi153dkP6z2yQ1rq+25MaGVIWZ23mp4+3psPOmly6i12eVpcm1CxPPZ46DXuebe1In7hxdtr/dN/6V6o499EGoi3I8Cb6rOi7SvlJaNw74h4S9xKRQReXMzFmjbFrjGH1tSgAwJC2+GtIl01emdo2+d5Odi3rOvvSxNoV+doRpXgNxOrCsyz8N6yJlZtj9e7jr5iunyUXbSHaRLQNGc4noZtLdoX0uGfEvSPuISK7khi7xhg2xrL6WRQAYBCL7Rw1sTE9vnC9AZnsdjp7t6TbssF97E9dSt94x8rlMQB1DQzfU5kVG3tS9VNL0pHnNlqoiZfdc6JNRNuINuKKG75iW/Rh+5fQjhpxj4h7Rdwz4t4hsrvXQIxlY0zrnoMCAOxgsZ2/uGZmmrzM93YyvIlvUj96/aySuAnHIPTzt89LLe1ePR2Wyf/W/vMf3/K+yuJM7OD+E20k2op1AYYn89d2pb+/dU5JFF/j3hD3CGuuyHAnxrQxtnX/QQEAfs++p9fnA4XpqyzKJIUtAux9anHfhGOBsqsaVzlhw5BYtfvXze3pL6+dqZ9lUKKtRJux4vvwJPqyYl9oM+4Jn7hptsm/FKwIHWPbGOPua90ZFADgxScv0THGSrvGXFLoIsCX75yf9inSIsBeY+vSidm1sHxDj5O1m4mFyG6evjode/FU/SxDEm0m2o4FOHc/0ZfFYovF+hZA3AvinjDTeitSwERXEmPcGOt6EwAFACpeVN6/eMe8NG3lZpN/GZGb8OzVnelL2YCvGN8EeM34Sfl+07L7T/5jAvfOi6aU1NoPFM9nONF2og15E2D3c/fstek1RbgtWtwD4l4Q9wSnWUZi/BFj3c/cNjcv9utrUQCgYif/X7u7OV9p12v/MpI34ea1Xemf7phXdJX4GBj0WPhvt9LR3ZfOr1uRjjyv0eSf3SoCRBuKthRtSnbjbZysT4u+rdjePIx7QNwLTP5lpBJj3bWdvfnYt9g/R0QBAApy8/36vQtSR5eBlYxOVmzoSV+5e37R7FV90JmT0nOLNzgxuzn5P+2ZpWm/0w2sGB7RlqJNKQLsXqJve3WR7AgQfX70/St8aiWjda/Kxr4xBvY5AAoAVNSCfyda8E+KpAjwqZtnF8V18Z0HFtp6ajeytKM7jX9umck/BSkCRNuKNia7lujbYsJTDOfzs7fNMfmXUX8TIMbAJ1oYEAUAKuW1/7+9abYF/6RoMmnZxlFfJf4t5zel3y7eYA/yXUzr+u70/YcWpYOL8DtjykO0rWhj0dZkFyY8mejjoq8b7V0epq602r+Mfl5YGDDGxD4HQAGAsrVH5t2XTk1Pt3SY/EvRpC9rjM+0doxqEeCHv27J18KQXXvyHxOzg8aZ/FPgz3SyNvajR1rSyo2eHu9Koo+Lvm40J//R1/cZgEgRFQFiTBxj4z30sSgAUI7ePLEx1S7Z6OYrRVkEiJWq33HRlBG/CR99flN6cN46T/93IfFddrya7ck/I7lTx1lZm7MmwK69BRB93dEj/BZA9OnRt0cfb/whxTj+iLFxjJH1sSgAUFaOmNCQ7p9nezMp7tw7Z92IFgFiK6CT7m1ObZt6HfxdmPxb8I/RWhNg3G+XpS47dgw50dd97Z7mEduhI/ryd108Ne/bRYo5MUaOsbI+FgUAysJbL2hK1zatSt0GS1ICuaqxLb3unMkjVhi7fmqbgz7ExN7ssT2byT+j+SbAbTPW5G1RhtrHrkqvP2dkJjrx99w0bbWDLkWfGCNfnV0bR3kTAAUASt3rzm5I59YsTxu8LikldBOekLXZw86aXPAnUydcNzMttxr1kNKTTbhunr4636NdH8toF7ejLfYoAgwp0edF31foN62iD4++3MMHKZXE9oDxiVGMnfWxKABQmgsmnTkp/fixVq83S8llfXYT/u8nlxR0j94DzqjPb/QytCf/MeF650VTRuwVYtieaIN/cvm09MTC9S7OISb6vugDC3Vuou+OPjz6cpFSSoyZY+x8kLVtUACg9AZGdemzt81Nq0z+pUTT0t6d/vmu+QWbaB55bqPrYwiJfZN/3dyejr14qsk/RWOvU+vSB6+akZ5t3ZC3URlcou+LPrBQhZnou6MPFynV6yPG0DGW1s+iAEDJOPbiKfZLlpLPpGUb00eunVmQCWf1U0sd4MFO/jNNKzaN6laNsLMt5iZn/YUiwODziyeXFGTyH3129N0ipZwYQ8dYWv+KAgAlIRbdie12RMohN05dnd44zN+bx7epi9q7HNxBZsXGnvyJnv6VYvb52+fmbVUGl9mrO4d9rZU3ZX31rdMt+iflkbtnrU2HnjVZ/4oCAMVtn1Pr0v/7zZK0uXeLnlvKIvEN6c9/szhv28N1nXz93ubU6RoZVGIBr+qnCrseAwzXd+fRVi06N7hEHxh94fCOPxanzT36VimPRFv+z8eHd/wBCgAMu3+4bW5qXufJppRXVm7sSR+7YfawXCMHnzkpPTy/3avCg8ztM9YU7FthKMTaHtFmZeeJPjD6woOHabGz6KNXegNDyiwxpo6xtf4VBQCKTmzn877Lp6XfLFqf7Igk5Zi6pRvTEcMwEY1X2ZfZ+m9Qk4NnWzvS8VdMT3tY9I9SuRdmbfVDV89I01dtTm6FO0/0hcPxec8xFzSlet/9SxkmxtQxto4xtj4WBQCKyhvObUjXTWnTU0vZJragi/UAXjt+0m49/b+2qS31efy/48l/ZtbqzekTN87Wv1Jy9j61Lp/ULu2wEO7OEn1h9Im78xZA9MnRN/d6+iBlnMsmr0x/eE6DPhYFAIrku//T6tIPH2lJG7rttyvlndif9z+ytn7guF3bv/rD185MU1ZsciB3krWd/fsg7396vT6WkhR7eJ/+7FL3xUEk+sQP7+IOH9EXR5/cZktVKfNEXxJj7X2sh4MCAMXgr6+flRbb8k8qJLPaOtPHb5w95K0BYxGff/t1iwUyB/FE8M5Za/LdRPSvlLKjJjalh+av81ncThJ9YvSNQ13oLN60+NQtc/I+WaQSEmPtGHPrX1EAYFTtd3p9emzBer2yVExiMH/bjDX5Zy9DuVbePLEx3TXL9pg7S8v6Lt86Ujb+7Mrpnk4PIrdOH/pin/Hv3zFzjQKLVFRizL2ft+NQAGA0Fzv63kOLvOIoFZeu3i3pW/cvTHsN4YlVvOJqj/Adpy8byZ90b/OQ366AYhVt+Rv3Lcjbtmw/yzf0pA9fM/jPAKLvjT64yxtVUmHp6OpL37yv2eK4KAAwOv740qm+Z5bKfVLd3p3eeN7gnljFt+xjn17qoO0gsYDX5ZNXpoPGTdK/Ul7rAWRtOtq2GsCOE33kYNf9iL43+mCRSkyMvWMMrn9FAYAR9ZozJ6Xxzy1Lm3pU36VyM/655fl3qDu7Xo6Y0JAalyuW7ShN2YDm/VfZ8o8y3Rrwmhlpzmrfqu8o0UdGXzmYb/+j7xWp1MTYO8bgrzlTwRwFAEbwlca/u2l2mm0wIxWepR096SODWL36xFvmpJ4+j/+2l3ilMVb9P+AM3zVSng4cNyn94skliuY7SPSR0Vfu7FhGnxt9r0glJ8bgMRb3yRwKAIyI2If0yoZV9tyVik9cAzdPW50P7nd0zVyeXS+y/TzS3J6OuaBJ/0pZe+9l09JvF29wwe8g0Vfu6BgedtbkfBFW4w8x/tiaj8X/0I45KABQaHuNrUv/85fzPMUQGUgs7PeNHSzIE9//Wvxv+1nS0Z2+cMc8TzEoe/Hq+v95YKFdAXbSn25vHZDoY7953wL9qchAYiz++V/G/bNOH4sCAIXzhnMbvfov8nt5YuH69EeXbHtBni/eOT91Wql6u08wLqxfoW+lctbPGT8p3w7UA+xtZ3PWV/5jNqF5xeR/YOHh6GtF5MUMdu0MUABgl/30icV6W5HfH7T2bEk/eXzb37DHK622ANt2FqzrSked79V/KstfXjvTWwA7KApeULdim29S/eLJxXlfKyIvT4zN9a0oAFCgbf+m2XZHZDuZuWpz+pPLp73ijZm6pRsdnO1kzNNL9K1UpAk1VrHfXqLPjL7zpU//P3DVjLyPFZFXZlF7V3rHRVP0rSgAMPzOeX556raSucg207d1a6p+akna57QXv8X7n7fPy79xl1dm4ToDFipXtP24BuSViT4z+s4XjlX0qac9szTvY0XklYmx+Zm/XaZvRQGA4fWnl09PU1bYx1xkR1m+oSe94dyG3z21OlvRbJuJLyL+49GWtO9pFi6iMsWk9rsPLrIWwHYmM9F37jFwrI7M+tToW0Vk+4kxeozV9a8oADBsA5UxTy+18r/IIPLvj7Tm180xF05Jjy6wYNW2EsflbRd6+k9le3t2DTyuj9huH3HMQB/xiyeXOCAiO0mM0WOsvo/COgoADId3XzotPd3SoXcVGURmtm1OR0xoTJ+6eU5qXusV39/P+q6+9L2HFhmkUPH2O70+/fix1nzle3l5ou+MPjT60uhTRWTnibF6jNn1rygAsNv7Fn/7/oWpo7tPz1oEiU8g13b25qunb8tGb2mMejZk18oPHm5J//brFgP7bSS28Tr24qn6V8i8/6rpqX6ZhUJ/P9F3Rh968qOt7mtFkDgH2xt3vCCKuzK6ibF6jNlj7K5/RQGAXfbm8xrTPbPX6lVHOK3ru9NtM9bki8r91xOL0//61YL02dvmphNvmZM+dsOs9KGrZ2zT3940O/39rXPSDx9pyReEuWPmmlSzZEPqMhEdscQ3vc9nx/yX2bGXl6e9sy9/4mlwAi++BXBh/YrUYzGAV+SXM9em+qUbrZMwgomxQowZYuwQY4gYS8SYIsYW2xt3vODjN85O//jLeelfH25J59WuSDdOXZ1mrd6cuqyDM6KJMXuM3fWvKACwS/YcW5c+f/u81GnyWMDJ4tbUk90c46l+dNo/fXxx+uj1s9JRE5vSoWdNzveV3z8bIA51whSLqx04blI6LPszDp/QkN56flP6xn0L0rVNbXmlPv5OKyoXLvEtXtsmi1b9fqav2pzefZnXE+Gl/uaGWT4X2kbaNvVae6iA6RsYf8SYIMYGMUaIsUKMGWLsEGOIoS7UusfY/vHHQdn/9rXjJ6cjz21M78n6/G/dvyDdMLUt/5wjFnlU1ClcYsweY/cYw+tfUQBgyA4+c1K629P/YU/Mu9u7+tKUlZvyrRU/fO3MET2vr8puzh+8akYa+/TSNC2bkK3c2OPpkxQ8vVkbO7dmub4VtuHqxlWpTz8sBU7c6+OeH/f+GAPEWOBVI7wey/FXTE8X1a9MDcs35bs79Gr3w54Yu8cYXt+KAgBD9pFsYtrZq2Mezizr6En3zVmXfvRISzrmgqa01yi/Cv0HZ09OX727OV3T1JbmrO50I5aCJd5yea+n/7DdtwDafUMtBSzAxj0+7vVxz497/2i3+XjTID4ZuG5KW5q3xvhjeN8C2JqP4fWtKAAwZNdnnbLsfuI1u3i988qGVemf75qfjpjQUHTn+jXjJ6VP3DQ7nVu7Is1f2+mkybDn3tlr9auwgzezHp7frqOQYU/c0+PeHvf4uNcXW9uPTw0+ffOcNKFmeZq9utPnicOUGMPrW1EAYEjedfHUtLTDN8y7m1iR9dJJK9NfXTczr7jH93HFfN4PGT85/1ljUap1nb1OoAxbYvFKfSts3+dun6ujkGFLvOp/Xu3y/J4e9/Zibvt75OOPSflT64nZz+xtmN1PjOHfZccdFAAYih/GFmYW39nlxJtsi9q70om3zkmvOXNS0U/8f38Rn/h2LHYdqFmyMV8kSGR38tSijnxRKX0rbN/rzp6c7+MtsjuJe3bcuz+TjT8OKtHxRyyGHLsReBtg1xNj+BjL61tRAGBQYvX55xZv0HvuQmIRp1jU5sK6FenIcxtKvi3EDgTff2hRvi2hz/NkV6+J7zy4MO1zmhWJYWe7t8T6MBYDlF198BD36rhnx7271K+H2EngZ08sTvPXdrkmdiFRO3l8wfp8TK9/RQGAnfq7m2bn28LIEKutvVvSg/Pa0z/dMS+/cZVTm4j9fR9fuD7/HUWGklj/4s+unK5vhUGIa8WWgLIr44+4R8e9upyuh1go+WM3zkqPNLfbknoXEmP5GNPrW1EAYKed7Zinlth7dxduvrHF2TsvmlKW7SL2k/2jS6amC+pW5Hsziww2N05tK8qFL6EYxbUS14zIYBP35Lg3xz26XPd+/+Psd5tYu8JDiCEmxvIxph/tHadQAKDIvem8xnybOhl8VmzsSf/265ai2Fan0F5/TkP6wcMtafVmRQAZXGHsXx9elPY2+IBBiWslrhkTHRlM4l4c9+S4N5f7tRFjrBhrxZhLBp8Y08fYXv+KAgA7fNV77hrbwA0m8UXasg096V/uaU4HnFFfMW0kvi38+1vnpnWdVumVHWdm2+b019db/R+GIq6ZuHZEdpS4B8e9uBy+9x+sGGvFmCvGXlYFGFxiTF9un4agAMAw2i+7ifz8N4v1loNI75atqX7pxvSpm2dX7NPNE7JB6ry1XckivbLNAlnWLm6atjq9drwFiGAo4pqJa0ffKttKrIwfk7oTKrS4GmOuGHvFGKzX4oCDSozt96ugQhEKAAzBW85vyhexk51PbGKXhEp/srlPdhP+9C1zUuOKTXYIkFekvbMvX9Fc3wpDd/KjrWm9vdDl9xL32ueXbEgfv3FWfg+u9DdlYiymULbzxGcAR01s0reiAMDLxd6rsdLqGt927zRN2YT3I9fO1G4GigAn3jonTV252U1YXpYZbZvTey+b5jqBXXD8FdPTrNU+x5OXP3yIe+3f3Tw77TnWNRJiLDbL5zI7zcqNPemvb5iVj/W1GxQA+J19T6tP1U8t0UvuJLH4zOdun6vNvLTtnF6fFwHm27pKXvKU6s5Za9OrTrP4H+yKuHbiGvJ2lbyQuMfGvXZfr3K/TGy9bGHAnecnjy92T0YBgJeLfet/Ndfq/zvK8oEF/3xHte03AeIm3GO0Kql/9f+v39vs2oDd8N0HFtr7XPLEvTXusfvYUWWb61fF2CzGaLL93DtnXTowG+trMygA8DuHT2iwv/sOsqazN30nG4zZzmzHvn3/wrSh23erlZ74dvnYi6e6JmA3xDVkHQCJe2rcW10TO14YMMZoMVaTbSfG+DHW115QAODFxVRumKV33MHTzAvrV6TDzraa+WBWr75k0kp7WFd45q3pdD3AMJhnW96KH3/EPdVuKjsXY7QYqxl/bD8x1tdWUADgd055aqmecRuJRXeeWLg+vfOiKdrJIBeTfPelU9PDze35VkVSmbmqcZXrAYZBXEtSmYl7aNxL455q8bbBibFajNkMP7adGOtrJygA8DvRYcor097Vl/786hnayC7sDGAF68rNSb7/h2ER15JUZuIeGvdS3/0PTYzZ2n06s83EWF8bQQGA3OvObrCC6rae/mf+87FW2+3s4q4SZzy7NG3q8SpeJV43R59vv2EYDnEteZhZeeno7ku/eHJJfi91HQxNjNli7Oa6eWViocRXn6FNoQBA5uM3zLbQ0HYqpa/z3f+urwdw1uT89UU34cpK3dIN6dCzXDcwLN81Z9fS9FX2Oa+0ImrcO1+rH92NB1uTvdm6jcRYP8b82ggKAKSf/2axrYa2USX9+1vnpL3GevVud3zshll2BaiwxDfLB47zhAGGQ1xL1gGorMQ982MWa9stMXaLMZytAV+eGOvHmF8bQQHA99rpntlrk+3bX0x339Z0Xs1yTzGHyZUGrxWVb9+/wDerMIz36LimpHJypUVUh0WM4WIsF2M66U+M9WPM7x6NAkCFe+N5jal+2Ua94ksybdXm9FfXqb4Pl/ddPi21ru/SsCogazb3ZtfOTO0ehlFcU3FtSfkn7pVxz9Tuh+vamZWP6eTFxJg/xv7ahwKAg1DJ3//fODs1rzU5e+nT/9hHdt/TVEeHyyHjJ6crGrwFUAn5beuG9K6LbZkJwymuqbi2pPxzft2KdPCZk7T7YVuQuC7/hMa2xC8mxvwx9tc+FAAchAr25Tvnp6Ud3XrEgSxc1+XbuwI44bqZafF67azcE68WHjXRDgAwnOKaimtLyjtxjzzBG1QFWYsoxnbSnxjzx9hf21AAcBAq2I8fa823m5H+b6Numb7a0/8C+IOzJ6eLJ61MvRabKOucW7M8vWa8p1cwnOKaimtLyjdxb4x75B/YeaggbwHE2M7woz8x5o+xv7ahAOAgVLCzn1tmUjaQrr6t6eM3evpfKF+6c15atsFbAOWcnz2xOL1KAQ2GVVxTcW1J+SbujXGP1N4L49O3zLEY4EuKTTH21y4UAByEChXfmV0/tU1vOJB5azrTfqfbvqxQ3nHRlPRUS4eGVqaJ7YW+9asF2joUQFxbtust38S9Me6R2nphHDhuUj7Gk/7E2N9aEwoADkKFesO5jelu3xX+LuNVRAtq71Pr8lcce7xxUpaJ/Zb/6ZeeYEEhxLVlT/PyTM/A6/9725qtoGKMJ/2JsX/MAbQLBQAq0AeunJ7ql9oCMBKvhv2P7HhoF4UVW/K0WgywLDNlxab0kWssYAWFENdWXGNSfol7oq2HCy/GeD4D6E+M/T9gzKsAQGX6mxtmpdlt9keN1GWd4R+e06BdjMBnJ7EHrZRfnmnpSO+51P7VUAhxbT3jE6rynIxl90SvYxdejPHqPPTKE2P/v7HjlQIAlemLd8xLbZt69YRZJtQsz78R0y4K78qGVcmWvOX5SuHhExTRoBDi2vLJXvkl7oVxT9TGR2YdgAl208gTY/+YA2gXCgBUoG/fv9AOAAP58l3z015jfX83Er7zwMK0RQWg7HJ1U5stNKFA4tqKa0zKK33ZvfCkeyyeOlLrEH3jvmaNLvXvBBBzAO1CAYAKHEz8l22F8qzc2JP+6jrfLo+U9142TeGpzBLfVY77rUU0oZDiGvMNc/lNxN7t06kR89HrZ+VjPknpR4+0pL0sPKkAQGU5ZPzkdF7tCj1glicWrk/H2n5nRFnNurzS3tWXDya0bSicuMbiWpPySdwLte2RE2O9GPNJyucAMRfQLhQAUACoyNwwdXU6wrfLI+qxBW7ACgCAAkBlJ+6F2vbIibFejPlEAUABwEFQAKjwnPXcsnTguHrtYgRd1bhKw1MAABQAKjpxL9S2R3IhwPp8zCcKAAoADoICQIXnJ4+3pj3HahMj6eRHWzW8MkqsKPzt+y1kBYX0vYcWpTWb7dxTTol7obY9cmKsF2M+UQBQAHAQKtKbzmtMd8+ypVBMXL5293xtYoR97R4r8ZZTWtd3p8/eNlfbhgL6XHaNLc6uNSmfxL1Q2x7h8Uc25rMFdsrnADEX0CYUAKggbzm/KT0wd13Fd4CxAM+X7rQX6kh7+4VTjPzKKC3t3enEW+Zo21BAcY3FtSblk7gXatsjK8Z8FiJO+Rwg5gLahAIACgAVl4XrutJnbjVxUQAQBQBQABAFgEp4k6alvUsBQAFAAQAFgEpN4/JN6S+unqFNKACIAgAoAIgCQJn7y2tnpqkrNykAKAAoAFB5jr14SqpZskEBQAFAAUB2O7PaOtPxV0zXtqGA/jy7V81Z3anDKZN09W1Nb1MAGHEx5ouxX6XnqUUdClAKAFSa9142zUBCAWDUvHliY5q3Rvsrl8TTlHdcZCABhS3cT82utc06nDJJjMEswqYAMHqF+835XECbUABAAUABAAUAUQCAIhTXmFeXFQBQAFAAQAEAnwAoAPgEQEZ5IOETACi0uMbiWpPySFevTwAUAEYvPgFQAHAQLAKoAKBNKADILscigGARQBl6TMAsAjhasQigAoCDoABQsbENoAKAKACAAoAoAFQG2wAqAKAAoABQ4Vm+oSd96c552oQCgCgAgAKAKACUuRjzxdhPAUABQAGAihMLz9w9a23Fd4Btm3rT1+6er02MsK/d02zkV0ZpXd+dPnvbXG0bCvzkcvF6BYByStwLte0RHn9kY74Y+1V6Yg5gEUoFACrMIeMnp/NqV7j7ZvnJ461pz7HaxEg6+dFWDa/MCmnfvn+Btg0F9L2HFqU1m01cyilxL9S2R06M9WLMJymfA8RcQLtQAEABoCJz1nPL0oHj6rWLEXRV4yoNr4zS3tWXfvRIi7YNBRTXWFxrUj6Je6G2PXJirBdjPlEAUABwEBQAKjw3TF2djpjQoF2MoMcWrNfwFAAABYCKTtwLte2RE2O9GPOJAoACgIOgAFDheWLh+nTsRRbiGUnLLMCjAAAoAFR44l6obY+cGOvFmE8UABQAHISKtO9pdem/nlisB8yycmNP+qvrZmoXI+S9l01LvVu2anhllO6+rWncs8u0b/j/7d0HeF9neTdgOQOSkISMUhICpAEaoIGWEkr70YYCJbSMtkBpKaUlQFtKaelXaMlHC6WWnOHYSRxn7713QvYkg1iSZct7T3nJlm3Jlm0Ny36/8xzLiZN4SLb+0n/cv+u6r1ISbOmMdzznnPctoLjH4l6T8kn0hR+8fKrre5B88saZ+ZhPUl5Q3P+MeteFAgCV5jsPLTQR683X7p2X9h+hIRwM3314Ydqy1XVXbrl2UkteWHSNQ2GK9nGPSXmlJ+sLT7vfAqqD4YBssvutB+1AtL3wFHMA14UCABXoq/fMTatthZLn/NoV6dCRDa6LQXD1xFXJ/L/8ct+stekYa2lAQcS9FfeYlFeiL4w+0TU+GAsANuRjPUn52D/mAK4LBQAq0B/dNDPNatmkJcxSv2xDeut5Ji+Fdvg5DWl8dqyl/PLC4vXpN73KCgUR91bcY1J+iT4x+kbXeWHFGK/e+CNPjP1jDuC6UACgAv3u1dNMxnoT31X+TnY8XBeF9Yc3zExN67pccGWYyc0b0ynXWUsDCiHurbjHpPwSfWL0ja7zwooxnjU0Xik6/a4xrwIAleltYxq9UrhDRv3SImaF/v7u0vErU7cOuCyzor07feUurxRCIcS9tcLuKWWZ6BOjbzzAgmwFFWM82ZYY+8ccwHWhAECFvo594xSLCm3P3DUd1gEooBMvmZye8wpr2WbT5i3pH35uMSsohLi34h6T8kz0jSfajrig3//HGE+2Jcb+PjtRAHAQKti545bbCaA38WrY52+b7bookL++Z25avt7r/+WcnzyzJL3BTgAwoOKe+olte8s60Tf+tUXZCibGdl7/35YY88fY33WhAOAgVLDTn2pK67t6tIhZog5y69TVtjIrgF85d0K6tGGlYlOZZ0ztivTmUZ4qwECKe2qM1cvLflIWfWT0la75gRVjuhjbGX5sS4z5Y+zv2lAAcBAq2NfumZeWeSr7cha2dqZPWxm1AIv/zUhLLP5X9rl/1tp0/NhJrnkYQHFP3W+9nrLPknwxQAupDrQY08XYTrYlxvwx9ndtKAA4CBXs1JtnpflrNYzb07Nla7q6cZW3AAbQEaMmpKsmrnJxVUB+2dSe3nep71hhIMU9FfeWlH8urG/2bfYAP/2PMV2Px/8vJ8b8MfZ3fSgAOAgV7O0XNKbxy20FuGOmrtxkS54B9NtXTk2L1ykyVUJWb9qcPu4JFgyouKfi3pLyT/SV0We67gfq7cOZ+ZhOXkmM+WPs7/pQAHAQKtiBZ9TnrxYqjr6SWCjmgtoV6ajRvsUbCFF9l8rJdx5akLcrrn0YmD467impnESf6drfdzGGi7Gcxf9eSYz1Y8yvj0YBgPQ/zy5JHbYXelViv+U/vX122n+ERnJfv71rt8hkReWabPB66Mjxrn8YAHEvXaOIWlGJPtNaRPsmxm4xhouxnLySGOvHmN81ggIA6dSbZqV1nSZpr80zC9elt1iRd68dOXpCemxeW1J7r6zUL2v39gwMkKOze8krzJWV6DOj7zxSO7rXYuwWYzh5dWKsH2N+1wgKAGQN5cTUvEGVdGed8P97qintN8I10v+Fd8ans15cljZ0e7OkEu+bEy60EwAMhLiXFFErL9F3Rh8afan7oH9izBZjN/fN6xNvRLzpbNcUCgD0elaldKdp7ehJ/+fa6a6Rfn6z+oXbZqeZqztcQBWa0x6Y716AARD3klRmog+NvtT32v0TY7YYu8nrE2N91wgKALxs+HPLtIw7e5q5ddunAO+9xNZmfTFsRF364OVT8tcXe7aqv1dqrrGIFQwI3/9XbqIPjb40+tRh3kTskxirxZjN8GPnibG+6wQFAF72qZtmahl3kU2bt6SLxzeno60HsOfv/kc1pEsbmvNjJpWbuWs63A8wAOJeksoef0SfGn2r+2EP62VkY7QYqxl/7DqfsrgkCgDs6JjzJ9pneDdZkx2bf3p4YTrAq3i79Y8PLbTqv+QLDb3v0inuCdgHcQ9ZoFeiT42+1T2xazE2izHaGuPYXSbG+DHWd72gAMDLDhvZkH4+p1ULuZvE4infuH9+OugsC6js7Lv/v7xrbure4r072bbV0PceNmCFfRH3kC16JRJ9a/Sx1gN4vRiTxdjMln+7zwOzW9OhI71JggIAr1m1vfq5pVrIPaQ562C+cvdc18yO107W+cZCRfPWdrpAJE/Uge6esTa94UyDVdgbce/EPaSmKtsTfWz0tW/0EOJVYkzWbPK/x/z46SX6ZBQAeP3ibZ++eabXp/qQGS2b0inXz3Dd7LDi/5SVmyy6I6/K9Ow++a0rprpPYC+cfNU0O6nIqxJ9bPS1f3LLLNsT94qxWIzJZPdZuaE7//7fYpIoAPA6v3bhpPTI3DYtZR864V8uaU+fvHFmxU/+P5dN/ieu2OgplbwubR096QePL9a2wl740ZNNvv+Xnb5d1bB8Q/rsrbMq/nOAGIPFWMzDhz3nwdmt6fixk7StKACw8++ofvrsEi1lH7I564Xrl23rhCt1YcBPZJ3v3DWdJv+yy0LZLVNXpyNH2T0D+rebyoT83jGxkV0VAaLv/USFPoSIMdcX75iTGps35mMx2XNibG/9KhQA2KVTb56V5th2qG8TnMzy9u70d/fPT4ecXTkN68FZJ/Knt89Jazs8nZLdJ17N/NSNth2C/oh7xmvNsqdEHxx98cEVNLGLsVaMuWLsZerft8SYPsb22lYUANild1zQmL8qJH1PLD7zfx9fnH7l3PJ/0vmr501M//exxbaMlD4l9mP+/mOLbJ8J/Xi6GfeMvcylL4m+OPrk6JvL/d6IMVaMtSz417/EmD7G9tpXFADYpf2zwUfNc0vTxm6Dj/4kjteY2hXpvZdMLsvrYr8R9ek3LpuSLqpvTi0bTf6l77l5Sks61t7D0Cdxr8Q9I9LXRJ8cfXP00dFXl+N9cVL2u42tazY23YuxaYzp91eERwGAPYkVZhe02tJtb552xiKKX7lrbjqszPZajdfHnl6wzlMp6Xfmr+1MH7lqmrYV+iDulfm2VJW9GH9EH11ur3rHtnWfu3V2enx+W+ow/uh3YiwfY3ptKwoA7NFRoyekl5a0azn3Ij1btqYV7d15Nf64MaX/1DO+Lfz+owtT07oui/3JXt8T331kYTrQ/sOwW2/M7pEfPrE4v2dE+pu4bKKvjj67HNYFiAcpP3l2SV4Qc0/0P3HEnl64Lh/Ta19RAKBPYvuuTV612qeOeGFrZ75Az5GjGkpq79X4WQ8/pyH92R1z0rilG1J3j45X9i3PLVqfjjYIgd16y7kT0vOL12swZJ8SfXb03dGHR19eiuOP2OKvdml76rEVxt6/FZKN4W3FiwIA/fL+S6fkq6zKvmVD1gBfO2lV+sMbZuQL2BR7R3zEqAnpj26amS4e35zWdvjWXwYun77JbgCwO1+6c46GQgYs0YdHXx7jjyOKfDvWYZk3j2pIf3D9jHRB3YrU1mmXoX1NjOFjLK9tRQGAfrnJQkQDknh1bd7aznTVxFXpa/fOK8oF0aLj/cwts9KYuua0ZF2XkyYDnvtnrdWuwm6+dX5sXpuGQgY8c9d25H179PHR1xfbtX/oyIb0xTvmpPNrV6RZqzu87j9AiTG8thUFAPrtlOtnpE6vfw9olq3vzrdk+cETi9O7Lpo05CuzxlsJX79vfrpuUkve8W7W8UqhnkZt2px+64qp2lbYiXjzqrXDU08pTKJvjz4++vro84th2+Jjzp+Y/uKuOemGyS1pYVun8ccAJsbuMYbXtqIAQL/Fd1jx1E4GNvFJW7zeNrl5Yzp33Ir0+9fNGPQnTb97zfRU8/zSNHXVprRyQ3fq1vFKgRPXWDzh0bbC613TuMqTTxmUdjj6/Oj7YwwQY4E3DPICrSdfNS3/NGHiio35oskm/gOfGLvHGF7bigIA/Rb7yX75zrm2Xilgtmzdmi/YE9/qPTSnNf3sF0vzxW+OHzspX7n1kLPH56v5HtDPNwViNel4rS7+jKiyv+vCSembDyzIq//zWzvzv9PiOoXLhq6e1LzBGhqvzbRs0PlBbwHA657+2/rv9Yn97e37Xrj09I4/YkwQY4MYI8RYIcYMMXaIMcQb+1kciHWOoqAQK/gfOWpCOm5MY/rNrM3/h4cWpBuntKTpWR/Qlf2d5vyFS4zZY+weY3jtKwoA7JV3XtDoLYAhSFNbV7pj+po0/Lml6b+eXpL+/ucL0p/fMSd94bbZ+WDxY9dO36k/vmVW+tPbZ+crv4785fJ014w1adzS9tSpiDOIRZ2Ur14cx15enbaOnnT6U039LmhBuTrorPHp4vpmu63sJHfNWJvGL99gsjiIibHCuN7+K8YQMZaIMUWMLXY17tju1Jtnpa/cNTf922OL05ja5nTz1NVpZsumbELqBA720/8Yu2tfUQBgr8VA/Z8eWpjWd/k2sVgml/G2QFTsd2aDpyVDnvbsXvm/2QAo30pT4eV1eWbhuvQ+KxND7qPXTMsnufLqRNsZbeiPnmzSrxVB4hzsatyxnZX7hz4xVo8xuyI7CgDssw9ePtXexCJ9zIyWTenY8xvT526d7bXenWRdNkj810cXpQPPNEDB0/94I0ah8PWJtjPa0GhLo00VkT0nxuoxZte+ogDAPouB+ojnl/kWT6QP+Y8nm/L75t0XT05PLljngOwkcVzekx0f7SuV7Neze+BpbcRO88jc1vTOsdteY461cURk94kxeozVFddRAGDAfPiqafmq9SKy68TCf28bM3HbYkiZ88atyBc8klcnPmWJQX08AdW+UqmF9e89ssj37TtJtJnRdg7rPVbHZW2qRVVFdp8Yo8dYXfuKAgADymRGZNeJFZWrn1v6qur7X9w5Ny1d3+Xg7CQLWjvTiZd4C4DKFNd+3APy+kSbGW3njsWSM19YZucakd0UzUa9tFzbigIAA+8Dl09Ni9tMZkR2lvhO9UNXvvrbu7eNaUz1yyzwtatUP79U20pFOr92hQZgF4k2M9rOl7eWy8R+9dYCENl5FrUpqKMAQAH99zNLtLQir0ks4vXjp5vSIWe//pX2qyauSj3e891p4gno8RdO0rZSUT5+/Yy0auNmDcBOsjlrKy+qb37dMYt95X/2iyUWTBTZSWJsrm1FAYCCOfb8ialxhbUARHZMbG33G5ftfGu7r94zL3UYtPZrsA/l6s2jGtI9M9f69n83xdTYS/61x21Y/hbilLytFZFXEmPyGJtrX1EAoGD2G1Gf/iLrnO0IILItsTjVtx6cn4aN2Pk9E0+uLGC168T3vn9199ysbdG+Ut5ib+5/fnhhavH0f7ftabSZOzt+0cZGW6s9FdmWGIvHmDzG5tpYFAAoqLeeNzFdPXFV/vROpNKfYN86dXU6dBcD1u2uzO4X2XWemN+W3n2RTwEob791xdT0YlO7G343ibZyd8cw2tpoc40/xPhjaz4WjzG59hUFAAbhLYC69Ce3zEqzV3dogaWis7y9O51y/Yw93jNfuG126jZg3WXWdfak05/a+RoKUA5i4vqzZ5d6e243iTYy2so9Hctoc6PtFankTG/ZlE69eaa351AAYBC/YzynIY1+abnBjFR0Rr+0In+tty9rZ0xqtnbG7hLfMX706mm7/JQCSlVc0x+7bnqapWi+20Qb2ZdvmaPNjbZXpFITY++Rv1y+x7cPQQGAAmwLOCVNNqmRCs2s1ZvScTtsVbU7B581Po14fpmDtpvE64xXTFi5y+9/oVTFNX1ldm17CWj3iTYy2sq+HNO3X9CYmtbZllgqMzH2jjG49hUFAIbkqca/ProotXf1aI2lotK5eUv6x4cWpv3P6PvCO/Ha6kqLV+02sV3iaQ/M90ojZfXJ3LceXGAr0D1kRdY2/sF1M/p8XKPtjTa40w4rUmFZn425v72bhYdBAYCCO+is8empBbblkcpJjOPvmL4mvW1M/xbeeefYxnTvzLUO4B6yuK0z/faVU7WvlIWPXD3Nqv99yO3T1vT5jart4t+/e8Yab1ZIRSXG3AedZb0cFAAYYp+6cWZa4lU8qZDMXN2RTr15Vr+fUh94Rn3698cX5/tcy67Ts3VrunvmmvSrVjamxB0/dlJ6ZF6rCeoeEm1itI0HntG/rcxiLYDP3zY7b5NFKiEx1o4xt/YVBQCG3IFn1qcfPrHYpwBS9oknef+ZXeuHjty76nt8BmDdjD1nbcfm9KMnm/r8PTAU3Xf/5zSks15cpl/sQ6JN7MtuKjvfXWF83iZ7y0LKPdGWxFg7xtzaWBQAKAqxD2ks4CVSrolF6m6ZujodOWrvF6k7PJsUXD+5JX/KLbtOHJ2Zqzelz9w8S/tKyYkn039z77y0dL034/aUaAujTYy2cW+Pd7TJ0TZv9qqFlHFijP1Wb8ahAECxie92n120zuuOUpapX7YhHdvPb1R3JiYG9rDuQxEga0debFqfTr7K1oCU2JZ/105P01ZtSrrCPSfawmgT9/W4v/uiSalh+QYHVMouMaaOsbW1cVAAoGh98Y45aUFrpxZbyiqxev+nbxqYp9HxpCsW8fESQN9y5/T+Lw4GQyWu1bhmpW9FvmgL9+Xp/46ijbbTipRbYkwdY2vtKwoAFO96AGfUpx8/vSRt6rbQmZRHYsudnz67pN8LVO1OfMfX2aMC0Jd0Zcdp+HNL0xt890iRi2s0rtUu93af0tmzJX3/0UUDOv742S+WWmhVyiYxlo4x9UCOP0ABgII4avSEdJ/tzqRMcvPU1entFwzsE+j48xbbOaPPad7Qnb42AK8JQyF9+c45qdnnPX1ObPk50N80v2NsY7p9+moHV8oiMZaOMbX2FQUASsL7Lp1sa0Ap+cQ3pbE69X4F+Ab90vEWzexr4nnqpOaN6eN7uVI4FFpcmxOy9sKnPX1PtIEDfR6irY4223oAUuqJMXSMpbWvKABQMvYbUZ9/s2RrHinVCeeits58car9CrQA3fuzjr3Dq6p9PyfZSXlsfls2IJpSsHMC/bX/GfXp966Znl5sajf570ei7Xt/gSY30T5E2724zUMIKc3E2DnG0DGW1s6iAEDJ7YN8+lNNigBScmnr7En/L7t2C/ndedwfN05ucbD7kdjm69apq9N7L5msCEARFLrr0oeunJqeWbjOzdnPRNt32AAt/rer9Rj+97ml+RouIqU2+Y+xcyHvD1AAoKDecu7ENPql5Wl9p05YSiPd2STz/NoV6egCf3e3f7wlc+ec1NqhQNbf8xNFgLec57tIhtYJF03Kr8Vue9/2K9HmRdu3f4GfbkYbHm258yOlkhgrx5g5xs7aWBQAKGnHj21M1za2WBlZSiLXTGoZtMnlO7N7475ZFszcmzcBzhu3Ih10ltcjGRpvHtWQbp+2Jr8WpX+JNi/avkF5CJG15dGmixR7YowcY+Xjx9r2FgUAysSx509MD89t1cJLUeeB2a3pxEsmp2GDdF8ccEZ9+taD830ms5dPSs54YZkiAIMurrmzX1yeOjeb/Pc30dZFm3fAIG1rFm15tOnRtosUc2KMHGNlbSwKAJTdmwD1yzakHk9MpAifKN87c+2gTv63O+6CxnT/7LXJXbF3RYBzfrk8He5bSQbxyf8on7XtVaLrv3fW2rzNG8xztr0IEG8eGH9IsSWuyRgbe/KPAgBlKTrhD14+Jb3QtD7pg6WYOt9fLFqfr+Q9VPfGD55YnFo7TCj2JsvWd6XvP7ooHTZSEYACL2ybXWM/zO7VlRu63Xh7kVUbN6e///mCId2qMcYfigBSTEWxGH98IBsbD9PGogBAuYrX/v7kllmpsXmjIoAURWLv7j8c4v3lf+3CSemlJe3eAtjLNK3ryidm8XRWO0uhnvzHNRbXmvQ/0bZFGxdt3VCex2jro80XKYbJf4yFP3XTTLvaoABA+XvjWePTn94+O01btcmER4Y0zRu60+dunVUU98W/P77YN8X7kHgqG69mWxOAQnzzH9eWJ/97n2jboo0rhvMZbX6zcylDXBCLMXCMhWNMrJ1FAYCKEHv0fvOBBb6jlCGd/H/9vnnpwDOLY8J4xKgJad7aDidmHxLtSSzO5k0ABvLJf1xT+qp9S7Rt0cYVwzmNNj/afkUAGcq+KsbAbzhTwRoFACrwc4Av3TEnLVnX5U0AGbTEa3fz13amv7p7btF1vt95aGHq2epu2NcnjbE9W+zR7rVK9lZcO3ENxbXkzZx9S7Rp0bYV20OI6AOiL/A5ogzmk/8Y88bYd7B2wgAFAIpykHXqzbPyV6F0wlLwgWjvartfLNLO96jRE9K4pe1O1D4mdnW4derq9KErp6b9DbLop7hm4tqJa2izjmmfE21atG3F+BAi+gK7E8lgPXyIsW6MeRWnUQDA5wBn1qc/vmVWem7x+tTVoxOWAg5El7SnP7xhRtHeCzEg/eo9c1Nrx2Ynax/TnY22nlm4bkh3d6A0xTUT1063SeE+J9qyaNOK+Wln9AnRN4gUKjG2jTFujHW99o8CAOzwJsDvXD0tPZ0NulTipRB5cHZr+ti1xT8ZfOfYxny/ahmYvNjUnk65foZ2lj6JayWuGRmY3DF9TXr7BcW/v3n0DY/Pb3PCZMATY9oY28YY15N/FABgJ0WAky6bku6eYfIjA5sHssn/By6bWhL77MaTsvg2dXGb7cYGIrGkwoQVG9KX75zjyQu7fRMtrpG4VizDMTCJNuwrd81N+48o/vsu+obfumJq3leIDGSeW7wuH9ua/KMAALvphI8Y1ZA/NejcvEXPIfuU9q4t6aqJq9IJF05Kw0qo842Vx6+b1OJtmAEsAjS3d6fhzy1Nx41pLKlrgQL3Odm1ENdEXBtxjZj8D9xTz2jDSmlHjrgWoq+IPiP6DpF9Sbz2H2PZWP9imLYWBQDYs7eeNzFdWNecWjb6Flr2Lq0dPen82hXp6CJcfKqvr6TObNnkRA7wgOzObEAWx9YKzMQ1ENdCXBPWnxnYRNtVCp9c7Uz0GdF3RB8isjdZs2lzXkh625hGbS0KANAfbzl3YvrJM0vSsvXdtgmUfmXlhu703880lezkP8Re1RfXN1uFvACJlZj/5t556bBzGrS1FSrOfVwDcS3IwCYWT4wJ9IEl/MlN9B3Rh0RfItLXbN/mL8aux5w/UVuLAgDsjSNHTci/IZy4YoOeRfqUiSs2pm8+MD8ddNb4kr/+T7xkclrc1umkFmCQtnR9VzrrxWXp+LGTtLUVJs55nPu4BpTXBj7RZr3rwtK/r6IPib4k+hSRvo0/tq03c7jiMgoAsG/2H1GXPnj5lHwVd5FdpbNnS7pt2up8pd1yWuztXx9b5OQWKO1dPemRea3pI1ZnrpiFZuNcxzmPcy+FSbRZ5bQ4ZHzKcM/MtXkfI7KrxBg1xqr760tQAICB/STgv55Zkr9etcVKTbL9aW52KSxv707/9XRTvuBUuS3wFgsIxcrUrvjCJL6wiLVGvvXggnTYyAYLBJbpQn9xbuMcx7n2VU3h3qyJtuqoEv70alfXTyxOHH1M9DUiO/Yfq7I25We/WJqPUbW3KABAIb6LPqM+feG22enZRet8Gy2pY/OW9NLS9vS5W2eX9eTlD2+YkZrW2RawkIlVy6+csDJ97Lrp6dCRXt8sF3Eu45zGubWrRmGzqK0rnXL9jLIuokVf09i8Me97pLITY9CXlrTnr/wfaFFZFACg8D54+dR0deMqq/RWcOJJXlwDv3nF1LLfYifWwjjzhWVpg62pCv40Z9bqjvQ/zy7N9wS3U0Bpr/Af5zDOZZxTc//CJtqm2Eqx3L99jr4m+pzoe+xSVLmJhS5vnrI6feSqadpbFABgcD8JmJD+44nFad4ai6RVUuKV/9nZgP77jy6qqD3d49vC5xevdwEMQjZ2b0kvNrWn7z68MB10liJAqYlPgeLcxTmMcymFzzML16X3XzqlYj4pib7nh9n4Y+7azuSLxMpKjDn/59kltvhDAQCGypvOHp9OvWlWenhuqwV6KmigGa+ZHnL2+Iq61uMVw28/uCA1+wZ10BLfdsYe8R+/YYb2tkTEuYoF21Z5OjtoiTbpWw/MT/tX2Bsz8XlJXG/RJ0n5J8aY989amz5xw8x87Km9RQEAhnhl5yNHN6Rv3j8/zVvbmbp6lOPLr+Pdmj/1Py0bZB5awQu1HTZyfLpl6mrfMg9iti/yFPuax7aMB57pjYCiK45l5yTOTZyjVRb5G9REWxRtUrRNlbrAZPRJ0TdFH9Vp/FF2iW/9F7V1pn9+eGE6clSDHWNQAIBiE69kja1bkRcCLBJYHh3vjJZNafRLy8tiX+mB8J6LJ6eZ2TGRwc+C1s70vUcWpV/PzkHsEe56HFpxDuJcxDmJcyODn2iLok1yPdblfdR541akmas7jD/KpPgbuz7cOnV1vu6DaxwFACjyQeFnbpmVbprSkpo3dNs+rUSztmNzujE7h5+8caYVdl/jmw/MT22dFsAcqkHhUwvWpdOfakofvWaaQsAQtfFx7OMcxLkw1xqaRBsUbZFr8hXxadqnb5qV913Rh0lpZl12bT8we236u/vnl/3CligAQFk55vyJ6a/vmZue9n1eyT31f2bh+nzP7reeb1/dnYk9qS8Z3+xiGcJs2rwljV++IV1c35w+ddNM1+UgiWMdxzyO/SZbsQ1pog2Ktsh1+XrRd0UfFn2ZtwFKK7HN43ceWpjeddEkr/ujAAClaP8R216Zrn5+aVrc5hXRYs+y9V3pv55uSu+9ZLIt2Pbw3elvXzk1jVvS7qIZ4nT3bE3z13amaxpXpT/KJqdvsEbAgItjGsc2jnEc627fWQ95ou2JNmiYCdIuRR8WfVn0adG3SXEnxogxVjzpsinWekEBAMplAPmBy6emc8etSHPXdKQOT46KIlt7n6TGwl3n/HJ5OuHCSTrefix++dV75hpYFkliMbTWjp706Ly29KU75+TblLqW963NjmMYxzKOaRxbi18WR2JBtC9n58XT0b4vUhl9W/Rx0ddFn+dKLo7EWDDGhMOfW5o/8VfARQEAytQJWSM/4vmlafyyDfmgUoZg4p+NftZs2pzGLW1PP312Sb6Q1zDX5l59b3rGC8tSe5eCVrHluUXr0ncfWZg+ctW0dOz5E73R0scnpnGs4pj94InF6bnFPt8qtkRbE23OIbZB6/+bW5no66LPi74v+sCtKgFDkg3dW9LUVZvyaznGhK5PFACgQjriqMj/55NN6eG5rXlVXj88OImFkR6c3Zr+5dFtq6nvb2K0T07MjqGF0Ir3rYB4ZT0WJP3+Y4vSp26cmY4cNcF1+xpxTOLYxDGKYxXHzNP+Iryes9lqvI1xolX/9+3TxKzPi74v+sDoCy0WOJgFrJ70wuL16cxs4n/yVdO8xYICAFTkq3lZRxxb9/zNvfPSzVNWW1m9gImnHbdPW5O+cf/8/FU7198ALoyWTZ5aNhpEFnPitd/Y0jL2TP/Rk0354LOSXzeN3z2OQRyLOCZxbCzqV9xpWteVTrl+hjZ3AEVfGH1i9I3RR0ph0tmzNd07c23654cX5lv6eYMFBQAHAfLFAmPXgFNvnpUPRlXkB/ZVu8saVubb+b1tzMTsWHviP/DXb336x4cWuNhKIPHKb2wxFXuF3z0jG5A+sjC995IpFXOtxu8av3P87nEM4lh4Dbo08u0HF2i/C9R+R98YfWT0ldFnysAkxnIxpvuTW2alt1/QaF0WUACAna+ufvDZ49OvXzI5/fCJxemXS9bn6wR09Wz1iUBfJjdp26I68STjl03r078/vji9I+t0Y99uq0UX1mEjG9KFdc1WSC+hxFvucb/EJDgWoopV7uNpYHyedPToCenQkePzt5RK8c2q+Nnjd4jfJX6n+N3id4zfNX5nb/iXTqJNibYl2hhtbWHHH9FXRp8ZfWf0odGXdlg0sM/F1R3HHzGGi7FcjOmMP0ABAPq10vof3zIrjX5pRXqxqT0tXd+Vfwcpr050ugtaO9MzC9elEc8vSx+9Zno+kHENDa7jx05K98xcm7rNrkq+kDZ15aZ0dTZp/s5DC9LHb5iR3nfp5PTO7Py+eVRDUX06ED9L/Ezxs8XPGD9r/Mzxs8fv4Eos8cl/1pZEmxJtizZ2cEUfGn1p9KnRt0Yfawej1yde749j88T8tjT8F0vTh6+yPSUoAMAAiar8V++emy6sb06/WLQ+LVlX2cWAmGPGN6EPzG7NF9T53K2z0xEWOBvygtUnbpyRGpZv8IS1jLI6f6LVnu6btTaNqV2RfvLMkvQPP1+QvnLX3PQH189IH7x8av4J0xsLWBiIPzv+jvi74u+Mvzt+hvhZ4meKny1+xtW+Yy6rNj7akmhTLJY2tKJvjT42+troc6PvreQ2PsZeMQZ7cv66fCX/z982Ox19rvEHKABAAQfCH7hsavpC1uH8x5OL8+/Lpq/aVBGdbizSFVvnxGD/Z79Ykh+Dd4xttMVZkT01+vtsYra8vdsMpszvxRXZOZ7cvDE937Q+3Zvdk9dOakkjX1yev/q6Xaw0/sU756Qv3D77ZR++alq+knuI/7zjP4t/N/43O/4Z8WfGnx1/R/xd8XfG323RvvJOvPH2d/fP9zZXEYm+Nvrc6HujD46+OPrkSrkXY6wVCyb++Olt44/3XjLZ035QAIDBf/019q3+wOVT0pezgfPol5anF7MBcjkt4tOyaXM+yDj9qaZ8kcSTLpuSvw1hFd0iXg/gnIZ01ovL8lcjpbIS65XEbibbxfew8bRwcdsrZrR0pMkrN+biP+/4z+Lfjf/Njn9Gl+uoIl+rjqfNb9LOF63og6Mvjj45+uboo6OvbimTt3DiDYdl67vS3TPW5G8afSb7HWOsFQsmKkqBAgAUzevXb8w6pVgoKd/X+qaZ+QDqsXlt+atq8Wrs+q5tC2Bt3lIciwpu7Z0wbOzethDZ9slCbJcTixD9/nUz0lvOnZAPAmP1XJX20noTIK49+6mLSL9er86/+19jklViCwhGHx19dfTZ0XdHHx59+faiXvTx0dcXy6LG0TXFApMbescfMUaKsVL0W/+dTfg/es20dMSohrzQEQ9bhjnPoAAApeTQkQ3pfZdOSX99z7y8kn3VxJXp8fltqW7ZhjRrdUda2NqZv7Ld2lG4FX9jO5z4O+as6UiTmjemF5rWp4fntqZRLy3PBwp/fvucdPLV0zzZLyPxzfZTC9ZZD0BE+jwpizYj2g5taPm8KRB9e/Tx0ddHnx99f4wBYiwQY4IYGxRq++N44BET/PikJHYCiXUlnl+8Pn+yH2sqffehhenPsp8txkiH2mkCFACgnMVWWbEvbSyo9flbZ6e/vW9e+rfHFqXq55amsXXN+X7AsfrydlHJj5WA65a2v0pt5slswLbjv3vH9G0d646+/+ii/O/4xA0z81cGDz9HR1v+b6XUp1Oy62tcdo2IiOz2yf/WrfluN9FmRNuhDS1vMQaIsUCMCWJsEGOE144bYiyx49gixhq1rxmDPDqv7VX/zm3TVufjl+1/xqhfLk//8cTi9Fd3z02funFmevdFk20pCQoAwK4KBG8b0/gq7790SvrIVdNe5eRMLISz47/3q+d5esMr19Gf3zEnf9NERGRXmd6yKV8I8kCLutIrxhI7ji1irHHya8YgMaHf8d/5lXMnuIZAAQCAoX4F9J8eWpiv3C4i8trE69mnPTDfJ2AACgAAlINYROlHTzal9q4esx0ReTmxOG20DZ7aAigAAFBmrpiw0v7tIpIn2oIxtSu0jQAKAACUo6NGT0hXTlyZ2rsUAUQqOdEGRFsQbYK2EUABAIAyFHspHz+2Md00ZXW+PZOIVF7i3r920qr0jgsa7a8OoAAAQDnbb0Rd+sDlU9Ijc9vyrb9EpHIS93zc+79x2RSTfwAFAAAqpQjwnosn53s4exNApHKe/Mc9H/d+tAHaQgAFAAAqyHFjGvMJgTcBRMr/yX/c63HPa/sAFAAAqFC/fvHk9NTCdWZIImWc7U/+tXkACgAOAkCFfw7wB9fPSLVLN5gliZRh4t7+3Wume+0fAAUAAOrSG86szycIPgcQKb/X/uPejntcWweAAgAAFgYUKbNY8A8ABQAA+rQw4CPZxKGrRxFApJSf/FvwDwAFAAD26F0XTUo3TG5J7V1bzKZESuzJ/yNzLfgHgAIAAH00LPOOCxrTpQ0rFQFESiRxr147aVX6jcumeO0fAAUAAPpfBLhy4sq0abMigEgxJ+7RuFfjnh2m/QJAAQCAvSkCHDV6QjrzhWVpXWePWZZIEWZ9V08aU7siv1dN/gFQAABgn/3oyaa0amO32ZZIEWXp+q783tRGAaAAAMCAiX3E/+2xRWl6y6Z8lXERGbrEPRj34mkPzE8HnlGvjQJAAQCAgXXI2ePTF26fnV5sak9b1ABEhiRx78U9GPdi3JPaJgAUAAAoiHja+FtXTE2PzG1NPaoAIoP75D+75x6f35Y+es10T/4BUAAAYHAWBzz8nIZ0yXg7BIgMVjp7tqbH5rWlY86faJs/ABQAABj8dQF++MTi1LSuyycBIgV85T8W+4vdOA46yyv/ACgAADBEDs4mJH99z7zUsHxD6lYFEBnQxD0V99bf3T8/vcn3/gAoAAAw1OKp5CdunJEemtOaNisCiAzM5L9na7pn5tr83vLkHwAFAACKRnyT/K6LJqWrJ64ycxMZgFxY15yOHzvJ9/4AKAAAUJxiccDYm3z2mg5vA4j0Mz1bt+Zranz7wQXpsJEN2hQAFAAAKG77j6hPJ181Nd0+bXVa19ljVifSh7R3bUmPzmtLp1w/I7+HtCUAKAAAUDKOG9OY/vuZJWlha6fZnchusqitM53xwrJ04sWTtR0AKAAAUJoOPLM+ffGOOekXi9ab5YnsJOOWtKcv3zknHWKVfwAUAAAohwUCf/OKqemS8c2pzScBInniXoh74revnGqhPwAUAAAoH8OyCc4RoxrSNx+Yn2a2bEo9FgiUSl3oL7v24x6IeyHuiWEm/wAoAABQrt5z8eR0w+SWtKK9O6kDSCWlObvmb5m6Or8HtAUAKAAAUBlrA5xRn75x//z0+Py2tKFri5mhlHXiGn9m4br0rQfmp8NG+tYfAAUAACrM/mfUp/dfOiX95Jkl+SvR3gaQcktc0ovautLw55bm13pc8+59ABQAAKhYh45sSP/n2unptmmrzRilrPLA7NZ0yvUz0uHnNLjXAVAAAICwfZHAv71vXprcvDF1ex1ASjRx7S5u60z/+tiidNToCRb5A0ABAAB25V0XTkrn167IPwvo6lEIkNLI9tX949qNa9i9DIACAAD0wYFn1qePXTs9ja1rTvPWdppdSlFncVtXum5SS37NxrXrHgZAAQAA+ungs8enP719drqmcVW+baBIMaW1Y3O6Y/qa9JW75qY3j/KdPwAKAACwT/YbUZd+9byJ6TM3z0r3z1qbun0WIEP9uv/WrWnc0vb01Xvmprdf0Jj2H+GpPwAKAAAwoIWAN5/TkP7sjjnppSXtqWPzlqQUIIOVuNY6N29N89Z2pO88tDBf4O8A2/oBoAAAAIX1prPHp28+uCAvBLR29CgESMESG1Ks2rg5v9b+/fHF6YhRE9yDACgAAMBg+7ULJ6UfPLE4PTK3NbVkkzSRgUxcU/fOWpv+/ucL8mvNPQeAAgAADLETssnZNx+Yn26c0mKxQBmQxf3uyyb+33pwfjrugkb3GAAKAABQTGIhtmPPn5g+ccOMNPql5d4IkH4n1pW4cXJL+uKdc9I7xzb6xh8ABQAAKGbDMoecPT4dN6YxVT+3LC1u69y2YKCFAuS1C/tl10Rnz5b8Grl0/Mr0/ksnp8POabCqPwAKAABQio4ePSH/POCxeW1peXt3voWb2MYvroWnFqxL3390UXrreRPdKwAoAABAuTj8nIb0N/fOS9dPbkmTmzemTZu3mAlXWOKcx7mPayCuhbgm3BsAKAAAQBkXAk65fka+pdu9M9emlRssGljuWZGd49unrcnPeZx7E38AFAAAoIIceEZ9vtBbTAhHPL8sTWremLq3+DygXBLnMs5pnNs/uG5GvibEgRb1A0ABAAAq28Fnjc93EPjCbbPTlRNXpeYN3fnr4psVBEomca7inMW5i3MY5zLOaZxb1zgAKAAAwE4dNrIhfeWuuemi+uZUv2xDWrq+K3X1KAYUW+KcxLmJcxTnKs5ZnDvXMAAoAABAv71tTGP6izvnpvPGrUhPLliX5q/ttIDgEC/kF+cgzkWckzg3cY5cqwCgAAAAA2JY5t0XT06fu3V2+sHji9PVE1ell5a0p3WdPWblBU4c4zjWcczj2Mc5iHMxzHUJAAoAAFBIsZjcW86dmH7jsinpM7fMSv/9zJJ0/6y1+d7ylg3Y98QxjGMZxzSObRzjONZxzC3kBwAKAAAwNG8GjKhLB501Ph0xqiEdc/7E9IkbZ6Tq55alh+e0pmXru9KGri2pc/OW1LN1a1IbeCVxLOKYxLGJY7SwtTOf8Mexi2MYxzKOaRzbOMauNQBQAACAovXGM+vTiZdMTt+4b366pnFVen7x+jR11aa0KJvsrt60OXVU0FoC8bvG7xy/exyDOBZxTOLYxDGKY+WaAQAFAAAok4LA+PTuiyalU2+elb778MJ05gvL0k1TWtLDc1tT7dL2NHt1R2rZuLnkJ/vxO8TvEt/t3zdrbbphckv+u8bvHL97HIM4Fq4JAFAAAICKEa+4v+OCxvThK6flk+Ov3zsv/fCJxel/n1uaLqxvTnfPWJueWrAuTW7emH9SUAzbEcbPED9L/Ezxs8XPGD9r/Mzxs8fvEL/Lh66Ymn71vInpQE/3AUABAADY9ecDR4yakBcHfv3iyflk+mPXTc8m1jPTn9wyK30tm2Sf/lRTLrbDu3FyS7p5yur089mtacrKjfsk/oz4s+LPjD97+98Tf2f83fEzxM8SP1P8bPEzxs/qNX4AUAAAAAbY/iPq0xvPGp9709nj0+HnNKQ3Z47MJuLx1H1fxJ8Rf1b8mfFnb/974u907AFAAQAAAABQAAAAAAAUAAAAAAAFAAAAAEABAAAAAFAAAAAAAAUABwEAAAAUAAAAAAAFAAAAAEABAAAAAFAAAAAAABQAAAAAAAUAAAAAQAEAAAAAUAAAAAAABQAAAABAAQAAAABQAAAAAAAUAAAAAAAFAAAAAEABAAAAAFAAAAAAABQAAAAAQAEAAAAAUAAAAAAAFAAAAAAABQAAAABAAQAAAABQAAAAAAAUAAAAAAAFAAAAAFAAAAAAABQAAAAAAAUAAAAAQAEAAAAAUAAAAAAAFAAAAAAABQAAAABAAQAAAABQAAAAAAAFAAAAAEABAAAAAFAAAAAAABQAAAAAAAUAAAAAQAEAAAAAUAAAAAAAFAAAAABAAQAAAABQAAAAAAAUAAAAAAAFAAAAAEABAAAAAFAAAAAAABQAAAAAAAUAAAAAUAAAAAAAFAAAAAAABQAAAABAAQAAAABQAAAAAAAUAAAAAAAFAAAAAEABAAAAAFAAAAAAAAUAAAAAQAEAAAAAUAAAAAAAFAAAAAAABQAAAABAAQAAAABQAAAAAAAUAAAAAEABAAAAAFAAAAAAABQAAAAAAAUAAAAAQAEAAAAAUAAAAAAAFAAAAAAABQAAAABQAAAAAAAUAAAAAAAFAAAAAEABAAAAAFAAAAAAABQAAAAAAAUAAAAAQAEAAAAAUAAAAAAABQAAAABAAQAAAABQAAAAAAAUAAAAAAAFAAAAAEABAAAAAFAAAAAAABQAAAAAQAEAAAAAUAAAAAAAFAAAAAAABQAAAABAAQAAAABQAAAAAAAUAAAAAAAFAAAAAFAAAAAAABQAAAAAAAUAAAAAQAEAAAAAUAAAAAAAFAAAAAAABQAAAABAAQAAAABQAAAAAAAFAAAAAEABAAAAAFAAAAAAABQAAAAAAAUAAAAAQAEAAAAAUAAAAAAAFAAAAABAAQAAAABQAAAAAAAUAAAAAAAFAAAAAEABAAAAAFAAAAAAABQAAAAAAAUAAAAAUAAAAAAAFAAAAAAABQAAAABAAQAAAABQAAAAAAAUAAAAAAAFAAAAAEABAAAAAFAAAAAAAAUAAAAAQAEAAAAAUAAAAAAAFAAAAAAABQAAAABAAQAAAABQAAAAAAAUAAAAAEABAAAAAFAAAAAAABQAAAAAAAUAAAAAQAEAAAAAUAAAAAAAFAAAAAAABQAAAABQAAAAAAAUAAAAAAAFAAAAAEABAAAAAFAAAAAAABQAAAAAAAUAAAAAQAEAAAAAUAAAAAAABQAAAABAAQAAAABQAAAAAAAUAAAAAAAFAAAAAEABAAAAAFAAAAAAABQAAAAAQAEAAAAAUAAAAAAAFAAAAAAABQAAAABAAQAAAABQAAAAAAAUAAAAAAAFAAAAAFAAAAAAABQAAAAAAAUAAAAAoKgLALUtDgQAAACUtY3xBkCDAwEAAABlbUIUAOodCAAAAChr9QoAAAAAUCEFgCcdCAAAAChrL1RVVddd5UAAAABAGauuuy4KAJc4GAAAAFDWBYBLFAAAAACgIgoANXVjHAwAAAAoa6OiAPDvDgQAAACUs/p/qaoaUf9NBwIAAADKWMz9FQAAAACgEgoANfV/62AAAABAWX8C8JexC8AnHQgAAAAo6wLAh6uqamrfm/0/7Q4GAAAAlKX2fO6f/YcTMnMcEAAAAChLc/K5f1V17THZf3jEAQEAAICy9Eg+96+qqT0y+38uc0AAAACgLF1XVV13dOwCcFD2/5zugAAAAEBZOj2f+1cNH7df9v98wwEBAACAsvSNfO6fp6bus5k1DgoAAACUlTX5nP/l1NR9PDPfgQEAAICyMj+f87+c6rr3Zf/Fkw4MAAAAlJUn8zn/K28A1B+X/Zd3ODAAAABQVu7I5/yvFAAaDs3+y7EODAAAAJSVsfmc/+UMbxyW/ZfVDgwAAACUlep8zv+q1NR9O9Pi4AAAAEBZiDn+t6pel+raL2f/YLEDBAAAAGVhXlV13RdeXwCoqT85+4cNDhAAAACUhYZ8rv/6AkDDUdk/fMQBAgAAgLLwSD7Xf12GN+6X/cOLM10OEgAAAJS0rnyOH3P9naa67nvZv9DqQAEAAEBJa83n+LtMTf3vZf9SkwMFAAAAJa0pn+PvMsPrj87+pakOFAAAAJS0qfkcf7epqbvfgQIAAICSdn/VHlNd92MHCgAAAEpYzO33mOH1J2X/8hYHDAAAAErSlnxu36fU1C1zwAAAAKAkLavqc6rrbnDAAAAAoCRf/7+h7wWAmrqvO2gAAABQkr7ejwJA7Qez/0GbgwYAAAAlpTlzUj8+Aag9pqqm9lEHDgAAAErKw/mcvs8ZUXdI9j/6HwcOAAAASkbs6PfTfE7fr9TUfTbT6gACAABASViR+XRVv1Ndd1L2P/yFAwgAAAAl4bHMiXtRAGg4NPsfjnUAAQAAoCSMqaoZ/6b+FwCGNw6rqq79WvYHLHMQAQAAoKgty+fwMZffq9TUn5j9IS84kAAAAFDUXsjn8Hud4Y0HZn/IZZluBxMAAACKUnc+d485/D6luu6vsj9olQMKAAAARWlVPnff51Q3HJv9YZMcUAAAAChKE6tq6o/c9wJAvhhg3ZnZH7jVQQUAAICisjWfsw9Yhtcfn/2hnQ4sAAAAFJWN+Zx9QFNT+4wDCwAAAEXlkaoBT03d1xxYAAAAKCpfG/gCQHX9CVUWAwQAAIBiMSmfqw94RtQdlv3ho6ssBggAAABDbWs+R4+5ekFSU/vJ7C9ocqABAABgSDXlc/SCpabumMz1mS0ONgAAAAyJLb1z82MKVwAY3rhf9hecllnhgAMAAMCQWJHPzWOOXtBU1x6f/UVPO+AAAAAwJJ7O5+YFz/Bx+1VV130/+wtbHXQAAAAYVK35nDzm5oOSEeNjS8BGBx4AAAAGVWM+Jx/U1NT9b5UtAQEAAGCwbM3n4oOemvp3+wwAAAAABvH1/5iLD0lq6i5xAgAAAGBQXFI1ZKmpO6mqprbZSQAAAIBCyufeJw1hAaD+0OwHGJHZ7GQAAABAQWzeNvfO5uBDmpra38t+kBlOCAAAABTEjHzuPeSpqT88+2FGZbqcFAAAABhQXdvm3NncuyhSU/v72Q802YkBAACAATUh8ztVRZMRdQdkP1B1ZoOTAwAAAAMi5tjDq0aMP6CqqDJi/AnZD1bnBAEAAMCAGFc1vP7YqqJMdd3Xsx+w00kCAACAfdKZz7GLNsPHxbaATzlRAAAAsE+eyufYRZ3qus9nP2ibkwUAAAB7pS2fWxd9auqPyn7YKzJbnDQAAADoly3b5tTZ3LokUlN3cqbRiQMAAIB+aczn1CWT4fUHZz/wf2bWOnkAAADQJ2vzuXTMqUsq1fW/lv3gD2Z6nEQAAADYrZ58Dh1z6ZLL8Mb9sh/+s5llTiQAAADs1rJ8Dh1z6ZLMiPEHVlXXjayyICAAAADsypZ87hxz6JLO8MZDsl9mihMKAAAAOzUlnzuXRWrqPp9pcVIBAADgVVryOXPZpLrusOwXGp3Z7OQCAABAbnM+V445c9lkeOOw7Jc6KfOUEwwAAAC5p/K5csyZyyoj6vavqq798+yXm+MkAwAAUOHm5HPkmCuXZYY3viH7JU/PtDnZAAAAVKi2fG4cc+SyzvD6o7Nf9N7MVicdAACACrM1nxPH3LgiUl33oewXXujEAwAAUGEW5nPiikpN/d9mv3inkw8AAECF6MznwhWX6vpDs1/+Z5keFwEAAABlriefA8dcuCJTU/v27ABc500AAAAAyvvJf8x9szlwRae67uTsQDzrTQAAAADK9Mn/s/nct+IzvPGA7GB8qcqigAAAAJSfhfmcN+a+km8NeHB2QL7nLQAAAADK7On/9/I5r+yQEXUHVdXUnp8dnC0uEgAAAErclnyOG3Nd2el6AEdlbqqyKCAAAAClqyOb296Yz3FldzsD1L0381Cmy0UDAABAiYm57L1V1bXvMcHf86KA+1XV1H80O2Av+hwAAACA0nrtP+ay2Zw25rbSxyJAdd2p2YGb4wICAACgRMzJ57Im//3eGeCAqhH59oAdLiIAAACK/rv/mMPGXFb2dk2A+tOyA7nSxQQAAECRWpnPXWWfCwAHZ/4pO6CLXFQAAAAUmUXb5qzZ3FUGpAhweHZQv6sIAAAAQHFN/mOums1ZZYCLANV1I7KDu95FBgAAwBBry+aoPzX5L1Sq66IIcG52oLtdbAAAAAyR7mxuOrqquvYwE/XCFwLO9SYAAAAAQ/Tkf7SJ+eC+CTDCmgAAAAAM6jf/8dq/J/8WBgQAAKCMJ/8W/BvqIkC+ReBKFyMAAAAFsrJ3qz+T/yEuAhycOS07IR0uSgAAAAZYx7Y5Zzb3lCLJiLovZSdmTmaLCxQAAIB9tCWfY8ZcU4osw+sPqKquOzU7QS9mulysAAAA7KWufG4Zc8yYa0oxFgEa96uqqf9odqIeynS6aAEAAOj/K/919+Zzy5hjSrEXAereW1Vdd5PPAQAAAOjXa//VdTdWVde+x+S/lFJdd1RVTe352QnscREDAACwBz35HDLmklKSCwMelJ3E72UWKgQAAACw84l/Pmf8Xj6HlJJeHPDg7ETGDgHPWhcAAACAHXT2zhW/lM8dpSzWBYgdAk7OTup13gQAAACgd254XT5XjDmjlFlqat+eneCfeRMAAACg4p/8/yyfI0o5Lw5Yf2hVTf3f9n7jsdWFDwAAUDG2bpsLZnPCmBtKxewS8KGqfG/HujY3AQAAQNlry+eAMReUilwg8OjsAjg9M8fNAAAAULbm5HO/mANKRS8Q+Iaq6to/zy6GpzKb3RgAAABlY3M+14s5X8z9RKpG1O2fXRQnZUZnWtwkAAAAJa+ld453Uj7nE9nhTYBhVdV1h2UXx+czUzJb3DAAAAAlZ0vvnO7z+Rwv5noiuykGHJJdKCOzC2ZZ1ba9Id1EAAAAxa0nn8PFXC7mdCJ9/yxg/IHZxfPZzIOZtW4mAACAorW2d+722XwuJ7IXbwLsV1Vd/2vZRfSfmUafBQAAABTd6/6N+Zwt5m4xhxPZx+0CD84uqJMzV1Rt2zvSjQYAADC02nrnaCfnczaRAU1N/VFV1fkigbFlYKcbDgAAYNB15nOyfG6WzdFECvtGwLhDs4vt69lFNy6zwQ0IAABQcBvyOVjMxWJOJjLInwYcm12A1ZnJmS43JAAAwIDr6p1zVedzMJGh2y2g7oCqmtrfzy7GUZkZmc1uUAAAgH22uXeONSqfc8XcS6RI1gc4PLsofy+7OEdk/7fZzQoAALC38jnViG1zrGyuJVKkhYBDswv1pMwlmdbMVjcvAADAHm3tnUNdsm1OVe87fympYsC7swv3f6u27UvZ6oYGAAB4ndbeOdP/5nMokdJeJ2D8CVXVdd/PLuinMysyW9zkAABABdvSOzd6Op8rxZxJpHx2DBi3X1V17fHZBX5a5vpMk88DAACACnzNv6l3TnRaPkeKuZJIeRYCGvfLLvRjqmpqP5n939GZSRoBAACgAkzaNgfK50LH5HMjkcr5NKDusKrq+hOyi/9rmUcyG70VAAAAlNHT/o29c52v5XOfmAOJSLwdUH98VXXdmb2VsVWZbo0GAABQQrp75zKT8rlNzHFEZJefCAyrqm44NrtZ/iq7aS7LvJBZpiEBAACK2LLeuctl+Vwm5jQxtxGRPhcDDqyqqT+xqro2PhEYW2UXAQAAoDhsX8X/scyYbXOWbO4ScxgR2ee3Ag6tqq57f3ZzfTrz08zDmWYNDwAAMIiae+ciP+2dm5xYVTP+TZ72ixRu8cBDqqprj8lutpMyX6+qrruh95UbbwYAAAAD/aR/We+c4+v5HCTmIjEnEZGhfFOgPrsZ636c3ZT3Z6ZWbdtfszXTpeECAAB2o6t37tDUO5e4P59bxBxDRIq+GHB0VU3972U37feym/fiqm1bbzRkFmdaNHAAAFDRWnrnBg29c4WLt80dsjlEzCVEpGTXENivqqbhqOxmPrmquvbL2c397Ux178KCd2SezMzPrNEQAgBAWVnTO9Z/snfsP7Z3LvDtbXODbI4Qc4WYM4hI2RYFhmU3+qHZDX9cVXXd+7IG4OOZz2a+kTk9c11vJXBOpl3DCQAARa29d+z+SO9Y/vTesf1n87F+PubPxv4xB7Bgn4hsKwyM2y9rGA7KGoijexcaPKGqpva92X/34cxfVo2o/2aupv5fsn82Kvv3LukVjUzs+1nfa6JGGAAA9srEHcbVL+Rj7e3j7hiDx1j8lXH5X24bq8eYPRu7xxg+xvIxpo+xvcgO+f85jRSVS6ED/gAAACV0RVh0ZGF0ZTpjcmVhdGUAMjAyMS0wNS0xOFQwMjowOTo0MiswMDowMF4XWtYAAAAldEVYdGRhdGU6bW9kaWZ5ADIwMjEtMDUtMThUMDI6MDk6NDIrMDA6MDAvSuJqAAAAAElFTkSuQmCC');
INSERT INTO `apps` (`id`, `name`, `url`, `description`, `icon`) VALUES
(2, 'LMS', 'https://lms.pmdmc.net/', 'Letter Management System', 'data:image/jpeg;base64,/9j/4AAQSkZJRgABAQEAYABgAAD/4gHbSUNDX1BST0ZJTEUAAQEAAAHLAAAAAAJAAABtbnRyUkdCIFhZWiAAAAAAAAAAAAAAAABhY3NwAAAAAAAAAAAAAAAAAAAAAAAAAAAAAAAAAAAAAQAA9tYAAQAAAADTLVF0BQ8AAAAAAAAAAAAAAAAAAAAAAAAAAAAAAAAAAAAAAAAAAAAAAAAAAAAAAAAAAAAAAAlyWFlaAAAA8AAAABRnWFlaAAABBAAAABRiWFlaAAABGAAAABR3dHB0AAABLAAAABRjcHJ0AAABQAAAAAxyVFJDAAABTAAAACBnVFJDAAABTAAAACBiVFJDAAABTAAAACBkZXNjAAABbAAAAF9YWVogAAAAAAAAb58AADj0AAADkVhZWiAAAAAAAABilgAAt4cAABjcWFlaIAAAAAAAACShAAAPhQAAttNYWVogAAAAAAAA808AAQAAAAEWwnRleHQAAAAATi9BAHBhcmEAAAAAAAMAAAACZmYAAPKnAAANWQAAE9AAAApbZGVzYwAAAAAAAAAFc1JHQgAAAAAAAAAAAAAAAAAAAAAAAAAAAAAAAAAAAAAAAAAAAAAAAAAAAAAAAAAAAAAAAAAAAAAAAAAAAAAAAAAAAAAAAAAAAAAAAAAAAAAAAAD/2wCEAAQEBAQEBAUFBQUHBwYHBwoJCAgJCg8KCwoLCg8WDhAODhAOFhQYExITGBQjHBgYHCMpIiAiKTEsLDE+Oz5RUW0BBAQEBAQEBQUFBQcHBgcHCgkICAkKDwoLCgsKDxYOEA4OEA4WFBgTEhMYFCMcGBgcIykiICIpMSwsMT47PlFRbf/CABEIAE4BIQMBEQACEQEDEQH/xAA2AAACAgMBAQEAAAAAAAAAAAAACAYHAwQFAgkBAQACAwEBAQAAAAAAAAAAAAAABAMFBgIBB//aAAwDAQACEAMQAAAAgW5+cegAAAAAAAAAAAAAAAAAAAAAAAAAAAAAAAAA8hGGVJSq5GWVPHvn757+h+e+evOvHvPTin5ssH4H6Gzz1h98z+egavXPchn4c0H4AHcin4skOQMvnuL0y+AGL0x++bvHf4Gr1xn898B2oGY6ypKVXG4yu1R7afPrfp7++c/p1r02QavJbddNLkrfpr7E2ioOox1lI2P0Xxf0FCddhnNzes4MsNNWVVcFdaRJhZF9VimKpdAx1NfxyaDiTQTpR2jLSma+h01WPVsemgo60pnEzmrwe+Llc0DJ01/TljVqteZuOsqSlVx+Mrtfm9tPn1v09+xGa1tB6HLXln9RVNzn+O2jqyw01Z1DD01+z1FpEo1GOu2ruKhsaq+am7XS5oLarrZWr/MPFltmvNxQuNm9ZW71euF1n4pOs82W2fz51+EdfMbCCtJ2Um/Vjtf2I5efJEsd5nJEs3HWVJSq4/OU2vzd2vz64Ke+uai0ccZU7K7Sya7D/QbH7tK9Pj6sfrHCzms8BDGU5fA1UNhVXzU3camgnKrqK6vEvFltmvVxQuLm9XW7yFhJPqHoss+WU2q5XFB0vO4KynZSb6ManGMPTX7bZ/UKffZmlLKpjrKkpVcfnKbX5u7X58wlPfTGtt9xZqbHqvaPJ8nuN0c3rfndscE/2R3PU4krZ2v0euKhsaq+am7XW5oHAzWu+eezwDxZbZr1cULi5vWVu9XrhdZ+KTrPNltn8+dfhHXzGwgrSdlJvwthUDkSwrHeZyRLNx1lSUqufQvI7mrn62NTr833mZJvy+BilLakuKttuHNCi+qxX0Mxu9TTS5Fw87q62dr6hsaqwE37wq7nhywIdrMSyNJor/qbvmdxxyddcLrPxSdZ5sts/nzr8I6+Y2FLWdS4ec1Wv74ulzQMDUXlMWVStNzQR1lSUrOaHce1z3ypIc3nubzrEeaMkUxWchbSWL3ztQz8qWHc579ee6/vOp3xLlm+BNBo9x7PPcqXZiDKu/x3j980e+N3jvW653uO9DuPsRTZPPeVLF0o5PAZ+JI6ypKVnA8zeexBpPvwMfoefTS64mKrlevVwFu1N1F2VYU7Xz1Cyw9cwh2vnaVjpdxRdlW1qy3ijKcObSnyFlwGFeBOuBL1HdbrmMsqS9R7Qkhx++a3XNmVtrAnUI6ypLFXPHvgAAAAAAAAAAAAAAAAAAAAAAAAAAAAAAAAHvnqJtpf/8QAKRAAAQMEAQQCAgMBAQAAAAAABgMEBQABAgcIEBIVNhQ3ETUTMjgYJP/aAAgBAQABCABpAM1IttIPfCj9eFH68KP14Ufrwo/XhR+vCj9eFH68KP14Ufrwo/XhR+vCj9eFH68KP14Ufrwo/XhR+vCj9eFH68KP14Ufrwo/XhR+vCj9eFH68KP14Ufrwo/XhR+vCj9eFH68KP14UfpeAj/gPXTKpL1Ifr+PP8fnpbHLK/4tfDO1vze1r3v+LfxqdEYSZco4roXte172vWOOWeVscfgvqTSVWy7U/gPq+A+rLHLDK+OTYXJXjfBy2yxywyvjl0ajJI+b4uWmeGaeeWGaTZwta90vgPqzbOEr42U+A+r4D6k2zha17p54Zp5XwzYRUpLKZJx7+MkopXFKQTSVWy7UvgPqzZu08b5Zwv6sl6SXqQ/WESs11hGO8a0r7W7o2bfLEZtKtVIXWOI3K0x+okK1AMMpd+7kn0zsYagZm0Q73ZrloiH3J8a09HWk9ljSN+9PPLJOtbTsRq/Y8v5kK2INn1n94Um3QEic27hZLUAvCmx4XGDkn3UFCJD4F/yCCIuUFFyRCuO4TGEk5Iy0mVbnDA0gtAv96AsWRiDqfZ8YPVJqp/dwKNzDyIf7G2ONHxIB4wpUURQdDqy8p/0VreuM2dsx4hztsGGzIt4P4jGXlhDUAkjneMkg3cgive2gozOE2wQxahntAVA3jZpM7B3eCkgZNRLCF/VkvSS9SH6h7Wy0wxtetK+1u6srZ+tMR6mlWa9iKUWyzdXeDsitfRrxPNOWjrbwCZgeIcJhcl3gWFI04Hntcao7J0dO3lx2dTe7LN4u+5Y1vFbNJEEOLH9C6t7/AGqQ1xf9Zna3H9mEtFW9Buf186HEq4x+kytb3+1SGpb6Ye1xg9Umq3D9mEtCftMDXIP6ykOnGD1icq/+nK5N+hxtaV2oKgcBIsZjTEq1nN1Fco05QezQXSF/VkvSS9SH6hvplj00pa9yp5+I5327AnWlAbS0G9OXrgS/OetW34FiaTEJ1nMxo6Sh+4BVdLLamtXeu5rFPCuLkbfFmSyd9azyTjfhlbPkwws3N493hxY/oXVvf7VIa4v+sztMIgWmd8mTck2drYBidfzknGVxj9Jla3v9qkNS30w9rjB6pNVOP9MJSzvCbJlIBXcqOY+TKjKESrmS7TfaeWA5jAe4wesTlX/05XJv0ON6cZ/fn1E5yFirlBvP7+MhEsxHbD0L+rJekl6kP1DfTLHpxsTwWO5BNScTTht65NEizBKDFS1zlreJQS1Ci+z19qSa2IwePI+AmZPV59nnhveJSlNaS2d647RuDHW6Diw5pYaGCrAmaco45VSKG5K3Fj+hdW9/tUhri/6zO1uP7MJa2D9IvenGP0mVre/2qQ1LfTD2uMHqk1W4fswloT9pga5B/WUh04wesTlX/wBOVyb9Dja4/hAmTjUo5mdRMWkbvMwZM+UHs0F0hf1ZL0kvUh+g1olIaxgGSuXGUFxtWrhpiH7yI4Nifu02XIeCUU3yzaD4C4xw1/8ASTGuNZdHxshJjzyc0MHT5SvPueRJjHxwnmOJ1Hq2FNEoroD2xCxhPxLt5yEjLyGtXi1uLH9C6t7/AGqQ1xvNI+HkJIekCnRwcWkmc895BGEXDhriAwrjiZR0FOSULIl+kREzIsp19vEyjBUJdQbXjB6pNVuH7MJaE/aYGuQf1lIdOMHrE5R7NXHN5vZiiGAFttibdK8FBCWnBN3atCyuU5tsjlcj/U47sF80eyh3oIRFxGXmWcL+rJekl6kP15giZ4po01ky9/8AyfEwlZTB1m7wlMJxs8wylVFCOXZqqqNZSdvikxauWzpivkg5xMtkM45BSyy6zlXNZenboiwQyTeJIrL5ZWRWmJZylkksmpMxOPcnez+SWVVvWBieRaCLbDBtJyfyXOFrXve1rOGL1pa13MST7Duhk1iF113S2ay+LiaiL5oY4NZWVu5cp4Z5p5454OJWUdpXScKN3COCSijBxNJ45YR6y6zlXJVZjLko0p/4Xr0rJsFXj1is/RcY2YOpMnYr5t3V3ZI+bZfmF/VkvSS9SH6KFWLtWNdNBt5HoxhC1dUSPm8hIILIRr5u3hJxqoLPG0cTwb11LWQtIuP4H87FrgTCJw6bMKh8iRQxiQh5BM3b+0zRVOx0tAj7ZAGmY6IeSab+jaXiJXxl2EI7j8B0hZuG+WOC6WWW0SmBIcWCEQMu45KLn2juj6bjZ1+m7aQr5uzZzyavQhfMnsRB2TGJZOIVk81KMX7KReM120U+btoifbqDLxvHkkK8czNm/lHV24qVD0WEyEa7hf1ZL0bykAtCso+S7wqu8KrvCq7wqu8KrvCq7wqu8KrvCq7wqu8KrvCq7wqu8KrvCq7wqu8KrvCq7wqu8KrvCq7wqu8KrvCq7wqu8KrvCq7wqu8KrvCq7wqu8KrvCq7wqs5Ecax0khHV/8QARhAAAgEDAgEIBgcFBgUFAAAAAQIDAAQRBRLSBhATITFVk5RRVGGztMMUIkFCZHGSMlZissIjJDNSgqI2Q3KB0XODkaHT/9oACAEBAAk/ANYgs1uJZY40eKWRj0O3J+opH3q5T23lrjgrlPbeWuOCuU9t5a44K5T23lrjgrlPbeWuOCuU9t5a44K5T23lrjgrlPbeWuOCuU9t5a44K5T23lrjgrlPbeWuOCuU9t5a44K5T23lrjgrlPbeWuOCuU9t5a44K5T23lrjgrlPbeWuOCuU9t5a44K5T23lrjgrlPbeWuOCuU9t5a44K5T23lrjgrlPbeWuOCuU9t5a44K5T23lrjgrlPbeWuOCuU9t5a44K5T23lrjgrlPbeWuOCuU9t5a44K5T23lrjgrlPbeWuOCuU9t5a44K5T23lrjgrW4LprWNZJIlhljOxpFiyC6gdrjm9av/lUpx+XMCaUgflzI3/xzabdyRMMiRIXZT+RAoYI5gSScADrJNWs36DSM7YzhQSatZv0GrWb9BoEEHBB6iDWiahNA4yssdtI6EewgUCCDgg9RB59F1CeBhlZYraR0P5EClKupIZSMEEfYahkcA4JVSatZv0GoZFLHCgqRmrWb9Bq1m/QahkcA4JVSaUqw7QRgirG5unUZZYImlIHpIUGrK4tZGGQk8bRMR6QGAqNnOM4UEmrWb9Bq3lVR2koQBXd0fxcPN61f/KrLQy8nYWJ/ysbcdR5u7pPeJQyfocrge2Mb6XIiWd28NhXqsv8AKaiWWOz2LFG4ypkfJ3EfwgU0/TDaJXRMxw7wCNxJH2H7AaVU1C2liE5XseGUhAD6SCRzLkJd9P5dTL/TTAsACy56wG7Mj24qaUwWiXdjvij3FnSUDOP9NPO30Poum6WPZ/jbtuP01Jdi7ttnSBId6/2iCQYP5NVuLixj1SaSwSUDBkuJGkDsvpRaN206FBPJDEHig3gEb+sH9INQRx6jYGNnlUYM0DsEKt+WcjmhE8OliHoYXTKPNNnDH/oC19La4UJ0zwxBo4BIAw35INW0Z1PT4ROs8eAZbcdbhz94BcsK7z+UtS3YurV9koSAsuaedjZ6oDL0sez/ABZIuGjILWN0RjGu9sucDqqa+8vXYdU+WKcp9N1O2gLgbigdEBarU2+nwukEMNum6SWRgT9pGWOCSSatzNZyM0Mkc6BZoJQAcjBOGGQQRT73srG8ty2MbjDcRpT3CyzxGVOii3jaDipbs3V1BsiDwFVzuBru6P4uHm9av/lUB/wqnwvN3dJ7xKIIUKuPQk0f/nNIQIbMxP7GeQED/ZTbgUvQp/hRnVf/AKFHM5eOVE+1lI2moy1nqSR4lUZWKZE2mFj6cLmrLTEtJ0iRnijlEoELhxgtIR93mU7LTTZDux9+R1QU+HtLfTBGpPWw2M7kewFxQIR7hLj/AF3MazP/ALmr8B86vwnw0dd4r7sV60PdrVjqQvZrKGDpZFj2b025JIcnm73f3MdfhPho6/dR/ha7z+UtetD+QV3la+9Fes23vBzd4j3YrvAfDV31D7iajdCae+MydFFvG3Yq1u+j3drezxbxg7JLiMiu7m94ebu6P4uHm9av/lV+6qfC8w7NNk95HR/b0+0lA/8ATLKf5qHR28eoON3oSDfJ/K9DJOnz/wBVMont3ztcZSRT1MjD0EVEk0UiCO+sZf8AEgc9Y/8AKOKZ5tLustaTn2dsb/xrzYxJLBbp/wC2C7fzCm2/SheQRDt3tbSr/ShNQ7VudLTc+3AeSORwfzIGK/AfOr8J8NHXeK+7FRWslmtq7oLh9idKDCBWh2sNxFbq8MyFjjLgZHN3u/uY6/CfDR1+6j/C13n8paTk4dSD/wB4+kwQtNux98stC0GmHU9O6D6IqpD2R7toTA7aFkdN3pv+mIrw7s/VyHBFJyeGqEQdB9EhhSbqmTdtKAHsrvEe7Fd4D4au+ofcTc3c03voq1CK2mlj3xq8TyEpnGcqpq+iuTbG76fZG8e3f0e3O8Cu7o/i4eb1q/8AlV+6qfC8yhkbRpwfFipjsuNMCD9PSY/2V1reByAPsaeNLesPLJpN1t/gGHq+tLdLaYRMJ9+SSN2RtBqfc+nX8tpdiMnZPFHJskX7Mg4yKRTLZtDcxE/dKOFb/aTzZzfXtxOf9J6H5dX+ovdq877JXjMRM4KnICA/eoDo4LmeBz7Z1Dr7s1+A+dX4T4aOu8V92K9aHu1rui1/o5u939zHX4T4aOv3Uf4Wu8/lLXrQ/kFd5WvvRXrNt7wc3eI92K7wHw1d9Q+4mrSILyaLUDGjyA5CdGpqFYraCC/jijXsREuYwBXdze8PN3dH8XDzetX/AMqmYR3OgW0Lle0CSAKcVqes+LD/APlUs0lta6QQjzEFzv6BzkqBWOjZ7GJ89m2fMZoGR9Qv4IEz/wApVzN8uu57r+upVie/MctozHAeVMgx/manvEM86zz2sZRYXYY3fdyA/wB6p1a/1F498SnrjhiYSFm9GSOY9BLDycMyEE5WeeLeD+t61/Vri2gvYJJoWvJSJY0cFkIJwQRRObG6t7jGM5y3Q/Mr8B86vwnw0dXCQi/Mctoz4VTMmQyZ9Lipb2OaYxmeGGRVilMYA68qSMgYODU6NqOpGNBCDl4oUYO0jD0HG0c04hTU1iNs7vhBPFkbPYXDVNexTyCMTxwyKEl6IbQTuUkHAAqZE1DUIBawW6BTstzhZCw+6mzKiu8/lLXrQ/kFd5WvvRXrNt7wc3eI92KDsLLVLaZ0Q7S6IiFl/wC4q8eXT5pEube5tnAZXQEfeB68Eggirt47JJHuJ7i4YGSRyAABgDJwMKopNhvbO9uNmc7emuY3xV3fQyW0JiQW7xqCCd3XvRqv9Uee0g3xrLJEUJyB14jFd3R/Fw83rV/8qtRv4VWNCidNIgCEArgZ7COyr3VJ+jTfJ0Ukr7F9J2k4FX1yty67XmErCRh6C2ckdVLeR3e1XU3IdZdoPURv68ZFPf3drAd0jsZJY4zjtYnIFXt6VciOOCOR8NvONqqD9tQyQToRujkUo656xkHBFa9rkVi/1IZPpEyxnZ1bUbP2VK8krnLO5LMx9JJ5p78Q72hZZWkCb0wShDdWRkZFRu5VGchQWIVBlmOPsA6ya1C6kjb9pHlZlP5gmnu7RZcdal4g+FDj0Z6nB/I101zKEMkjfWkYJGOtmPX1KObX9ZtoTGGijF1NGuxuwqM9hqG4ueiXpJ5QrSbF/wAznrwOrtNDJNWs0ILugMiFMvEcOvX9qntFaxrhhhTJitp5ysa+nCHqFSvLK5yzuxZmPtJqa7tDu+sgZ4vrYHaOrrqC5ujEu+eUK0uwel2GcDq7TTFWUggg4IIq/uZYz2o8rMpx7CaidElUtGzKQHAOMqT2iprtVLruWBnALP1LkL9p7BUjySN+07ksx/Mmr+/055UDf2UskBdG6weojINXGpaklsuXmlaS4WFfaxztFSTpPIRGohLB33HqUbes5NXuowTJjdHJJIjrkZGQTU+oTwOsmctI6MIgGf2EKCCfRXd0fxcPN61f/Kq+hn3adZQyRKsivC9tbxxMH3qoOSDjaTVxbxPdWiLAZxMVLo4bqMAJ3ejPVzS9Ii6dp8JOCMPBaxxuOv0MpqXbLcpbiJcH62yTc1SbLe31G2mlfBO1I5AzHAqS3eLdlWtul6LBHYnT4fA/iqRfpkPQFwFfJ2z3blST9XCiVSMennkJK308sgKFNxYBBJ1/5goq6kgguLUW++OMyPiWVN+MEYBQEE+jmlL3Nq04uMqR1GKBEOT7E2/9quHt4dQ097AzLD0/Rid03Oy7lO0KDzS9LIsGZmHSALlEUIRJ99SpztG2riCKef6O8AmE31zDvJCGIEb+sAb/AKtHAV1JPsBqUPFbXl9JkK67heCKZnO8DtkLiri2he6t41hNwJyu5GzkGAE7h9mermuTM7vOZiVKgBW6OLAIHV0aLUuxrnTuhiGCdz9PE+Or2KefUDcXUcRSaIK6LEqRxImVb6u/6pUlDhlVSeupAnT6bPCh2k/2hwyYx2EMAQebUWvXa2JnfY8aiRpHbqR/2CwIZwpK7ycVLtkubaFIVwTuZZ0cjq9gNPsgt9QtpZXwTtSOQMxwKlt5Yi+5Gt+l6LDDOF6cB+rs66f+/wAyalHD9RjsFzbbQcgffZAtd3R/Fw81vfF7Wad1e3kRQRPt6iHU9m2oNX8aHgqDV/Gh4Kg1fxoeCoNX8aHgqDV/Gh4Kg1fxoeCoNX8aHgqDV/Gh4Kg1fxoeCoNX8aHgqDV/Gh4Kg1fxoeCoNX8aHgqDV/Gh4Kg1fxoeCoNX8aHgqDV/Gh4Kg1fxoeCoNX8aHgqDV/Gh4Kg1fxoeCoNX8aHgqDV/Gh4Kg1fxoeCoNX8aHgqDV/Gh4Kg1fxoeCoNX8aHgqDV/Gh4Kg1fxoeCoNX8aHgqDV/Gh4Kg1fxoeCoNX8aHgq3v+mu4Eh3TyRsiqsqSk4VQc/U5v/8QAKBEAAQQBBAICAgMBAQAAAAAAAwABAgQFEBETNBIzMTUUIRUyRSMk/9oACAECAQEIAJHmxJQhzHXMdcx1zHXMdcx1zHXMdcx1zHXMdcx1zHXMdcx1zHXMdcx1zHXMdcx1zHXMdcx1zHXMdcx1zHXMdcx1zHXMdcx1zHTHnyQhND7VheUdHdmXlHTyjo5wRfaWvnBO7N8+cF5w0ewCLuzs7PrKwCL7SZ2dt2eUW+fOCaUX+POC84J5Rb5Z2dTIMf8AeBBkbeDuzfPnBeUUb3VtB9qwifZS0zfUgqU/C2B1lpNGiRkP2QWZtTCOAoBxtmwFzQw1qcT8DrJT8KJn0uiLfpC47NM1Tw5QY21YFEsMictarXrMDG2rAeWGItTHYYLrM2phHAUAY2zZDywxVqYLERPnOwNCxlow4khTpHqBtuUACWSMMf8AD3Vm22KFlULw4uJEMdjIWHZThZx1hlliMXHhIq1E9uMpCqYu2GyIkje6toPtWET7Gemb6kFt4MIjZucXrhZmj4mgyzsJeQZrD2ITrMFBxVcBolis3ParCKMJ40601jJvOiF3z3zXWK6AVnPeJY3ogVbFHBagWSznaGsV0Aof2MVnOwNY3ogVj0FWI70NM57xL/DWD7c1lKNi0aEhZEchYyvCWC9BdDe6toPtWET7Gemb6kESH/gBNXyc46MI2m2yBFYAOyKQ5mDYx52VC9G4P9rOz3mGCuieOJqrBz3rEis9811iugFZz3iU5nHiazho3LRLYoTWc7Q1iugFQ+yis52BoTZLjjxA5v41+YPNyNw0GyP5Y+bOe8S/w1g+3PTN9SCDVsnZ3FiK1gEjcpvdW0H2rCJ9jPTN9SCaHlhndVHke3Uirf2BFcyIqc4wmYY79NYojjuj0zE3ldkyNkjnr8EsFNmKaCz3zXWK6AVnPeJY3ogVD7AWmc7Q1iugFQ+yis52BrG9ECsegqxHehpnPeJf4awfbmsxZOE42HkJSniq0pYL0F0N7q2g+1YVmTwumk385bV887OLAWdSHnhjssPDzus6t/YEWbrznGBoiytkNdgxw9aZLDGdTb8jKOznp15BJGGIn4XYMs9811iugFZqtMkIGgDKWa4OKGIrTJZYumarTKOBYV8nZrB4oYutM9mJHznYGsb0QKx6CrEd6Gmc94lVFz4qI0Ex8fYd2KWxkbEVlR8WPANVMganGUR1cvZPYGORvdW0H2rC4a83d1IVSG3k4hPFouPgeDsJmrimzNIQP3OUZRnHeP41GRHZNFoszMoMB33g7s3ywhxfdv8AkVbwGzNp+NTI7uvIY/GOkZwn/UgKTP5EjGMWZo7BL+08hC8YumGOL7s0ou7s02F8zZmi2zSHXP8A2jGsB2jGbQeL+cR15s0o+NeEkb3VtB9qwq7TixIysQm5ASiq8HHB2ckHkYMmswkSuaERb8cd4BI12ZX0xtY9d5ct0ZiQhxKoAgSmeV0RSxHxqmIonL5mhNzgnGX7i6xtY9dyOWxCbkBKKoAICEoyNB5yC7aV4TgU+9kXMw20pjmOE4yLB5FBJrEZTAWMQ78cfKzVOS6MkDe6tpIR4mnMe1xbXFtcW1xbXFtcW1xbXFtcW1xbXFtcW1xbXFtcW1xbXFtcW1xbXFtcW1xbXFtcW1xbXFtcW1xbXFtcW1xbXFtcW1xcViZRSIv/xAA3EQACAQEECAUBBwQDAAAAAAABAgARAxAhkQQSMVFSU5LBQUJisbJxEyIyVGGBwiChotEjgvD/2gAIAQIBCT8Asi5UAkggbfrNGbqWaM3Us0ZupZozdSzRm6lmjN1LNGbqWaM3Us0ZupZozdSzRm6lmjN1LNGbqWaM3Us0ZupZozdSzRm6lmjN1LNGbqWaM3Us0ZupZozdSzRm6lmjN1LNGbqWaM3Us0ZupZozdSzRm6lmjN1LNGbqWaM3Us0ZupZozdSyxZdckA1B2CvhduTvCLyLiLrVAdxYf0MIYwjC61QHcWH9FqgO4sIaiERhCIwjCEXOq/U0jq30NYYwjCcbfE3bk7znn5XcwexnGBnPEqBnOIQ0L1qRuEA1caAnE0hqjA0G4i7xFMzS4DWYq9Cd4gH3q0oa7IF1WrSphoxQa9NwFIFp4AmhMJKPXDcbjQvWpG2ggWnhU4mkY/ZuaEbiZy+8C6rbMYB96zwoa7AZTWMC5zlzyoxh1nOJJOAENHGII2ETzOpzUwCgNDU0gXVVqnGcbfE3bk7znn5Xcwexn/iDD+J6j6ATes2UIho6Vw3gmtY1oWBriRS7azjITzF5tAIyNJ6+09XyM4O84e8dNVWJoCbuWPcz1fIz8wPlOX3nDOBvabm9ruDvOD+U5R9xFBAShqaT8SsoORnHdxt8TduTvOefldzB7GeFo4zpMW+yGZw7TmTYcwYSCMVcbDMLRfxDuLvAE5zw1Sf+whxD/wBiJ6+09XyM4O8LBtby7sZbMVJxBN3LHuZ6vkZ+YHynL7z7fU8NUmk1tfUeutt8Zr6/hq7Z9vqY11iabJwd5wfynKPuLuaPYxCwBxpEK1ApWcbfE3bk7znn5Xc0exnlta9p5CMlJac2IxJFcIPxrrLXwM2NVTd5VA7xEC0AwBrhNpUHKevtPV8jODvOHvOM3cse5nq+Rn5gfKcvvOGcDe03N7XcHecH8pyj7iWjKClaA/rCSSykn9jOO7jb4m7cnebRbMcjEssj/uABmtMabMKieo5YzyKT2nNgqFBDQLQAgNjUQfcSuO8m7ENbU/YGWNmGKEA6owM8wI7z19p6vkYCdQEN9IFoK0JGIrAdRK47zuuWupUNvoYFIxoSMRWA6iHWJ/UbJy+84ZwN7Tc3tdwd55kIEWjiqlWiguQAANgnlZRkpioQxriDEswGahoD/ucbfE3bk7yzQ4mpoDjEshXAVAERdUbBTCahXx1aUgs0Y7NgJlmm8kgQgg+IxEsrIuMSKCsAAHgLglduFIQIig/SarU+hlFFaDwxN1lZMa4nVBxhVa4KNmVzA4A4HfLOyBJ2sBjAANwgR8jGVa7BsuRQf0EIJG2Bf3goIiPQ0xANILNC2wCgrAKDHGKhB8QAYEDYbgcZxt8TduTvEI/5HIOFCGYmKxCsSaU73Ch+0c/sWJEGClqn6iCrNZsB9SIGB9VK/wCOEH3DWmzcv+rxSqgDGsWpVtbbTYDS4UVgtMyTFBKOHoTSuqLhQE4bO0DELWtKeNNtZugxZUHTUUyisQrGtKfyuWgwplj/AHgrq2lT9KEX2eqpNQcDXEkwVpaKf28brPUGtgKg4U3iDBWJORgqWRgPqRAwPqpX/HCD7gKE48JnG3xNzJRgMGB8I1lkY1lkY1lkY1lkY1lkY1lkY1lkY1lkY1lkY1lkY1lkY1lkY1lkY1lkY1lkY1lkY1lkY1lkY1lkY1lkY1lkY1lkY1lkY1lkY1lkY1lkY1lkY1lkY1lkY1lkY1lkY1lkY1lkY1lkYyUQk0UHxBF3/8QAKREAAQQBBAMBAQACAgMAAAAAAwABAgQFBhETNBASNTEUITYVFiIjM//aAAgBAwEBCACFaDigSfBXXBXXBXXBXXBXXBXXBXXBXXBXXBXXBXXBXXBXXBXXBXXBXXBXXBXXBXXBXXBXXBXXBXXBXXBXXBXXBXXBXXBXXBXXBXXBXXBXXBXT1h8RJjRenWXrLwzO/wCesm8esvEa1mcWlH88+k0zO/56TXpPxGrZlFpRdnZ9n8RrWZxaUXZ2d2doyf8APSaeMm/fSa9Jpoyf8dnZ9nGIpXdhkEUT7EZnf89Jp4Tb9r9e54L06yD8mHjTveIshDko2YrBweWSE6L/APIiwFMZyEMSxlqdawwCZ6mOdZ7LLEj5MjXbxjzBxuQNy079e978NjL06ppBJiq4bl21blZy9OqfhJnaYy1ZHZYCmM5SGJZy1OodgkzVIdirM0dOdUyPmKVcsxTv5CvesUmDZsiqCcpf+ex608+4DurwXsZqYkUtXF1WdDJUy1V1hBOHKWBPbyNalOMTXczSPUMKFfr3PBenWQfkw8ad7xFuxHMN9Ojk1o8neXuAjrTZI+lgaz1Ug7bnVjNWrIJAmtOjeVyc0AzTv2xrLjiPI2Gjpr8tLNfTOtOdYyy30bCt5utYpkBFac6ZFmvpnRfkzWnOqZZb6NhVe0BZ35xPGnOsZP8A7GtRdIaw2Sq0wEgbElgbMWiQ1H2AeK/XueC9Osg/Jh4073iIU9snYGsYL+cuRJKk++LE71bJKh4mHXsVcpWdZPHSoFbZabHsOwRY8zSzlzfUUHa2Oa01+WlmvpnWnOsZDHXLm7bWMlQpConmNac6ZFmvpnRfkTWnOqZGfE8suazwPl48Fh67Cf8Aoyb4p6JeDTnWMn/2Nai6Q/Gne8RWLlStJonzlurZiDgr9e54L06yD8mHjTvdInn6Z9oq80a9K9N6PyxKjijXxyJABSYy+s0JiY4u6wI2hjoSQMRXr2v6Y6kG7hrkWmvy0s19M6051jLLfRsLJfLN4050yLNfTOi/ImtOdUyy30bCq9oCzvzieNOdYyf/AGNai6Q1gqlY9Ysi4uER5q3CGo+wDxX69zwXp1lUgxMcCD/9dpLG14VMzYDC7Pjz9eSzxPTHyiqPyhLT1qA5krzNhah7T2JZ63AVVwMoP/Lh2dq9+1CwKU86P3x03Wmvy0s19M60/bgKZK87OHqWrHPPO2xiqSD40/bgEpAEtYepbPzTzNsdanMTac6pllvo2FV7QFnfnE8ac6xldN/PmplRwVspVizgDVxVWTLCF58pYKruLr35xmW5g6leqUsK/XueC9Osv6LQ2aKge8Tf0Yxmm82L/RGbOZ5Wzwd5QPZ2YcJRmOTxk1vIwFF1KUpu8pKcrLM7TaMpfjlLJtn/APcFbEK7v4/rviZopolL7SZSGSG3sKzkHb1FKUpu8pbnD/hNAxvaTM7s+7SKWTbSeMoszuNz/wCWG7vJ93gWzWf/AMJzt2Wec4ORpN6TJZHJ4z9rM4qv17ngvTrK245uKcKsxxFYhNWSRISLxESMQHg9WcR2gTmb15ZepLApY8YW8Za5WtNBg48lcUycyvWRHDXjDHGCGZeVXzhMweOvMbVrMJRfaTOstbr2eJgVZjiKxCayVkVkkZwASMIWGfxaJAga7NUPwOV/F4sCkhKISRgGxF6s4jsgnI/ryz9alysLHlFOv17niJq0gDGXegt6C3oLegt6C3oLegt6C3oLegt6C3oLegt6C3oLegt6C3oLegt6C3oLegt6C3oLegt6C3oLegt6C3oLegt6C3oLeguarAJoCX//xAA5EQACAQICBwYDBwUAAwAAAAABAgADEZLRBBASITFTwUFRUpGxshNCYiIyVGFxgaEUICOCwnKi4f/aAAgBAwEJPwCuqBiQAQTw/SaWmFsppaYWymlphbKaWmFsppaYWymlphbKaWmFsppaYWymlphbKaWmFsppaYWymlphbKaWmFsppaYWymlphbKaWmFsppaYWymlphbKaWmFsppaYWymlphbKaWmFsppaYWymlphbKaWmFsppaYWymlphbKaWmFsppaYWymlphbKaWmFsppaYWymlphbKaWmFspXV9gAkAEbibdurxVOkB1CA6lOqjUK94Ukf2KfKC8U+UU+WqhUIPAhT/ZRqEHtCkiCxEBMU+UBinyinygJ1U2a3hBMRlJ8QtBeKfKKZy1941eKp0n4Ye3VyT6ictj5b58oYnytPCYoIp2Cg95hba3XIG5b98ADoRc94O7V2NtYRfUTsqHS4F+BhJ2LXuLcYW21tew7xeDaQVCUB7yb3hba7SBcLeACpTtv7xqW4p22QeFzlC21uuQLhb98UfEpjaDd6jiDOZ0ELbSmxsISdmrvuLcSJfZBHAX4xnwztq9J89RR/Ai7NMbgFG8mDaQ7iDxBhvsI6+TCFgWFxYXhbaZSBdZy1941eKp0n4Ye3VyT6idnowg+6myf1J/+TueH7Vw0BNOpbf3EC1olMKwAJAN/XVwWmfMmfItP0JnAkNiFzPo6z6faJzOk8XSJU2mUC5At66uafQT6faJ+FPtnM6CeLpOYvrPEvrq5nSeP/mc4ehjEEvcWF+yfdZHIxCcvrq5a+8avFU6T8MPbq5J9RO2kh8iZuUVj5Lc9Zyod48iO6AFSLOh4iEmk33T0OrtZV8ofvBgP9SINzU7X7yDPo6z6faJzOkCFdm42uF90oIGC7iBq5p9BPp9on4U+2czoJ/TfE+baC3mx8P4lO2xbZ7O6bHw+3btb+Z/T/E+zbYC7XEd05nSeP/mc4eh1ck+olQKSLi4lQNslr2nLX3jV4qnSfhh7dXJPqJ89C3WcKgPmyhZyY6KFa2+NfYcq9uBHbOK2YfsdXzszdOkeoXuTYkW+1+04KxXEL9J9HWfT7ROZ0ni6TljVzT6CfT7RPwp9s5nQTxdJzF9Z4l9dXM6Tx/8AM5w9DKSuRUsCRfsgAUK4AH/kJy+urlr7xq8VTpODUFB/dZUreYyhJVaO4njv2TPoGLdPndV69JyYbFyCv5mF7kglRaxtD9upbd3AavsldHv/ALESvVKh1LDbJuLz5GVuk+jrPp9ohA2yCn690Lgm20AdxtCDUqWFu4d+prCpYrfhcZwuGNrgHcbQj4lRdkL+R4mczoJ4uk5i+s8S+urmdJ8lRSbd1hGJpkhlZTGIQEszNxJnzo7ebCM4Kiw2SOoj1SyKSLkW9Jy1941eKp0lWooAFhtEbpVrNYXNiTaVH2zuLXNzPiB+ILXv/MNV0XeSbsBKtTuChjAVYdh3GVqwpncDc2/Ywkk8SdRqAXtvvxEBNheVGI7iZtpf9ReBmIFyeO4aq9ZRa4G0RugZ7b2O82/XUjLvI3i3CVa5CjgpO4Qkk8SYXT8t4is9t7EAnU7EdxMUgHh+cL/63hJMepTuL7iVvDUqBeJN2AhYMd27iY9RWHEEkGGoV395G7jOWvvGrxVOkqBv8SKQAbqVUDfcRlBdAF2triD9Oo3Ap0x+6oAYbFgth32MNlWopJ/IGFSPpvb9trfCNsbN+Pic9dbXs7E7iIxVWTZ3C/Ei/wDGo3ZC215AD0jFVqUzTuBe20Rc6muQN/HtA3b4yhm2St9rfa/DZ7Z3w7kZzwIvt2N9/wCcZVLqNna2v+dTXP2r7rdth/ENtqnYfmdoHXU2mC2YWItYAD94bbVJlH69mqrtnZ+0bEC9z2Hh3mGxdQBiBhsq1FJP5AwqRfcVvb/23w/5GFQLuO7aWctfeNS1LoWIKkD70WtiXKLWxLlFrYlyi1sS5Ra2JcotbEuUWtiXKLWxLlFrYlyi1sS5Ra2JcotbEuUWtiXKLWxLlFrYlyi1sS5Ra2JcotbEuUWtiXKLWxLlFrYlyi1sS5Ra2JcotbEuUWtiXKLWxLlFrYlyi1sS5Ra2JcotbEuUWtiXKLWxLlFrYlyi1sS5RKm1UUC7EECxB1f/2Q=='),
(3, 'PV Inventory', 'https://pvinv.pmdmc.net/PVLogs', 'PV Inventory', 'data:image/jpeg;base64,/9j/4AAQSkZJRgABAQEAYABgAAD/4gHbSUNDX1BST0ZJTEUAAQEAAAHLAAAAAAJAAABtbnRyUkdCIFhZWiAAAAAAAAAAAAAAAABhY3NwAAAAAAAAAAAAAAAAAAAAAAAAAAAAAAAAAAAAAQAA9tYAAQAAAADTLVF0BQ8AAAAAAAAAAAAAAAAAAAAAAAAAAAAAAAAAAAAAAAAAAAAAAAAAAAAAAAAAAAAAAAlyWFlaAAAA8AAAABRnWFlaAAABBAAAABRiWFlaAAABGAAAABR3dHB0AAABLAAAABRjcHJ0AAABQAAAAAxyVFJDAAABTAAAACBnVFJDAAABTAAAACBiVFJDAAABTAAAACBkZXNjAAABbAAAAF9YWVogAAAAAAAAb58AADj0AAADkVhZWiAAAAAAAABilgAAt4cAABjcWFlaIAAAAAAAACShAAAPhQAAttNYWVogAAAAAAAA808AAQAAAAEWwnRleHQAAAAATi9BAHBhcmEAAAAAAAMAAAACZmYAAPKnAAANWQAAE9AAAApbZGVzYwAAAAAAAAAFc1JHQgAAAAAAAAAAAAAAAAAAAAAAAAAAAAAAAAAAAAAAAAAAAAAAAAAAAAAAAAAAAAAAAAAAAAAAAAAAAAAAAAAAAAAAAAAAAAAAAAAAAAAAAAD/2wCEAAQEBAQEBAUFBQUHBwYHBwoJCAgJCg8KCwoLCg8WDhAODhAOFhQYExITGBQjHBgYHCMpIiAiKTEsLDE+Oz5RUW0BBAQEBAQEBQUFBQcHBgcHCgkICAkKDwoLCgsKDxYOEA4OEA4WFBgTEhMYFCMcGBgcIykiICIpMSwsMT47PlFRbf/CABEIACMANAMBEQACEQEDEQH/xAA0AAACAgMBAQAAAAAAAAAAAAAABQQGAQMHCAIBAAIDAQEAAAAAAAAAAAAAAAAEAgUGAQf/2gAMAwEAAhADEAAAAOMe0eXKaq3lsrneZ7xlYVk1xBVW2lczeq9B1bdkices1ltpV7NLk4ajlcwm/wDSSnaWxC2xOE7HLurrPQEnkuc0v3OOZ8ZEd99n5jiIAAAAAAH/xAAxEAABAwIEAwUHBQAAAAAAAAACAQMEBREABhIhBxQxEBMicZIWMEFUYoGRM0NSU2H/2gAIAQEAAT8ArLzrEJTaNRLUKXTDLtRZUTOa3cgRdB6itff4Jjnp3zEX0njnJ/zEX0njm6h/fF9J4jSdYCLpgrv03sv57Ku330UG/wCTwJ+Vw+93khwk6alt5J0xW4fDnIkbL8CsZXdnVGRTWZMtwJTjegj2Xa+I/DLJ6Z5epaMGcSdQVmw2XHCE2XdaBZFRbljhzlT2tzMzEkpaDHRX5pX0ojTfUb/ViruUaTmWaVGjqxTUdXlwupeAEshXJVXxdeyeSNxjcVf00Uk87bYy1TirVfpNNHrKmMs+SGaIq44h8QsmQc5S2JuT26nNgaGQlOSFEVsmu2iypYVLGSs7VPMfF2j1ipuohvuFHEB2AANsgAB+64z1yvDfLlUo8RRSp5hnSHXlH9uChkgD90xSRurh/wCInZU4z0uGbLSohEqdemy3xTYFcpM2POhPgzJYNDacFdxJPjumJsCs1KY/NmPi9IfcJx1wi3Ii3VVxDp9WgSmJcZ4Wn2HBcacEtxMFuipiruZhr84p1VmczJIUFXDLew9ESyYgxijM6CVFJVutvc//xAAtEQACAgEBBQYGAwAAAAAAAAABAgMEABEFEhMUcRAhMVNhkhUwMlFSkUFCcv/aAAgBAgEBPwDa00kFMvGxVt4DUZFNehKs9yPUqDuPvHTXoM56159b2vnO3PPre185y759b2vleyHVVkdDIfx1AP77NqR8Wukf5SoP2csS8SxIw8Cx06DwyN7VgyMkwVQxA7s52xy4fXRlk3WP3GW7PAhLL9Z7l6nNlLIzxCU6sBq3ZdISu8h/oCw66d2NJuIzfYHK8MxiG7MVDfwBk0SR03RR4d+VibMqO30RKAP9ZsldTI/Qdm0IJLNV4oyAx08fQ4dhXGBBMenU4uw7igAGMAeufBbZBB4ZB9cj2JZjXdXhgdco1mrQbjEFiSTp8n//xAAsEQACAQIDBQcFAAAAAAAAAAABAgMABAUREhUhMUGREBNRUlRxkhQiMENh/9oACAEDAQE/AMGhinvVSVAy6WORqWDD5wyx2UmSuRrTSuendzNbNtPTXXyStn2fp7r5JX0Fl6e6+SVdWTxszxROIh5iCR07MIk7m6eTyxOegq2i7u2iU8Qgz9zxpgiAZrnXdJqyy5UkWp8jwHGsVdUt5dG4HJR2WKl7lIx+whT7Z76A3imIz4UCTIDT/YpHNjWOOAIYxzJY9mHXEVrdpLICVXPh/RW37Hwk6Cjj1keUnStu2XhJ0pscs24iToKxC6S7uNaAhQoAz/D/AP/Z'),
(4, 'INC Hymns', 'https://hymns.pmdmc.net/', 'INC Hymns', 'data:image/png;base64,iVBORw0KGgoAAAANSUhEUgAAAOAAAADRCAYAAADVC77pAAAAAXNSR0IB2cksfwAAAAlwSFlzAAAOxAAADsQBlSsOGwAAV2lJREFUeJzsnQdYlGfW97/ret/Ehgg2OogNKyj2FpONSUw2yWazu9nsu8mmaTa9l03dFGOK0ajpvVmRqoANpdt7b5SZgRnKDFNhmAL/79z388wwFQZjIprn7HV2AAHRPD//p9zn3P/v/0kmmWSSSSaZZJJJJplkkkkmmWSSSSaZZJJJJplkkkkmmWSSSSaZZJJJJplkkp2XwVZ/dbNiFfTHnoJp9+3QlV4F/Y5rYTj4AExl79MvF+Ji/4ySSXZZmqlsMYwl15HPgKF0OozFM2Asmg1DCUFYMlP8+DTodt8Ms/x7CUTJJLsQ1mIqh3bvP6Arnglt6VSCjSAruQb6XTdDv/9uGPbfCd2Om0kNCUj6HEPJLOhLZ6Jh3+2w1xdLIEom2flaq6kMhh23oqF0MvTF09FQcjUMp96AWbcfdpsJdrsdNrsFLbYGWBqOwHhuGXS7biIAp6ORFFG3Yyaazi2RIJRMss4aoA3R7v0LgTcR+qIZ0O65HWbNPrTYbbC32NAiut3FWwhIu1kF49ll0O6YLaohvR57XIJQMsk6Y4YTrxN4syjPmw7dnlvRbCwjwKwEXUvHbm8mWEuh3/MXyg2nkV8N/aF/SxBKJlkgZtfsgrqY8r2iSVDvmIVmUj4rhZrWlkABpNCUFNHSWAHNwXkwlUwlCGdBd2S+BKFkknVkOlIrXdFMAnAaDGVLOUwBgeflVtia66A/+CAMlEcai6+C6cRLEoSSSebP7PqjMBZORgPB17DjesrpasWc73wAbIGlxQKbuQaaA/eTCk6HnpTQUv6tBKFkkvky8+lFMBROg5ZyP+PZ92FneZ/9/OBrabGLrzZYKYfU7bmZAJwBHbmNwtyL/WeVTLIuZw27/gRt4XQKQWfArD9J4Wfzeaufq1sJQrNmJwwlc6AtnQHD7lslACWTzNVaDCegK5gCQ/5UaHbfQcrXJKpf4CFoq+vb/GtbudvZ26SmpopvYCieRSDOgOnUaxKEkknmsMbqFFK/KQKEp97svNKxPiCrlNoZsM2kno38VegdWoW+odUA48F50JVOpVB0NuzanRKEkknGrPH0WwTfJGiKpqJRkUbQdC7fs5E36/bDeGYBtHv/RoDdgIY9f4bpzCLYzAr6fuxzrLDqTkC7Yw4ai6fBsO9uCUDJJGNmOvAgdIUToMufCXPD7gBVj+V3QqVTd+wlaIumQVs8GQaC2MCa+MUzyOl191/R3CijzzfDbqNQtGwxAShURc3KdRKEkknWsGMutBR+aggcK4MlkNyPwk5rsw6aQ/fDQOGrpmQyGoonoWHXTdAdvJsf3jYSjHpSO/3Bx9BiM5MKErDNGmh33UoqyeCcKwEomWTqwlnQ5k+FungWbFa9SxvB21k4ydTPTjme/uRrXPn0hZOh33sPrOpS+jULWltb0aI/RfkehaKlU6Avmommus28GMNywibZKmhZb7BoFporv5MglOz3bfUF0wlAUrHia3n7wd4OgFz5SCGblBt4015bNBmafXeilcDl4LEqqPhqJtB0TAFZKHrsCVJBG4fXYtPDsPvPMNCv6XbcIgEo2e/bNIVTKQSdDG3pjbxY0p4CtvAwUkXKdgvP+RoI2lZTJYfOE8CWZjV9zjUE4BRSw2tgt9RwuNk4U2PVGj5ryCYurPIVEoSS/T4NprpxDQVT0VCQTADeBBs/AeMfQFbx1Jd9TupHYWfBBAonf3LC5wUgue7AfOgoF2QnbMz1O8R2BYWwtgbod9/Cz55qd/1FAlCy3681FEwjACegoWRuhwDaLWpoSudSuDqRwLmDYLO1C2DjuQ85gPrC6TDJfxDPl9q5Ehpl31IYOpUrpKU2T4JQst+naQhA3fZJUBdfTQA2tXsG1KjKgI7CVQ0poLUq1Q0+XwA2V68TFJDCVeOZRTz8dLQxWI/QWHwdhaEE56GHJAAl+32aumg2NPkTwZTQ2qxtt/2gO/oEGgqToSm5Cq1WXYcAWtVFBOBkDqHp2KsEoEX8NRu9bYOeHQJgxRhSwhZjuQShZL8/U++8GQ35E6AumAQLb5r7rn6yFoWm6FqwnNF4+Ckv+HwBaNcdoHxxOldA0+FnhCkL8QQNe5sN/WpYY54ANJ58BxbtflgMpwBr3biL/fcimWS/ien3z4N2+3hSwUloZCdhvAC0cwDN2iME3xRSwPEwy1Z6A2gzwtZwGObqFDSe/QDGQ49Bv+NW6AqnEmSTYDryTFsIKn5Pi60R2j1/haFgBldBvoeGNenZNraSOdDt/QsMR5/kuaRFmQ6b9pikkpJdXtZ4/DXKAZMJwkmU42X5BJAVTZqU2dAWEKiUA7aqD1IIaqAQsxim00ug2/dPyiEJmkJWcJlC0E2BvoC9TuI5I/u46diLTgDZeVP2NgtDDec+JdgmQFvEPn8aPz2jLZ5Br+RsrUXRNDSyjzMlLZkhtDboHw1z2WK01JdKQEp2aVtjxddoIABZHmg494mf/M8KY/l3BNJE6ChcNez5P9QVXk2KOJGgbHMGnJZ5keB6Bg45U0HjyQUuCtjmJtlhnHtqGmTPTYX8tUmofncSqj6bhNoV09CwYTaBfBVfkagrmQJj4QyYiqZzSA3FbCkw/T4lf6Dw9jFS3nWwNysKLvbfp2SSdcqsNfnQbB8HbR49zEee8FJA4fiZBfrT73P4tKxlUTBR8MJkLwD1rEdYPIU7O5jNnKmXsWKZTwCtTWYcuf5mHB8/HUeTp+PwhOnC2xOm4OjESTgyaxJO3TYN5x4mQN+ZitqfCbytV3FlZFP2DES2k9RACqwrvgr6I4/BRmp9sf9eJZMsIGsxySrVeQQTQaguvY2AM3uchrFxCPUn36IwdaITPjbCxL3Q4VOhY2dDi4QwUlCp6dzZcbRGxc8+AWRhaMWLrxF803BM9KMTponvT6XXKThCfpjeZq+H6PXgjGSc/PsUVLw+GbWrJsNUMJMgpN+vdApfiagrmQXDjrkwnVmMVtNZCUbJurapi65DfX4SKeFEUiS5x0S8jZ+A0Z18kyCdwCumnornCqCr60X42HhSY+0mnxVWBrcqJYVAm+rTj4wn+JgnC35wAnudhIP09oHkidg/YQIOXjcBZ5+egrofZxKM7PIYArHoGj6BryudBePRp2Bp2C2BKFnXNOPBR6DOH4eGbckw1WzkqmR37gMVpt11rGeX753ztflkXnxhPT9PEFlRxaw/6POgN1NF/fHjOMJVj6mcw6c43QHfoeTJBN5kHBo/maAkHzeF+6Hxk3BA9IM3JqHy1RlQ59DvS6poYndXUGjK77A4/Cjsmj0SiJJ1HbPrT0G/+w6eBzLXnX7PGXY6FJCNEunYHRAeAHpDKILoAaCmeDZszUo/B73tsDU24uDMP3ip3WGCzeEMMsEniy68f3Ccux9IIlVkr5Q/nnyAQtSV0/lWNuZsbT7LG5uOPIPWxnMSiJJdXDOeXIR6yv8028ZSCMoAHI+DxXfxaXe7M0Rs4WpolK30CkGdELqBOFkMR6cK+SADcNfNsNkbfZ4zZedDraSwJ+68203tHAC2gecO4MFxE0X3AJA+diBxMnaPn4h945KxL2kCjt5BIH77BwpHp/FiDVsQpS25BuZzSyUIJfvtzVa9BfXF10KTNw41+YlQU+i5f/MkzPvpGkR9fAPOaVXOfI1fwsLWSdTlcfhc3RNET0V0tiEOPex307aNH0uz4+yL/3FTPV9q51PxyPeNm+jlewk8V99DMB69cwrqV8wSr1Wj3JDd/rTndjTXb5VAlOzXN3b7kf7QywRcEhq2EkR5yaggf3X1LMR+Ngd9P/kj+n9yE77an0mK5dqGsFMOd4ryxEmdg7BgKnfDqQ+5qvq66IUBaLXZUbn8YyHPG++pepNF8LwVj4ebSR2Al5jMfVfSeOxOGodd4yfg5IOToN0wi+eFwqWjpIqnXgX7+7nY/40ku0zNrt5Jqncd1HmJqN+eROo3EWuypmDC59ei3/Ib0e/jmzh8/T+Zi9szXnIrmLAVFC3WBtQXzuZhaqAAagvY1PxEmKpSO7zkRbkmBYcZVOOntq949DGW4wk+kbs/AB3wOXx34gTR6e1pSahYwE7fzOAhqaloNuXCf4GtYa+khpJdWDOWLefhZsOWZHpNwpktE3Dvj9PQd/lc9P14LgYsv4kAvBH9GYT0fsTnt0FpUrv1ApkKqvfdQ3lgolAxdYWwnbxQXTwZVu0JMZf0P2tYt2kzDjrUb9wkF9VzDzf3j/cOOT1Vzzd8bb5r7HjsHDsOu8cm49BfJkCzbjZ0O6ZAWzoT+pLZsJT9IEEo2YUxzYHHYdicyJWvjkLPDFK9MZ9cg9Blc8lvQOjyP5IC3sABZB7KQbwR3x3OEdsRIiStNujPLOENew1TUK6Eye2EpOxY2njUl1yHFouhXfVjri7d6TO/4+0FUe0CBW+3B3x7XMBz+G4GIfsYKeLOyeMge4+d3GFnUK8mEKfDdPwFCULJzt9am2SVmqLbodkyEuot41CzdTxeXjUD/ZfegBAGnuhcBUXnEFI42p/8TykvotlucVvU21S7DZpt46Fm0xNi28ITQCeE+SwEJcU98EC7U/YObzhwgJRvAoE22Qng/kALLO2oHXcX8Fx955hx5EnYNWYCdpAaHr2PQuctM8Vq6VXQ778LrU2KzIv931KyS8xatUegLphF4I2BhtTvBAF4y9dXo+9H15KL4Lm4K4j9yBmA4ctvwWm13C1stJnrocmfQQAmOQHUbE/mh7m9IUzmfUPDuY/a37TmGPY9dpSHnPvHT3YWWDoLnieAvqBzh0/00eNQMjYRO0YnYfd1SahPmcUh5M37nbeg1XBcUkPJAjN73S7U5U9FXd4Y1OeNxM71yUj+eDb6Lf0DQj+6zul9l17v9FDmHmoYSrngwpKfhAtWHKDYrNAcfBDqbWN5JbUNwnEuiigUaTTsdftkNNZvD+iuQf3RY1zx9iZN6lR+56V27YDnBp3oDDqHl4wZi5LRySicOgrKL6bzUJQpoWbXXLRKxRnJOrKW+kKotk6CetNY1G8dg5yMKYhfRsq3+Dr0WXK9G4CuEDoAdHPKC0d/+y+YLI1tCkg5oVGeQgqYyAFUb/MGsK1Kmoy6oqtgb67vED4egh46LLQURAADKaycl9r5AK90VKLTi8aw95NQnJRIeeEkfsEoa1XoSq5Hq3qHBKFkvs1Smw9V3jioN49EDYWeq1KTEb34GoQsmYPQJQTbYvHVjwq6hqOCMyW8ARknCoWmPLv9iHJCS5MC9fmTKRdM4g183wCOh5bCUh3lf2wlffu7RgWv37UT+xMn85Mr/toJ/oor/gB0Bc7xvit4ngDuYK+jE0kFCcTRY1EwdhTOvjqRwlFh3ElfOgc2rXTJqGQexnp8dXnjSfmSSAFH4/t1kxD54WyEEHT9PrwaoQw+0fsShAxEnxC6hqPkwRSK3pTyIixWNhEh7Iax281oOPgkb2sIKpjEYfQORRNhqPyRwlZ7QCFobd42HBhL6kcwXfBwsx3oPL1k5FgUkxeOdngSzr04XhitKpkJ7c4bYG84JEEomWCthpOoyZ+O+s2JqNs6DD+nTMLAD69BHwbfomsRTK8hH17L3RXEUKaM7akhB3Eu+n90E3ZVH6fws1XYbM3WU6hyod3KmvmJAnwiiAKMyaSQ48knoFl/kqtme1ee8V8jhVWmZZACkvIxABN9txM6C157aud0+lgxvRYTbA4vGt0GYNGosdhOueGZF6aiYcc0NLLVGLtvQGujtMXtd28tjcof6guvg2bzaNRvScDa9IkIX0TKt4gA/PAPTvBcPWAIuQvh6P3ZC2FpsbWdD7UaUF90AzRbx/LGPnN1ngNCFpYm0kN6h3jXREf3zQt3DMq++KrDdkJHeZ4rgG7g+VE7rnjkhaNcFU/wglFj3Hzb6DEoe20Sv2TUVEIw7r2DVYWvvtjPgGQX0ep33In6TSNQRwBuzZyAmEUz0IdUL5Qg7LPIN4CuELIQleWIISKI3vnhDTwkZSdlTqgrnUrGijH6Mx8RgBT2biUV3JrIAWRKWL9NAFJb8QVa7TYx/2tn2zZ9TjOFtqfffPO8CiztqZ5P6EYL0AlOihcAfPkjR6NgRCJ/u3LRZHG+cBqMBx+UVPD3avpDr6CGF1wSsCd7HIYvmYp+7xF0H1zj9FCCsI/oPmFcfK0AYAf5YeiyOXh00xKXrWZ2WExlqNs2iQPocIca1lL4aTaeDaj6yYo77DD20X8/0mnF8xdq+lM7XuUc7Q2cL+gc4Dl8O/m2EaOwLXEElF9PRgPlgwZSwsbT70oQ/t7MXLkOtZtHQbllDMo3jsKMpdMQ8i6Fne9f7QYg8z7tQNiHOYOwnbA0dOl16EceuexmnGyoEm/HtfEt1w2H/yOon6sz9dv/oHDPRAAA8vWEViv2zr3lwqudR3GFeVGAiucGHwPP6SOxfQr9OdOmwVA0k6/csCkzJQh/L2Y3noGKQr+6TWMIwJG45/OJ6P0egfYB5X4+AAxh4Dncnwp6ArjkOh8QXo9HNy6C3VHV5CNK+wg6+lk4fGM4gA30fmNNdofTD21FGDua9Q3YOX7qL2qi+4RObCe4emcUb7sInyuAeSPGYHvCCBTMHQvdVgFAXem10mr934vVF/8dmo2jKfcbieU/J6PPu7MFJ/g83RPE9tQwkAJN2LI/4lDtWVI3xyUrdqgPzkc9A3DLWNQzL72VQkpTQOc/HVVQ7YGDFxQ83+2ETsDnpnjunpdAv54wHNuHJ+HQ/PHQFc2Cka1e3H+vBODlbsbTH6Fm01DUU9hZlD4eUe/OIPUj2N6bzT34PW8QPSHsMC8UQQzxo4b/zHyT52y8GEMq16zeS+CNIxUcy0FsVKwRr7EOEEACVb5qDXaPHdcueB23ExLbbScEGmr6gy8vQYAvL2EMeSIp4ShsHZEE+YcToaVc0FBE+WD5lxKEl6vZdcehzk2i0HMYKjcmYPqSGaR8V7UpIHnwuwFAyPLCDnJDTxAdVdIQ8gFLbkS+7ABXQbutlQ/rNhx4CJoto6EpvQ02mzGw4otLFfTES68HBF67OR7L7QLI73yB157q5SWMFJ3BN9bNtw9LwJaJFHZnTkND6TT6889Ci+GkBOHlaPU7/o7aTQmoyx2JF76bhD4LZyB44VXcXSF0VUNPGN0A9JEfhro07dtyRIcSzuEAhlA+eN2Kx9FsNcPSyiCywdywDzXbktFUWyAcWesEgFabBfv/+BfsPJ92wmgBPF/thEDAc83xPAEUFM/VxzjB2zp8DLaQb2ZQDh+BnX9LhrFwGt8Crjv4gATg5WbmyrWo2Tgc9blDsS1zLMLemY7e785Eb18AeqihPwgdbYpQEcD2lNAzP+z/4Q1YfTyPF2T48TRSQZNys7C6ot2mu7c3KatQnDTlN2snOLx9tRvlpXZu4Im+adho7huHj0T5kgk8FGWXyjSppKroZWWqbVNRm5uAKoJwzrLJCHpnNnq/cxX5LO4OJXSF0RVAXyB6KWIARZo2EK/DxK/vg95icjbahWNqNr/bz/y5cn02P6tZOqZj+Lja+Wkn+ALPV3HFX57nDt9oL/AcvkWEzs2H0tdNSYB200w+Vd+w+0YJwMvFDCc+Rt3GoRR6DsM3q8Yi5O3pCHmH8r93SAG5+wbQNRy90AWa0MXXUzg6B5/tShV2vbQ6Ci6tAYNnF6uoR199DSVjxxB0ie2AxxQv0Wc74ZeEmww44XWMT8VjvoW5i+ptdgFv49BR3DcTgMwPPUn5YMlEfmFMk1SQufSN3RRbtymZ1G8YysnHvD8JQQsYfII7AGwXwk4UaEIDVEHWO+y7+BoM/fSvqDGqxYpnYFVPoX1BuR9zswk7/zCXcrlxPKfzF276Oi4WMHgdKt5InwA6FM8z3HQFr83pc4YORe6YYahNpTywaAoaSq8BLLW3XexnSLJfYKbji1CbMxxKCj0/+GE0wTcNwaSAwQscPgPBBGEfApB5sAeI7RVoOqqUhrjkh94QzkEwqWDE4htxSl0lnhHtBICshUH5o+bgIRSzaQQGoBtwrJ0ggMe80+0ED7Xb7lVcGe3SUnAprohq5+rtg+fwEcglBcwdMgJ77hkNbZGwGbzp3MeSCl6qBrN2kGrzRNQw9dswDMMXTkHPtwkoNwAF77OAIFxA8C3wVkNfihhIgcahiL4LNHP4EbYHshaKhZiWdkeOfFY/yU8t+xi7KJ8LpJ3QGcXzKrC4qZ13O8GheL7Urn3wRhF0I52+cfAoZI8ejJo107gKakpnSwBeqmY4/THBlwDVxni8930igt+aJvoMLwC5EhKEDMBgUQk7DE1d8sNA1NATxAFLrsMR1RnK/zoPHx9Bstqw69Y/caVrr50QiOr5UzvfLYUxXmGmM9wMEDxX6LjyiZ5DCphDH2MqqC+cDkPBdDTJv5YgvBStNu8q1OQMQUVOApIWTEDvN6dybwORhaPTvNXwV8wPHRAGf3gN5mW8jeYAD1x7F2Ao/Dx2AsVjxqGA4PMF3PkcGdvu0l44n3ZCp8AT4ctx8Q0MwMH0OjoO9elToCueCPWuWyUALzUzK7JRlx3P1e+bn8ci6M3J6P3GdC8IezP3ASHz3gvaAOwIQs+WRUfnSQcsnoujtef4KZbzA7AFZxYtQfHIJMrvxpwXeL7UjgHYBp53uOnWTvgl4LkAmE3QtXkCsocOIxCH4dDjSWgongItuV0lXf5ySZm69F7U5gyCkvK/6z9IJvgmIeiNKT4B5CroIy8UCjQz/EIYaIHGDcD3hZ7hI+vfg8V1a3Ynqp9s+t1utqB4zh85fEWjEgMHr53TKwJwvlsJWz3bCQSbr3ZChwA6Q03B3eEjH5xA8DEfjuzkoWjIm0EATgK7APViP1OSBWitJkWBfNMQgi8OBWmj0IfgC/7vRPR8Y6obhK4wtquE7/hXws4WaILJYxbdhDMaOVrPo/DCPt9CXltUxCud+RSCFo5KPP/iilc7oXPhZqDFlVwROEeo6QUe+QYGn8PjmQ/B2fcnQFMykZRwJlqb5Icu9rMlWQBmPP0llDnxpIBxeObzsQh5ndTvvwTYG5M5gL4gbFNCUQ19tCqEdsVMsYHfQV7oLxwlBXx+63LYbS28+HI+uR9bP3HwuReQz5rrIwm0jhTPQ+3c8zzXVoL/dkKgxRVfateu4nmAtz5+eJsPHoLiW0bya7sNBZPRKPteUsFLwWqK/ghV9hDIchIw+u1Ego+AI2evDgBd3Wdx5gIUaHwpYdxHt6LKUHMeVU+x90cAmmtV2JY89bwVr031fr12gqva+VI8N7XzBE/0rPihSBsei7rMKdDlT4V27z8lALu62Y1lqN6QADmpX87qkQh6jVTvddH/Kyhgbxf3pYiBQCgoYvthabBrXvi+AOV7hd/xVfWBzvp5KSB97bmvv0bByMTftJ3gDz6f7YQA1c4/eMOQNWgYMikEzRyUgOOvJ0FbOJF8JlpMUhjapU1X9gNqNsRDmT0IT346ggCc5A4heW9REX2pom8IfRVoOpcfhpCPWPYXaJr0zsVM56WAzc0onXsLwTbuN2knBFrZ7Ex+5ws6Dh6DjoPn7vm3DIeugIWhU9AkWy2pYFc2za77Cb5YKLIHY8y7Sej96iT0em2iG4CuEPoKS33lh6xA46tI03uBe5XUX1gasvBqfLYnvdOjRu7qZ4cybxsKE9iKv7EXpZ3gr6XgS/ECUTsHeA73BWDm8Hhos6cIueDBxyUAu7JVbxqD2vWDUZoxAqEvj0efV8YhmBQw+NVJghp6QMjzwwAAdC3Q9PHRqgjmuaFwntQTwN4LZ2H8J3fBaDGdd+7Hq582K/bNe4Tgo7DTAdoFbif4hY8dExPhy/HRTugIQL/wOUJO0R3QZQ0ezl8zBg3lfvajJKiLWRh6rQRgVzWbei9q1g+BKjsGS7+j8PMVAurVZPR+ZSL3IK6Gk3yqYWcKNH28qqSO86SzuPf2OE/a552r8dPBHDH3O1/1a0Gz3YZTX3yJAlK17QmJ2JZwCbQT/OV57SieAzqnUy64e/4oaIonQVM0BXatdK9ElzTjuS+h2hCHuqw43LWUhZ9t8HF/dSIPST2VUCjQtKnh+RdoZvBD3fxMqVikYT7li3+h0dp03vC1ttic9z9Y9DoUXzUHW0a55nmukwmO18DaCQHleL+0neBH7bI8Q00X+FzfThs0GBtnD4EufwovxjTLpfvnu6Sp9z4C5fo4VG2IR/JbY93hcwNRUEKH/7ICje/mvVCgYUBehdVHNp133tfCJ+RdijYEYfmKlaSAI10mFHwPw7bXTjif4sr5thP8FVg8w0xPT48bwj2NfN3waGjXT+PXdhuOvSgB2BVNmTcTqvWxOJw5GP1eTvIPIHkvUkOhQuo7NwwkP3Q/yjZNDEPbAAxZMA2TP7uH1K/5FwForC1Fi3NTmh2WJhPy/3ADqdtoHoZ6Kt75tBOc4A29wO2EdtTOF3zp3Ie4eVrcYPJ4VHw5jgOo2fFnCcCuaFUbRlMOGIsNPw9F0EvJ6EUe9PIE7u3ByAs0ncgPfR1lc8sPXSD8aX9u2xLe8yi8NBvPonrrNBiq1/MqKLtjkE3Cl69ei23D2UaxMb+ondAZtetMfuezmukBniuArmqXOqjN1xF8qXFxSI2Nx6FXR0KfPxHqwpkAtCEX+3mTzMWadcdQkzWIh6CLvhqGoP9M5AD2cgGxPQiDxNzQF4T+CjR+w1IRvrEf3Q5d8/lXPltarKjf9wRqcoeipuhG2EkF7eIVZzZzM7bfdBs2j0hAHsF1IdoJDgA7gq6jwkqgxRX2MQd4vgBk8HEAY4eSD8LOe0ZAt30KdAXJsGtPSCrYlcxclcPhU62PwSPLRyDoxfEEYTJ6vyR48EsE4Mv+AXTkhr1FALnyuQDYuzNV0jdnIuitWVhe+PN5Nd0ZsOzyFqNyE1S5wwjAIXyuUadIc/t+8g0bsIVC0C3DvJcd+VU8F/h8thM6meexPI57gO0EX4qXNkhwDl5cG3hOj2Uej61zEqAtoDC0YCKsNRslALuS6U9/zuFTbojBLe+PQs//jOcQ9mYQih4UgBK2V6DpqFXhCmLsghugNKnPT/kIMotVi9rtc6DKGcwBVOUORl3+HNhs+jZILc0ouf3vBNvIX72d4K+q2VGY6Q88h6f6UDxXTyHwHJ6RHAdD3lQ0FE6Aufw7CcCuZNpDrxGA0VBkx2DyG6PR80UBQIdzAEVFDHqpYwiDRDXs7QNCX60KNxDfmoxHMhZ0Wv2EULWV8jwz9Cc/RvWGIRxA7rkMxHgYK3/m50htYkVUVVCA3IREbBrK4Bv5K08nOJRuuN+iSrvtBBe1c6qeD8VzhY75WuYxg7BmWAzUG6dBkz8BTScXSgB2JWvYNZ9C0GjIsmMx9D8j0ev5cej1wjg3CF1BdBRnAirQdKpVMQV93piG0soDAd9u5HSbUPW0GmWo2pSM6pw4KLPjuaty4gU13D6b1LHBuRPUarWh9P752Eaw5A4bed4FloByvMG+Fc/14+2pXmfUzgkfA0/01TGxUKZPJAAnwnjkaQnArmSawttRTSHo2axoDHyeFPD5RA6gw91AdISjovcmCIM7UkQf7QpXRXSFcOryf/Bp986Hn3Z+J7zm4POoXU/AbRjsBFCZzU74xKOGPtZQ9jW/4lqYqLCh7uhR5I5MwsZhbcfFLkg7YbBLAz2AqmZH7QQHgIEqnsNXR8dxXxUZi8ofEgnAZOj3SFeZdSmrzZuL6qxYHEmPQ/Dzo9DrubGkgg5PQhApYpAHiK75YYcFGpf80N/BbkdY+k7+t3zgtvPFFzuadIcp9BxFaj6I8tl4FwAFr86mcDRvJuV/OufXWW02HHjxJYIv4YK1EzrK786nnRCI4q1xVTwGXVSs01dGR+PcpwKA2t13SAB2JVNtnUoADsKedXHoyeB7llTwuTECgM+RGj6X1G5Y2us/HbcrglgD/7V2TtEQfH1fm4rjtWViONk5Z1dS1+2ZR7lsnAAgcw8AmSqqsgdBe+5TOBb5snOihmoFNiZNuCDthPWdLK4E2k7wq3guardGVDtP+Jj/HBmDk0tEAHdJd0d0KavZlAhlVhyK1sQTfGMR9OwYFwCZCiZyD3qB/MUk30oYYIGG5YX8lRVpnABOQS9SwSmf3N3Jy1WElfStFFI2avaS+g0n8GLaAGQqSM7CT5UIIFPB6rzJsJrrCT6rcLsS+YllnxJ4w5E9lGCj1/VDhQ1j2UOELWMbhgzlr+sJxqyx45E7dSY2zroauTNmI2fiFGQMH4OMeOHwcwZBtYEVTgaTqpFnDKaPDfqF7YR24POnesxXEHgrogQ/+u5YAnA8tMXXSAB2JVPmjIQyMxYFawah5zOj0etpQQEd3haOjhUhHN9ugabDcFQs0HhWSd/Y9Nl5LFoyk/pZULfzAdRw+FwUUHQVg1CEUVDDQWg4+SGsLRahMd/KTs3osOmqawm44QTgMFJCBuEIbLr+Juz/zysoW7kKtfv2wVSnhK25ES1W+loKX1usNtgsFpgNRmjOnoYsJxuHFizEpptvQybBmhk/GOnx8efVTnC871fx2gFvJYHHnCnfz1HsNRqHF4yGevs46AqnSwB2JasmAKsyY1CwKhY9nqYckLwnhaG9SAl7EYBBDELXvPAFUkHuLDd0L9AIzfsJXA0D6Rv2FqfugwnA4rL9nQRQuJKsSb0PivXDBPWjXFaA0NUHOQF0KGHV5iRYG5VcAVt5CNuC8sxUZI4Yi+13/B9O/vAj9JUVlI9aCVRBJdke0laxOmtvbSVwW/nP2+rWh2zhbQ4bwamtKMfh5Z9iPSllejyDbRAyCKiMWDalEN9uO8FT9dZ6VDXdCiwO6JjiiWrHlS9SAO8n7lEE4EgCcDw/jnaxnznJXEyZOx6KrGgUr6Ic8OkR6PXUCHolEJkakvOQ9Fl3NeRK6CzQeIekgeSFTiUkH/T2tdBbOjd2ZBdzv9q9jxJ40ZTHxnBXro/18DgPNRyEuqxhUJ94g+eADnAspGoN5eUEj1VY+vsLJvCdMNL3aW404PS6dRSyXoOsmHisY0pIEHYEnc92gp88b6UDuCjBf3KCF40fI6LII3F0oQBgQ7F0Z0SXsrpNV6EqKwq71wxG7ydHcO/pUEIHiEwRnxMU0amErEDzvFCg8aySBrHTNC6tivZAZG2M239+iqtQ5x5yerj1p3gBqUqEz9V9AcghXM8qogRibiKspnJRSYXvxy/6pJ+j1R74XYMdq7Sdj0U1G/TYt2w5UhPGEGiDCMTBburnL9Rc2x54UTHOcHOFC3Rt4IkeHoWTi8ZyAHWl0rr6LmV1eXNQTTngodQ4hDyegJ4MwCdHkhISgE+NclPDXs+O8ZEfJgpK+LzvKmnH+eEEfFT4M1ezzqgOg0Z9+DUoM2IphI4ij/aC0FsRHUpInh2HhgMv8MLP+W5a66yz25xUR44g97obCbp4pIpnNX2p3RofYaav/O6n9sAT/XsC8MzHlAPmj0HD7n9IAHYlqyn8K6ozInAyIwb9nxyO7gRfT4c/NZID6HSCsMezHkUaR6uCeTsNfH8jTkGvTMLu8kMEQecuW7GZ1aRkI+kfD4KPfnYGYMcQOpQwmitj3Z6HYbU3/4Kpi04CyEC3tcKs16Pg4UewlpTQXzuBAegLPId3BN4P4ZHcvw+LwLfh4Sj/bizqt4+Gbr/UiO9Spt75AKrTY1BBD+qgp4ej5xMj0OOJES4QCkrYi4elYjjKCjTPuhRoHO0Klhu+kOQTQM8CTZAIYMR/Z6PBrOVr4wN7iG08t9Ke+YHUL1oEMNoJoNIPgCr29oY4PnjMwlDN8XcIBvNvAp7Pf0Ao59z73zdEtYsl8NppJ4gFlp8j29wffD8wxaOc77twwb8l9fsqIgzKtRMoBE2E8dCTEoBdyXQHXiYFjIaCPPnFYej5+HAOYA8PEFlIyt0RjrZToOnlA0LPAg0bc2IQzv70Lh5+WsWcqeOH14ZWWyOqt19PP3cU96qMqDYAmQr6UMIqAq96A30e5X/ak5+S8nUu5L2g8LFXtmLfasPetxdiNQcvxgs8h/IFEm46FY+BF8HAY8oXiW/CIvF1XBjqc8ZDvS0JjSfelQDsSmY8s5w/wNXp0bjhjaHo+VgCelAu6AtCVzV0K9A8616g6fm8QxGThCrpCx4FGvFMac+Xx+Px1Dedi5MCe4CtMNXvpp85nOCL5F7lgJD9OUQAPUNSZeYggjCalO8t+r2aA4T91weRVV9LX3gJK0j5VkYx9YtuaydEebYTfISaPMcTweMeJYIXIXokfhoVAc3WZKjzEqVxpK5mZkUmf3CV6RF48P04dHcA+Lh/EC9MgYZVSsfjk+IVnXpoWU+u5uBzqEoPIycI0x0gCgAqXNTQDcL1Uagvvgc2Us+LDZ6722FubETOXXdjdSRBFRPVTjvBO88TwkxB7b7l8EVx6LjyhYXjm4HhSL86Cpo8AUCLUhrI7VLW0nCE51DVmWH4YHk0rnxsKEE4vM09QHQt0PTyKNA4WxVOb2tVeOeF7FhbMjafLO3Uw2q3qKHYMJ5AG8ABFDzSPRx1gVBQQwpBcyagufHML1pv/6u4XWhTGGtrsHbqNFK8KA6cI8/zVrxIt3Dz2zAHgBFO8Dh8AyPwVVgYvh0Qjs3/iCUAE8mT0KI7JQHY1awqYyjkBGDadzHo/uhQdHt0mBuEvtSQea+nRrlVST3zw14+jrI58sOeBGDwi+Nwqq4yMOVrscBC4ae+KhfVqdGQZwx0AVBwVs1lXkWucKphFFQZsdCd+54edhtfWdEVwk9PZwuoqoqK8FNsHH6OiMVPETE+2gltsDnyO0/o3H0gARiGHc8moJ4BuHWyBF9XNPnm6fRAR+HgumiEPBITMICerYpOAUjwRbw0DQ1mQ4AACsfBanbPR/W6CMjTB0LhAWCVDwAVTAG3/gF2q+P36XrwOZXQZkPpq/8llYvBD5EMwGivAguDTyiydAzglwTf5wP74cTyETz8rC+9TQKwK5p690OoSguDPC0KCc8OQvdHhqEHQdhNdH/hKHcHhK6tiqfb8kLPAo2jXcFAHL5gLiz2APt/7AFtboBsw0gCj+BLG0Aexn9uTxUUQBQKNKy4pK34UThe1noe8LHf12qEWXsUhso10BxfiLr9T6Bmz/2o3fMv1B14DOoTb0NfuRJN2mP0uSYKKS38oHiLYwVGwG5Hc4MOa5In4NtI93bCdx75nS/wvnR6OL6g0PPz/gRgRF+o08aRAo6F8ai0mLdLmv7st1DyBzkCd74Zi+4PD0UPgrDbI94Q+irQeLYq/BVoXNWQgTjtozsC3v3J+n/Gqi2oTA8V4RMAdLi/cFSWOw72Zs0vuFfQDr18Nao2DEYN2x4nXuHGJyvYjCG9X0uvtexjucNRt/1qaAnIZv1pPnFxPr/vsRWrCb4wgs5/uOmpeF+Rf8HAI/+s/0Dun/cfgJ+Tw6HZMo7CzyQ0ydZIAHZFs2gO8IdWQQ/s4mVR6P7voRzCbg8PJgjpbQagwz0LND7bFe5hqWuBxlkpJQhv/vzBgIsirFeo3v8sZKkDIU/tLwI4UHRvCOUZ7DUK9QeeE6YZAgJBmDF0fi7/OiupWhOUhbcSgPH8Do0acbiXHWlTZscReOQ5bAXiUNTmsiu+h4LdNqU+9Aysxgq0nTcNrM9pNjdh7dRZ+CbcO9T0hO4rp+KR2onuBLDfQGz5RzzqSP00W+kfIv1xCcCuahXrR1NeFYn8lXHoMz8W3RiED8UTiIPJh3BF7P7IsA7zw55uR9m8CzQ9HRP3z43FP75/OvDt1/ZmyHNnQJbWjwPocAWHcaCHGg6EjP4xUaZGwlizncJAa8DHzax2C4zVm9BYW8wPiNtbhPzTVFcMFbtBiqCr2TDIY8Ywvm0Lm7gOsYatQyQoVZsnwUghsI2dugmk12kXDoQf+uYbfDOwnfxOVDxP6Fz9034DcGjBcNRvGYu6fGkKoktb3Y77KLeKohAvEiOfike3h4aQErYByBSRAehQQp9hqUeRhuWHPUQ17OWihgKEY3HPyhcDBtCsO4nKdZGkgP3dABTcHUBFagT9WcJQkT0KNoua53/2QKbtSWVZtbSaKVzRX2G3NQlT+mxNBn2P2n3PoDYrikBsm7pXea6+cK5DjOcrEZUbh5AqDiH1JiW2agMItYVVGY1qNb4bMhxfhRFwYR6qN0DM8doBj/ln4X2hzEiEevM46A48KgHYlc1w5ntUpUVSGBqO+Qvj0P1BAu+hQVwFu4kuwHhh8kMG4vwV/yHFCWwNhabsB8jXhUKeQuq2rh93TxBd80JZRn/UFt0RWNjHe3EE39mvUZU1BFXrWfsiHkZVESwiuEwFm3VnUZU7kp8ndZ0x9LUEqk0NmZNq5lB+uPOfsPF8NLDC0+Z5DxFw4fgyLMyZ3zlUzws6yvc+Ef3zvvR+3zCkzIqBeusoqLckolGxVgKwK1uLQVZZmR4NGYVv6V9HI2g+QffvXxfAeT+/KPblOn4YlbsfJgAZeH0DAHAgqlMHoP7YhwGFnqzHaFRkoDozDirWN8yM5q4s+TOpUduBbTYhzw5xs8PcnQMwnntdzjDU7bqXlNAY0J/5eOo6fN2fABzgHm56AsgVzwXAT/r2xzL62M4nB6M2bxRq8sahpVH5w8V+xiTrwKrzbiIV7I+zqfGIfyySA+h0BqATQtEfodD0kaG8ZdH90TYIu4vOAXQB0QmgCOFd3z0eQBHGyquJio1TUJnSl8LQNgA5hF4gDuBendYXenlmB3mXjf/+Fu0JVOaO5ofSqzNjxPOkcZBviIZJuY2Hr3ZRJW1N1VBsniqs888a7LYAyhNEdwjJeWg6BJrDr/It3rYO1N+gUOCTKNZO8Fa9T0X/xBU85v0Ivr79sHxAH1StTETtltHQ7L5LUr9LwfRnPoc8LZxD+O93YtDtwUFuEHZ3QOgGo/8CjVMV/RRobvliXrsAOrZY25vrcC41RgAwxR1AX2qoWNcfMlJCU11h+wCyIovdBGXRnfwsrDDWJA738hM0kagp+jOB0sj/IRBO0rRQnvg1v86N3afhuQTKH4QcxGxWKY3jeaFJnk7fq/1Q1G5pxg8TJ3DQPEPOT/q5g/cxgbecgdePPLQ/Vl4VSbnfaNRtHgtT5fcSgJeCoUm5VJFG//KnhyHnxwj0nB+FbvPjcOWDcV4gtimio0AztMMCTU+3lsUozFh8R0AANjYcRTmDisHn6n4gZJXRytRINGr2dRh6GmSpQvM+03GKRpyqEGFUZMXCVJ1LitUE2AXVtFr1qNk6G9U+ARR6hCoXd8KYPZjf1sTaFTV502BpVKEF/o7G2fnqxOz/+z8eXjryPIe7gueAb5noy0NCsPPVoajdOpo8EWiqeepiP1uSBWg1Jf8gBSSlIQinPhuJK+fFC+4B4fnkh24Akg//77XtnoQRKoJ26GuKULGGgFsTCvnavtxla0U19KWIBKAsNQxNmgPt9v9stiYo8m6gcLWtce841O04yqbMiIGiaC7lbU0uymml8DYFqqxoH9P27usQVT4UkYWiyo3xUJ94y0WhPX9O4ehd/ksvEnD9vUJNV/A4fKF98RH5Unr7k7i+qM0ci3pSv4YDD0rqdymZuWoTD0Pl6fQv7dJIBN0fif+dTwCy3iCDkMLS7h65YZsaig38jtSQPOjx4ej7zDjo2jkLyuGhh1Avz0HlmhAOoANCBqBDCX2GpQShqW6XH3UR3FRXAEV6tPNMqSuAbVMVEXxrnF6WIcIsrENssTVCWfBHcRWiN4BuEHooYQ1blZ8bi6qN49DcVO78vt4A2rFjyWJ87AGdJ3jMl4oAfhQSio13x3P4avKGw1xbJAF4qZkidyI/7HySwrjBD8eg+7xYdH/AxefFCTD6zQ/FvNDlPKkDxLaQdDiCHx2Do9VnOgRQK8siAPs4AXRVQuaVa90hdFRLddWb2skB7ag79AqpfRTvGXofZRNnDAnAqnRSwW1zYLXphDwQQlHGpNqEqqw4Fwg93d9y4DY1bDi9nFeCvZWa7Y+xY/9X3xJw/dygY/6RAzgX8BaHEJD9g1H54ygCcAzUhdIa+kvSGk5/QXlUX95Le/2DCHS/P6bTADqU0BNApxpyGEdi3d7cDgHUydcTgMEBAyi0Kvqj4dy33gDahdyP7YOp3nI1qlLD2wVQSa+sQKPIDIfu3I/C1zrvlrBAVXInqpxLgTsLIL0WzBGLPJ4VUQHAQ9/+QMD1dVM8TwCXEHwf9aHX0D5Yd2sEapj6bRmB5gqp+HLJmjxrKMrTBuJoShhi/h2Jbg9EEoiuEDpA9IZQCEldWxVDeKuihwuI3R6jXPCxYXg59UPQo9YOhBSCKrdBtroPKleH+ISQhaPyFHevXDcA9Qde8p5G4ABaYbHUQZY5hOAb4PMwNzuYzkJSJQdRKM4oc6fBatGIUAshYlNdCQEY385OUpe9pD5OztRsGIYm7UHfdyLS77Pv888JulCe2y0VQ82lIoAMPIcvDg3Bkn6hOPN1AsE3ErXbZkjwXcqmP7qI99Oq1g3Ea++F43/vH4we93koIbmvKqmbIoo9QxaSuhZoejySgCsJwKs/uJNX++j5826ai9ulTeqDqFjdlwPoCaEvRZSv7YeK1FAo82/1frAdG6sNZylPDPearPA3VVGdEU5KGAPdySV8gl34fhSMkkrV7bw3oH2kvhr3bFW+7uxXvotF9LOWvP8BwRbipnaevrgPwUee+scw1G0axd147lMJwEvd5OuHoCItEqfWDkD8Q9Hodh8Bx8JR8m5iWNptnujzvSHs5lYl9WhXEIhXkhL2fSIJSkOtfwCZWjVV4tyacIKP1C5ACFlIWpE+HPZmrRje2Z3fkx1/M2uP+DzC5hfEdGHGUJ49FrZGhdCO4L1BCxrVh7kKsg3dLBT1v4/UxbMdVdIhUO97xAVq9yrwxqefI/BC3eBzfftDAm9xnyBSv2CUfzsamk3DJPW7XEx7aglXQBmFokuWhuHKewmqe6PRnZSw231tEHIQyZkSOtwXiK4Hu9taFQlYs2u938FVrgzWRoIpAZWr6CFb06dDJZStDeUqWL4uBHrVdvHhtrkpoFl/hrcq3CFsf8aQbWJjuaD64KviGVFH3maDcv+jqEuPJgij21FCjzX5bKqCTVgU3cJzXV9/9nW3/dmv6n0Y3AeLgkO459wZTso3AuqNI9FUJuV+l40psicSgANQTuHojCcj0J0A7HYvAzCaA+h0BuD8Nvcs0jhbFSw3fGgIujmLNEPx1y8e9XMm1FGet0G+7U+oWhFM4AU5AXR1LxhTQjiMdfuEkSebi6qyHNDaXIvK9EGQpzmOrzlA9K2ErFUhE1chygkks+6YcMWZ+H3NutNQbEjoYEO35/VpcRzCqs3T6ecyeqmfvbkZX44aiY9C+nqB5/BF5B/HBkOZwkLPkagvkCqfl5U1ydKgWBeGioxQZH0fjqD7ItH9nmhSw2iuhg4l7OZVKfWdH3oeZetBr/0fTYKiQdXusbGaQ69CtrIPKlYFUT7Ym6AL7hjCNRSKZiXwCQRXBeSVTGsTPfgzCLp+bgC2geg5Y9hWnGETIzU77xHus3A09e3sjvr/8LOkga3Jp1B1PVuXyIZ5E2G3GbwA1FSU48P+lPvxMFNUvD6CfxAczH1R72DsfGkwwTcU6tyRaK7OlgC83ExVdId4xGsAHn17IHr8KwZX3hMl+L3uSugK4ZUE4RV8uNd3gYaHpuIJmndzPvMLH3Nd9RaUr+5JHkwAMhXsHQCAoZQLhkBz7gthJ4xbfmlH3cEXIU8ZQArftxMAhvOBXwUpoakmrw0YgtFikFGOOLLTAKpyk3wCeGTVWsrxCDJnuBnsBeBPM/ujNncENLkJqN8zT4LvcrQWw1lUpQ2inKkvjqWEY8yjYaSCkbjiXgKNIPRUQieI80QlnOe7QMNB/Lcw/Dv8hdnQNzf6PTpmtahRkRJLeWAQB1Dw3l4gegG4ph8qc8fDZtGK1VbH97fDqC5CxboI3jP0Hm9y5IS+Vl5ECJu5t13PwbE7izx2aI4tcLurwheIbRAKb1dtmkz/IBhcFFp4zZj/IMEWRPCFOnO9DwjE9xmMQX3wUXgIKr5PQO3GoVBtmgAYZJUX+1mR7Fcy/alPIOcN7nBs+GYgP6LW454IXHFPLFfCbh5KGGiBxgHglQ8Pwdf5K8S2gY+KIClYVek9qFjpCqDD+/hVQwagYk0w6o8tEqcP2sJGq60ZssJboEjp73fGUADRd15YnRYJXdlXbtP2VnMdqknRqjIjfW/odgNR8Krtc3g1lYey/PAB5ZRGLZbGD8aS3r0JuhCnv9+7j+DBQSh9kdRz4zDU5oyEuexLSf0ud1Pm/4lUMBQV9FC+9m44ut0TTioY3RaOssKMw11bFW7tCoJyPpu4d0DIVJDlgoMw4uWrYWo2+ayIsodcJ89COcsDV/b2AJC9z3JCbxDZGVI5QViWFoMmzSERQEGx2PdsrN1FvxaFChaG+hlvElZeDPQCUc6KM7njYGNTDSI49pYmNJz+nKuggo82Rbpt6VbyVoUrhNGo2/UvYfVFi3BfBFPp4+sz8D4LP3sLiidA1xvv0dvvEZRrb4oi8Ag+AlCz8+8SfL8HYyFOZQblOCn9UE4g3vJ8JEE4sA1AhxJ2VKB5QIDQKy98cAiWbv2OH8HybkrbYCc4y7LGUh7Ygyth+apeqGDuFpL6rpBWMt80BZamOpcNZXa+w1Nz6L+UC/ZzhqLtT9y3haVVqRSKpkVQLvmKsDiYH3ETwmVW4GEtC4XHmnylxxVq7HptzYnFThW1iflkyt/+jg8caif6exR2vhvUG5+NCoVy3XDK/cg3TwFMioKL/WxI9htZkyyXFJDCupQBOLx6IEY/HIYr/hVNoWikG4jOAo2HGjrD0nliOOoSkl5JHvv0JKj0tV5NeX7Vs70Z9UcX4yxTPBFAh3MAV9HHV/Xh7glh+Vp6Zf3B7X+ifLAWjvWDfGWh1Yjq4n/x3iGHMLWvG4z+CjRVDhgz4tHUsJ+3N/iBAvo/Y0UK5GyUKTPc7eYm5/VpPCSNhiojDsa6AnHWUPiHpvbkabwfGuIG3nsE3rssHI3qiTNfDUUNwVe9aTgsNdJlK7870x58gxSjP1+QVPBdJMLmhaH73ZEEojeETjX0lx/Oi3XmhQzAHhSaPvbzK7DYbHw7mKcS2kjBKtYNIci6uwFY7qGEbYrYx0sNFdv+CJupSlyOZOOKa7NoCMK7CcKBXkroOzf02EFT/HfKMRudrRS7vRHK7TeR8oV5zRg67jHkvpFCWKuOUcu/zkL/KGQ/+QSFmkGkdsFOX9g7CO/07YkDC4ZAmTuUh5+GY+9L8P1erbroblSnhKI8LRTrPotG8L0Dzw9AsUDDDnX3mC+89npoOIrP7PK5UIk17NXHlqFsRVA7ALa5r7xQTnlhRfZkmFTb+IUvrADC973Y9Kg79Cafpu8cgMwjoJelOf/RYK+mmu1cBdsDUH3wZWHfjDji1FB2Du8PCMcCyvec8AURfL17Iv/pGKg2simKBNTvkloOv3uTb55N+aAQrn2+PBJ97upHEEagG/dI3+HofdFex9gckxWOUafu8+Mx8fW50DXpfeSCdt5SKN8wAeUreuPMaoJvZXsgOloVjsZ9qDBbSK+ytWGo3fU0LIYyXmVlEFrtZgKzGIqt1zlHnPjiJ7YSMdVfq2IAZOkEZO50voe0hYeiDMJm1O64V2hbcCWMFmGMgDyLFWeGoll7mFc++dXbNivS5j9IoSaBR6EnA29hT3rt1RO590WhLiceddkJUBXdCEAbcrH/+0t2kQ2NskpZdhLK2LZqygmXLAlH0F3huPJuEUAPCAMt0PQgCP/noXg8u/K/FIpaxHOSLhMIbE2FcjPOUs5XtrInAdgjADX0LtCUU05YuZa+R9og1OyeB6OqRLhchcFoa4RBth6qbX+ikDeS/nxh/nPCVGEJVDUBqj72jrjS3sIhbNKdgCxrMD/MLdzqG+UEsXb3Q87iCzsgLttRjPf6hBJwvUXviXd6BSHrHxEE3hC+UU2ZNw1olB+62P/tJesiZtefhjxzhLg0tx8+XByBXneFCUp4d7gXhK6KeKXfAo0AYa8H45G6P8fH4iY2rGqBcs9/ULmiB8pW9RBA9IDQOy90b1XI1vTmali5NpjCUjbYSx/LGoOaHfdDd+ozAjIfzbrTMKt3Q3PyPSgL/wRZZpxPEPlpGlaQyRxMX3NG7OcxEJtRf+RN8a6KcPEWX1LADcNI/c6JQ8dWmM0mfDHjKrwT1JtDt6BnLyzo1QuZf4/ky5zq2EInVvHUn5BCT8nczcbm9ejBLE8VihfLloZTONof//OvWK6GDMJA80N3EGMQ/fh4HFWe8h2KNmshy72aQtGeHECHd6SGgRzmlpNXsByXwuvKlAhSSfrzpcUTbOGQtde4JyVU7bzbbeWg1VyL6pxkgncgv3+DXS6qPfkxKa1F3Mrdgrx3FxJ4PfAWOQcwqBdy/hWOmg1DoaTQs2ZzIuwNByX4JPNtNvV+erCGEYQDUUkP7U+fDkC/e/rjCgpJr/CAsFs7SugJ4hXzozHh5etQa1R7jylRzmQ2nEF5+nAKQ9uH0A1EsVXh2a5wO8K2th8/R1q5jj6P1L1yXQhvUyjYuBO9779A0w8VpHTG6lyXn9UCXeUagi+KT1WoCu+mENfAw04WTlfsLMY7fUPwdi+mehR29u6NbY9EC7cv5VB4vGkCWhr2S/BJ1r7ZtUdRuX4UXwdRQb7hm/4Y/EA/gnAgKSHzMJ4bBpofOnNC8rnv/x/0TSaf50RNdXtwLmUQKlb0cIOwfTVkPcNgnz1Ddxj7ek3be++gcYVxgHByZvMMWCwGoTfI3NqIquI7odw0A9bGKufPrq9R4aPEcaR8FHr27Il3+wVh9yvD+B2EKlK/6q0TAPp7vdj/bSW7RIwd3JZtnEoPaCjfzbJjRThmPD4A3f85gAAk+DpRoPGcrLjj43kwWBp9tCbMMNUU49y6uE4AGBQggJ7rLnwtgfIGkM1Qao4v44cHwCusNjRpz/CbdlkrhYWd1qZm/PSXO/BOj254I+hKLB4cghPLhAtA2f2DyvyrAWO5BJ9knTM01t6myruZA8jCtZMp4XjwtQFcAf+X/Iq7hSKNrwKNG4SuIN4v9Azv+vgRGJpNPtf4NdXvRVnGSJSt6C6GpFe2D+EqR3HGs1XhJy90BdHfUuB1YlGGQJRlJaDZcM5tzpHe5NVRdh98zov/wdukem9R2PnDLApvVwwVFjWtH4a6kr8D5vqrL/Z/S8kuYavf/aSwUp7yJ7YkifUKw+/vjyv/Gc0h5AUa8k418EkJb/3oPjSYdD4mJuwwGytQsXkuzq7qxvuEZSt7BJYXdmLG0Gs7tw8llKWFQsn6jEfe9Q6bCb6CT5YLBZc+PbH532H8SBq79owpn+7g85LqSXZhzHRuBSrSBtGD2o8XMnavCMNNz/VFt3+GkxpGE4DhHMD/FcPSjgo03e+P42o4442bUV4v44ef7eL9CsJxLhvlWwbUHH4T51b1F1UwiGDsFRCEFXzgt+Npe1cAK/kqxFCu9pWsWc8qp5tmQle5Stz56bJmgvxUzia8wVZJjOmFYx/Ho5pde80GdHNGolG6x12yC212zVHIN0/nJ08qSR3K1oXj46UDEH9fX1xxVySH8H//xXqG/vNDLxgpHB38zCTkHy9y7nyxtrQN27IKaVP9Hvp9b0blim4EX++AldABYkcQ8gmLFAeE/VCeEgHllmuhk60VJtztLsugnCrdAn21CpsfTYQqLZ4P5Ko2xKBm21ygQerxSfYrmvrAKwRgGC/ry1IG4ODqgXjg9TAE3zXAGY524yFplHd+eK8wb+iAUNjWze6zH4aFmUvQaDG7POzCg29jK3/tTdDJNxOIf6CwNJgfWytb1VPMERl8QU53ywfpcysdBZo1fVCxJoSvRax09gnZZTEMOvqcjCGo2fMwTLUlBJ5ZXH/hceuRcA+SWDQiCCtWUMgZDeWGWNTkXyuBJ9lvY5a6HZBvnEYA9uOqUbGuL/K+H4g/Ph+OnhzEcIJwoLOB7+sUTVulNFZUwzhcs+B27K04zBcl+TrEzW66NdbuQM3uJ1CRPoxg7InKn0UQV/dEBYeSAGWvq7uTE5Ti6RnmZWvpdY2QI8rWhqA8KwHKnfdAW54Ki1nlc4pfUEALb7hbm2rE9Yji4K6tCaqSW0kB4yHPjkOLeq8EoWS/nTWcXApZ2nAoSEUqUvpzZcz6uj9ueJYtfYoMEECHx/LV+SGkhs+s+C+Uulrv42t24YJN/vBbTaRWpag9tgjVhXdBkTmB4IohCAmslaRq9MraE+dI8cpY2Jw2DFWbr0HNjodRf/ozNFJoa7fo+ZlRPoTr86ZbO19b2KTeyc98VuUkw2I85QSQtSKa6nZBkcNywFjUF0lT7ZL9xgaT8oe6PY+TEkYSiAP4ge6ytL7Y+O0A3PlSOELu6cvPk17BwSMg72WLoLynK67kKihu7CY1jH5sPN7JXIpafZ0Ioqu33URkF0NDYSbQQCqlgNVwEhbtUfKTsBor+O28LS0UVor/c3wf+jLyNtjs4r4ZYarBBKMylxSO4F4/GNXs4pasQajb8yApn008gG3jClm//wlhNwzlgWZljgShZL+92bTHUV9yL4V2A6HgM4b9+I6WfSsi8OrCfhj18AB0Z22Le6LRnfUPvXqGnpVSoV0R9uhYPPXzazggOwaLjeCw2Tu4M/78nAHNLhq1GWXQnvoEVduuQlVmLG8tVGVFoXo9m36P4nfKG2sLBDUWv9ZiOAtldhKqs8NRs32OBKBkF89s2jOo3/U4KlJjSBH7E4QhkKeGcoVc//VA/Pv1cAz5dzjBF0YgEmxsDQYp4hX3kTLeH02vcehxXywH8MoHBqHH/ewETTR6PhCPqW/dhEU5n+CYghSOH4J2rAAUtU0EgimbAAdElRPeFz7H7qJ4wqIom7kGelkq6krv4RuzqzLjUEPgsQW9yoxY1BTdgYbSBwnASPI41ObfDKvN1FakIRVUH38bqswYrpSm8rUShJJdXKPQdKn22EJ6oCegPDVMvO9vIGSplJtRrrjp6wg8vzAcVz0dif73DeSr8nuQOvYgGFlueMU83we7/+dBAnT+YAx7bhbu+fJJfJ73I/aUH4KmUU9QCiswhD0xbT07x7AsCx1brFaYTSpoa4qgObGU4PobP/taxXe/RPPXqqyBfNRIs/dxWBoOcJjY8KwqewxBGUWqyG7bXcNbJo5zopbGKlRvTBSW9G6WLlaRrAtZY3UeanfMR0XGYD7uxFYisj2erNnNdtIcXxON9V/0x5vvh+Nvr0Qh8clw9J0XiZ73RvDQ1HGTE1+JyEGMQ082gf9grLgGIx59HxmFxFevw23L7sP8H1/AS6lv4Z2MD/Dh+oX4cuNbSN/8LLZvvAP7sqbjTPpQKNiNuZlhwqKljIH8voiqNFK9vBtgOPs1YKm9zfPPoT37JVdGFbtxd+s1lFuqxQKOUKzRnFzCt6SpyI0ySQUl64LWKM9G/e5HUZE1hjf0FaSMFWnCXhp2BpOBWUmKeWpdNEp/DsOar8OwbHkEXlsUhidIMee9EYF/vB6B21+NIY/F7a9F4c43o3Hf29F46t0YvPZhDJYvj8LabyJRuDIap1JjUZUeScCx9YPRkGWGQ54hzPMJ0+3xqMm/AdqTH6LVcKpDaGo2XkVhaTT3hrJvxMKN2BtsqoYyN4kXa2ryrpYAlKxrm73hKHSnPoe66G5SozHCinm2LpHAZHtL2eAsu8uCXa1WmcbC1/78JiQZm1dM78ddxpcpDSC4HKsGB0CeTiEvuTyN1C01Akq2+5OAq2TLlLJHoK7gz9AdfAMmxQbK/zp3WLqR8juWF7JQtHrzdNisWmf/kFVr648vRA273GVDNMxVuRKEkl061qKvQHPVJuhPLINm9yOo3T4X8uxEClmjCUpSLMeGa3YnYDpbISE4e5uDlxZJoMaSosZDkTOelO2PUO95AoaTy2Cu3oIWQ8UFAaJmy1X8DsEapoIVP/HWhfPa7MYKDrkyi0LVwr9JAEp2eRisdeMsxjKYG47AXLsLZlUpeQmaa4phqdkNq+YorIazv8n4T2P5Sq6ALAxVbZnDe4Y21mfkhwWaUXvocSgz4/hNuzbdcQlCySS70Fa1MZnC5lh+d4RRkS1WQ4W2hll9kABl113HQXfgBQlAySS70KY/uRyq9HDIMyOhKvknb8y3nV8lFcy/nVQwEorsMRKAkkl2oQ3munvlWSNQnR7Dl/Oa9UedkxxsrEpXtoL3C1WkkObKDAlCySS70Kbd9TDfkM0W9KqPLnKZZWzhkxNVG0YIq+tL7pEAlOz3a2z7t7F8BRr2PY7aottQs/UPqN56NZRFf4Vm7zMwlv2MVqMis7Pf11xbRGFoDL/qWrl5BoWh4uQ8Wxpjs6Bmz/38OJt8/WCwHTu/xp9NMsm6rDVV5UPFLiRldz+k9uN3P7C+oYzdD58u3gmR7rigJQo1BX9Dk3JLp9RKsXEiKSC7QzAOTepSfkmMcMegGTpZKr/CrCorEk3yLEkFJft9GAwVUBXcydcLVrP9pmLPUMFWDaZGQE45m2L9CMgyYlGVyq6pFrZhy9NZ8z8GqqK/w24KrGfYcOQVAcDMgdAcebttVMlug8WsREX2YPr1GKj3PSYBKNnlb0zB2JnTyrR+KOfNeYIqOxn1h16FUVkAa2M1QWLiF7fYLRqYG45Cc+4bKAtvJTWM5GpYkTEAMgLUotreITTW2lJUp0dDmU4KmncN7PyaNGGHKDsjWlX0F/q1SFRtTJIAlOzytmZ5Jh+DYoe82VG2qowENJz9GtZmrcftTO5T73xagkJGk3onqgpug5KUsoIfXRuMZtXmDsFRrE8gCMMhyxwGq1HOV1g4vr/6xIdQpkXzOwZt+nMShJJdnmbTHERlegwfeWI3/1Zuvx7NhjKxP2d1G6D1uqVJDBn5GJPFgLqj75AaspCUhZZDAG37p1lqi+8k+MJQRSpoUGxwXlfG3Kgq4hMXSlJJkzxFAlCyy9MUOVOFZbopYVBsv4lfg+2+ThB+APT8dfAFTJqTSyk3jICMIKze2v7GM93xJaSAA1GVFom642+Li5zEnTJsTjBzMK+Uag+/LgEo2eVn+mNLoEgJRtXa/qjIHQOLScYXJp3v6gp2ooWtv1DtfZhUUJiwMJ7+yi88zcp8rpjVaeFQ7fiH+zIpCm3lW2bwPJGtqv8t/14kk+w3MVn6EFTwq8cGQitLdzkS5ivnC8TFnaRmFarWJ0OW0R+K7JF+4bEbKyj8jOaKWbVlJr/MpW2VogXK0n/wQoxy0xQJQMkuLzOUraSwk8EXSkpzHew2y3lC51sJG05/wucM2YyhqZ2V87KMwRSCRqBywyiCzujyPayo2/8MPzHDijS/5d+NZJL96lZbeAeFnsLFm5pz37tNqP9yt8NirkZlFuVwaf1QX/IvvwBVbhjNL+6UZQ7iqyraKqwWqI+/SzlgGN83I92WJNllZRUZI/glKxUpEbA0nvWzYPf8AbRTOKks+T8+jV+xflQ7AI7j98vL0uNgaVLCseqQbflmKipje2dIIVtM8kO/5d+PZJL9agZDGcpT+gkXreSMh90qLNa9UADy/iBbOXjqU8jS+qIyNRxWne/LVyo3JLkAqHIB0AbdmS8hZ/tnCECrQbqsU7LLxBprthF8/TmAyvzbhOLHhVRAWwsHyKjKIwUM4+swGuXrfQOYGc8BrMgcjhaL3gkgu+RFe+pjvgRKkR4Nm7FS91v/PUkm2a9iBlkGFKv7cgBrdzzAYWmxnW/l04fbBQVr1B4jAMM5gMazP3gBaG9SZMq4+g2APGcyfY3Z5Xu0oOHYuxxAeUasz3WHkkl2SZpRtg4K8aqxup0P8XzrQiqgQ8GajOV8Mxs73G04+bEXgI3KrVBQeMl6hsqivwg/hyOMJYjr9j3Jc0B5+lAp/JTs8rFG1TbI1wg5YHXhn8UH/8IpoGPHi7GuVAxB+8NUttILIu2hVyn8DOErE+uPvse3crd9DwtU+bdwdVRtknaFSnYZmd14FhVrHEWYCRc+B7S38KmGhtPfEoCh/JC3tXa3F0TynNFiiBoGU10xXA9j2yw6vvOUrU5sIJW+GH9Pkkn2q1n5ukH8ws3yNVGwNsovcBuihX8/Zendwt3xGYO8w8+yNXxpcCUbfdo8lY86uaqwqW6HsCSYADSd8n+cTTLJLklTbr2OA1ixOhR62XphDu+CAWiFxawg8IaRwvX1WrTLmuqKDQl89rAyNQK6M18LhSC73XnvYP2RV/gEflV6BGy6kxKAkl1e1nDkPShWsfvfQ1Fb+iis9l9+FM1xDbWFYK4/9h6/s6IyLRSGynVuAFVt/ytfo8+KM1Wbr4Xd6mg/tPDVFDaLBrLsJPqcMPr1WRJ8kl1+ZtOeQtkaUkDmaVFoblT4vF++cy6oqFV3ChWZsZCv7U8gjXcCBLN2kCr/b1Ck9IUshd1TEQtTfYlTfYXijRW6c99Q3hjO99GYTn8mASjZ5WlVeXMoBwwlCPug9vDbvHXQcl6hKIWOdqH1YG2ugTzvRsjX9EVlSj80lwnXjTXJNqCSVK0ilaBMGcCLL7ryH2BlJ3BsjrzRDqu5HrLcZK6OlVkJYKv1L/bfk2SS/SrWWLWJw8dUsDw1Ck3qo6RAzZ2Dzy4UXKwET3NjFRTbbyHAQvmkRVX2dBiOL4cyexoqCDoFU0RStcrMGOgqV8Nmc0zdi60Hdj/Evmcho9yQXSRjPLFUUj/JLm+rzrsdZWsFCOWbZ5ICqQUVRMdKKNyia+EnWAyKjajMSeLgydb1IdgozFwrqGAFW3XBcr41A1G9dQ6aNAe48jHVFKbgBYB15avpa8N4875640wJPskuf7MbywiQaFSu7oWKVaGQF94Ku7kBFl5Q8V+YYQUXtiFNr9gEBeV1FaRucgpn5U7wmAvzhizfq950DbQUctotRriGrjxnpN/HKM9CRXo0quhrKlMHwa4+KAEo2e/DmhS5KF/dnzyIICSlypsLi6ncZUcLc/fdMJbGGigPvA5FzmSUpUajfO1A8jBUco+EfH0S5EW3Q31sIRrr95LYNYpVUqaurgCaCczvSfVieMuiIiUcpnL/A7ySSXZZWnPZCgKQwsXVPVG2OhTlmSOhr0xDi60RwqiSxQPItp5fi91IqllDUJbD0lQlthWsYk/PHVyh0sm+TzOazSrU7HmMFDKS33nPlkMZTn4uwSfZ79NM8hyUrYtC+ZreBGIfVJIaKgpug6mOFMzaLIDjA0I7rGL11O7i/ium9mYjGs79CHnWeCh4waYvytLYxMTPEnyS/b4N+lNQbbyBQtFg7jLKDVm/UJH/Z+gUObBZDWLV0iru8RS2qJFU8vf5MK4LiKw1YectCgss+nNQn/yQnz+Vr2XFGsr31hLkGyb8/3buZ5eBKAoD+AtUO4IQJBZNpIkFEm9gycYjeAErq1p5AbG0skP/TBtRG0QiXVipICJCzbSdaVoaHS06ko58zp0uLFiIbb9fMps76y/nnjtnLrzqz1lRoq71ershvV0YxW1VDQNSDTXp8UIw9yZQzUXhFDNo1W/QdutA++M7aCqYnitLNbQaV3gppfF0EYV1OAtDH/D/wrDVILgKnz4E53yFwSP6DeBoz5drKOoRlLZ6pEcMIh8PwFRb1FgID/6dMiOwUhGpYtOw92dgZyZR2B2XLeUojEQ/SjvqrwsNZrxXqp3mP0Z6GLWzZXw27hk+or9o5pOoHMxJRRxEQfpDQwUxHpQQqnB1QlmIBTvhlHVDfU5IyPukWu/zTzfLxwto3m1CmkpOtxD9h/dmnbybKTi5VTxmF/1haiszBUsfg61OM9Nh/3qJ8tE8aqdLaF6vw61kWemIiIiIiIiIiIiIiIiIiIiIiIiIiKgrfQHX+DHBADhZyAAAAABJRU5ErkJggg=='),
(5, 'PMD Media', 'http://172.18.121.48/', 'PMD Media', '');
INSERT INTO `apps` (`id`, `name`, `url`, `description`, `icon`) VALUES
(6, 'Choir Directors App', 'https://choirapp.pmdmc.net', 'Choir Directors App', 'data:image/png;base64,iVBORw0KGgoAAAANSUhEUgAAAMgAAADICAMAAACahl6sAAAACXBIWXMAAA7EAAAOxAGVKw4bAAAAPFBMVEUWHCIiKTAtNTw4QEYMDRNETVNSWl9eZ2xpc3fGrYVPKxPTwaD7+OXo3L+FXjtkSC+2lGmceFOGhH6inY8UQ54BAAAEo2lUWHRYTUw6Y29tLmFkb2JlLnhtcAAAAAAAPD94cGFja2V0IGJlZ2luPSfvu78nIGlkPSdXNU0wTXBDZWhpSHpyZVN6TlRjemtjOWQnPz4KPHg6eG1wbWV0YSB4bWxuczp4PSdhZG9iZTpuczptZXRhLyc+CjxyZGY6UkRGIHhtbG5zOnJkZj0naHR0cDovL3d3dy53My5vcmcvMTk5OS8wMi8yMi1yZGYtc3ludGF4LW5zIyc+CgogPHJkZjpEZXNjcmlwdGlvbiByZGY6YWJvdXQ9JycKICB4bWxuczpBdHRyaWI9J2h0dHA6Ly9ucy5hdHRyaWJ1dGlvbi5jb20vYWRzLzEuMC8nPgogIDxBdHRyaWI6QWRzPgogICA8cmRmOlNlcT4KICAgIDxyZGY6bGkgcmRmOnBhcnNlVHlwZT0nUmVzb3VyY2UnPgogICAgIDxBdHRyaWI6Q3JlYXRlZD4yMDI0LTEyLTAxPC9BdHRyaWI6Q3JlYXRlZD4KICAgICA8QXR0cmliOkV4dElkPjhhNDVmMTM4LTZiMjQtNGE5OS04NWNkLWZhMmU4ODNkMmNiMjwvQXR0cmliOkV4dElkPgogICAgIDxBdHRyaWI6RmJJZD41MjUyNjU5MTQxNzk1ODA8L0F0dHJpYjpGYklkPgogICAgIDxBdHRyaWI6VG91Y2hUeXBlPjI8L0F0dHJpYjpUb3VjaFR5cGU+CiAgICA8L3JkZjpsaT4KICAgPC9yZGY6U2VxPgogIDwvQXR0cmliOkFkcz4KIDwvcmRmOkRlc2NyaXB0aW9uPgoKIDxyZGY6RGVzY3JpcHRpb24gcmRmOmFib3V0PScnCiAgeG1sbnM6ZGM9J2h0dHA6Ly9wdXJsLm9yZy9kYy9lbGVtZW50cy8xLjEvJz4KICA8ZGM6dGl0bGU+CiAgIDxyZGY6QWx0PgogICAgPHJkZjpsaSB4bWw6bGFuZz0neC1kZWZhdWx0Jz5VbnRpdGxlZCAoMjAwIHggMjAwIHB4KSAtIDE8L3JkZjpsaT4KICAgPC9yZGY6QWx0PgogIDwvZGM6dGl0bGU+CiA8L3JkZjpEZXNjcmlwdGlvbj4KCiA8cmRmOkRlc2NyaXB0aW9uIHJkZjphYm91dD0nJwogIHhtbG5zOnBkZj0naHR0cDovL25zLmFkb2JlLmNvbS9wZGYvMS4zLyc+CiAgPHBkZjpBdXRob3I+Um9sYW5kIEtpbSBTLiBBbWFybzwvcGRmOkF1dGhvcj4KIDwvcmRmOkRlc2NyaXB0aW9uPgoKIDxyZGY6RGVzY3JpcHRpb24gcmRmOmFib3V0PScnCiAgeG1sbnM6eG1wPSdodHRwOi8vbnMuYWRvYmUuY29tL3hhcC8xLjAvJz4KICA8eG1wOkNyZWF0b3JUb29sPkNhbnZhIGRvYz1EQUdZQmhoWkFkRSB1c2VyPVVBRElrOTBFNmJVPC94bXA6Q3JlYXRvclRvb2w+CiA8L3JkZjpEZXNjcmlwdGlvbj4KPC9yZGY6UkRGPgo8L3g6eG1wbWV0YT4KPD94cGFja2V0IGVuZD0ncic/PsJ7wvsAACAASURBVHjalJqJYuMqDEXBmM2ON/j/fx1JbAKTtkPbl+RNk/j43isJp+KG9eC606J73qcH3tO957y2fl3X+H/KP5wnPd/vfp+vg77TijE4Z/tljIUvY3RdJrKn4wvjq49LJIy7rEZBEB4pXhjbNTyixwL5TnytyDmOdOgHf0CPPFGkL1rOpnsmr0riGEZhaV+JSnQYePyZooCdr3M/12IlDOAIyOG5AP39hIFa2MZgGxAoMqAY4ztJeoKiCHJ0JGw9BeP6hUIkt52kB2nph+M/OEsMQOEcw7DlrsnmyiCIAj9hn5D0KOL5RjET4+u6CIP0uAeMvfNYzkVelhLixpC0hRjI4zkEfSeWdM5yRoqdphS/oaw9B56V+C3pxVGZIXnJuZ4EjWWLHG9J/DdvCf+TpX6lyJ4ijMQRvwnCpLDlJjO4sWoVFFKDln9xvKrWM5prVqZmFEJUNQpHyAl5K+KZoUiLLEYNepXDtKgnDMIJnSKds0pGRi3+RrEyCo6RKpafU9isQklGV7QmgpQfWNZ3OfezPvL/WmQK6iCVI+R8jNaKnRa23FhmLMcSYrgmJAoFnqfEz2jE/wajUaiqRpXjVXmx0PIS5XjAx2qVWgivvomBvkkS/1WQYq0/WmqtGCqrkYsVcYAekSWkk4JpYvNNc5QpWrD6q1v9paao468jCsb9/yiWnI0uHb2tphS2WmscsErNtaZrI6X8mpwS/10T8UeKjCHLbMVtFRAEbBULSDFUGBlKoXJDQzcsH7bnaBNX7MbGF8i3YKxzMUANxdRwZXCOpYH4iRRVh1Kt2DwypJzX3tzYdb6x+08pEb9TYL7F1tWposYgx5SilqniqExjGIfJD4d6ZVhvL5J8q8Di78nAaHQY7unjMafo+rcbc9Gy3sXD1nZYrWXKNP/FWr9aSjAK1gAtFSvgCMQReaEdSaqp3Nj+siqma4QzTXhKfrfWCFG14GJUU5UeiOtHCmuLrSaTVclG18/b2FsYVN5gzWsvgaztyN/BkInijVFsFX38losy4mZTuVGM2jRyDzHmrUdjUVmShPE1I2tHsc6DUShyOMJNUoRBgP6uTbfDZNUby9qXp+qo1WvivkYkgTAPZQrR7ch7DvekDe0XQ9lJL+cUxnblqlRdy6tut6/iJDFXrbfDxLq+ktEeqQaRKFLEQwcRBi/193LhHXaz/SWTDPdyFtMDMABEhfmGHUEEj/nKkjExlaXGEQpF+FkOWzce1vKAmFZvkxBjP+dd3bSI0Lf/Nm1h2NciBRNjuUYxUvv7qUL1u7/8H36BpI0kDeM9umctJpKoIsnAcZO1kGOtyZAsGbX7XadBDKJwPy87m066WmWai1pPLyilcfRzFqYDKeDLVIwBRWSIlu80TG2DGA4sFX6jKM2vu2cng26xlG33zOvqia6zSSWBnzDfjlDY12GY2rgWqAZBhFlF+qZJDf206rbt02vE6pRIt0pVFGAxs/J7JxBWa/uApwEX0h0c20a0FjEdRUrPYN3QTSQx04Sbbubl9Yr+g2suyS1IDEHZWLYXhiUx6ozhGsa3Rj4ULTvb1RaQ1tQt7x5Dxus3eUvZLMjeZT2VX9ltXnM0rpSL7prNeLB/C8tr3G0Zfw8mvRpFjuwrXPrui+9NPx8hc6FKFFsVI4ebXX2qfnE/piW8L5mwEYs1QB5w21NwlFx3G4nxr3lrPw7BklEjbh7KBTsCVxT5ihFcaZLBhYk2pRnWMZdrYVv3KD3QDBiUeQJR8ZWS4zCibDRUcxVpMfZjy67ifJMBn0ffYYApDb5sOooWL6J0Icv0dbcqkm/t0EVAD6NFvUBFy1hXKPpr/nWb+pIjZBHoK60kSgcznRCnU0lPkkOetci9JL70uE7RLu1c5syxMK+6z9AGknr0eUV233Fl+BWslxDwSPNtbr9K7S04zvd6WDh4USisyxWqjdlmwtFXraKDm4N0HrOWzYhmJgqhqGUZilayVvXWIMl+7KAHgJCxsOu5dn1pGLYd/4Sv4+AEcKhwLHAcyyIXeDPruM/YrDLdRZXhS65SrEsJu+KtXTVNHOfQWGUfkbWwbYjjVy85Srna+XIVPFkvS744b9B7ALRJiF/BYf3kWz4SiF7D5+PWzla1L7Ll89ZqP2LiuAW9b+uzbIRL0zaHyXW0moq6vlE49NsQ4VU/bR17DPbahNS2DWot8kwPtil0avXwVKEmKWFLLy5398oBIPmCRRWX1RbOUMa/DsOCky4bC8Gx02Uh3Hplqj26a9u0cWxE+EEQtWoEkarviKmF8Dqs0z5xB47rog9gBft4y5gvIWGfx9SuAUdmls2EPZ9+OP/muuA9FuhMUmJRd4lwD8BieEzMNOvWCOn3yx9hfe3VefXFtdAGa49X4bgF18MOHepVh7OzkhjyIorDAxKEHN7FOJQifURl02epJ/1ORFlsrcFvDHynZbVHgGlcrLJ3Ve3tzF+aLpaf15X+0IIU0eNr1q3bWH9LyUoY8cCzbdNo4UIx2AGrpAR9tRGvPzep29Xrvmjhm2kh4mFWhafkFXXW4csCSeKT4oFz4y2U1jVxfCDlLrNdUwdTAQZ6ORoqjcYRAx74eZG3Lgx/8lU0sEkw8Ns7OEdP8l7k0Mcu13wwk8WctdDouPvC4asiXBS2B7XjjJIDouUWUQyDrwlFCc0K9lJSQgPRVDC0kkLIlJIjQre64BlRrQsVydFckA4RP6G3VJ+SzlgLpeShv99JUzyA0CllIldl2O6BD77BLsLC0QWDlwJCpIvwVstlwepFpjrwG/SB3wSYAA89WOwCgwUhNNmUJREeqVUdx7KqqRRDg28pwQ9mfPrCjVXZHJtX4seWmCoWjJl4cgHDwIHv9JcM1plNKsA4gArOlDEnWSvByNMjitiAf79WaVzbtONLYzo+cRXa/EChRg5o7+XPXtLlINWFhMvB3NWauhInnO3nUhpasHf5V5y6nRDk3dTa0VzLdkaUToEsZCyxhSRKu+QI95TQx+dcl/5PtN5b3aEp4lax6ZGtVTzZTT2ToAcrBR4S9AsHZ/cEs6Z/NtfnUFriBQDw2IU1jLqVJBZAEIByPJsAf+2LUPlltcQrOO7w26psG91NR1KdVSNfiILvFCl/E/UdoxgrGLmBS0AOqELHs0gJE5XC87oA3nMc0D3wPeAfJADZCGVNUpmOqAowXOjLQ0PmkV4KHYJ59lvhnKnLxrDr6nlr+JID38bcviiC5VcxPTTft/Hr5mQrQwdzkqvuS0rnLuzakFELEb9cbiP4A3JYKc/98KAK5j0uYkFjSQm/azAoejWg6p47zyO4o6o6qowoamBZkiTFWHdWxPTGsq0jmhYRI+Cd/bUYpIEitX/CtlMZxpt4LZB0OPswraTqdUC3eXbIiMTiC20EjQVA8Cp2lWp1n+N84IkPHAls8HRfe/u+rlTf2JckCb+uRdBGTyYfy2oXFiZhQIgFz+izLArMdEPnoFELDt3HB9DgCWAdo+DW7Z9jkeoCxzmJ4oAaaKx9kRcIJOHViONcnwPU7QzVN5B+196x3OxKI45Ir7LVpSXnWSaO8IH3paxDSGBDB3XJO/pL0HPZgwYC2EIr+lj8s29ykUkNvPFQit1nV0Ltu9TYasCQ63rdm7LG9NEw7ApjqbxspwgUcDKzJHdTZOauFhTyloDzCIcOh7NJPNv3CYd1HMLA0aft5y3Djn0dRkd6QSSBXr9IKNhBgCgHmA2FUCuUgjSPnZCW7Xykns8lDGVUhMylStaTIqob5bkmrbnLZf/cG3BE/M9+P8AhoIQ5YQNsD2nXZuRu4bUg2j4lD90loIgtN+oAp+KA5gckQqyRQu7laiHwB5zbdztUWnVxH4sWSmKzte5afjX7uzs7DtjO/qPbWhQbB2EYmEfCCM3r///1JAMJSXvZbbd1bYOwLclOJigGhOIAGJeW7bNBE9CVojbErdgd6l867XmiZs9UlhZnsLQ1ToNSwMTIQ5S8i7Dqlds2vEn6Qx/p1JzJ85qIuzrcH+UhvUqaazTOdd6K4T0LuATFYQexp8BhsJiPPbc/+ooyH8Udh4UXRdd+ZhCaLuFY5hr5cNaYoOoz0wsvnhCOOPtM0s0f7xOyC+hBZidUx8WvtOrMGwYY0r6IhqR6ra6ZXzBuUwfKn1jicUlGSlnROMAyQSNSjGialwPvgNb9WJBbh6YqWKkmcUXCwYrdiAR84A0Ex0W9F3v1Lls9KTaJ9GdlvEp1xWScPVTm1WkNC35rU+xR2UcbPLJWZGl+JJKFFMdCHEs8jxjPAlU/+EoAOeyUNRHQWkg9E2l69fjGmp2k630AgCWbPUM9YImxP3i1k6qlh3nwbrOL3/yrb60fczNcPSLXKLxNLkdpdKjqza0ZQcnLB3uHjSzLHDL8EbpTtzAmEQl1iuTI0+SipkuPk0rOb/DC4FFmSD+82n/09o9otTrFqcCDlt1zeH2P5x5y2D6khWS7WGso9y9NCYaJBYPxwSp2JFiEXy0z9I8vOQuz4pDoZggFyx0nOheXjo4Ev949f7ArK+xEdA54Em/cKm0WF50pmmvJyftK1ThrHPJL+jHfjZV7usY3EVuToSBh2VCr5x8+keRlQlA3vnYCA2PTDxhiSvlUtHsDp0ZKiPAL1PMEJVmGo0x80G6osMg7LmzbQ6Ya76U2LryS61tHxoCIDVtT9qd1jm9NmQJMEXMGxZGgaCnDpFC7Bds6492ZDvRaVP5gLUIFetfC1g8iCVlVEI3VGWiN8eCW8NjqjXf1nGKUe1b/JYjN/T7pV4Zj178OGeg3DBj6bQeRAYEsyKxJtQPEBwGauD3QvUlDAvcCJLOFSqBfAS6E7yBVSdRlg3wB+sDK5wrDWCNoUz/enME06TA+7If7mgRdgXhaX2nlziNsNZRXjYThPtvhvhZQL/K+5D/B3tucqY0T3y0Bn2sh4YAQaGaKXsR7I5cY9iOYisRa7Y87DGgJL+8jUqfvzkqbLOu+UfyyJ9JIsYdEc7JnYwwjfXUsDEhkpeMzouxXACkKREpWb4IqUSRkT6w5U0NK8syr41QgWLxDTcgFQ5EEFUXbR+/Kqe7hTh4YmibKre39CDpp7JBfIBqO6QoIqiRh7ck6ANG3so66x5AUyl+ioBkxc0EoSib9IhFdRWLAZk8YfD5pYzJXT+huDMMPzr27Ebn8710lLbWGiDxwxCg+ISAz6wBuaV5W7nmpr4f/IxKEZAISTR5wk9BVZQDBM5liNSDTCAM4wF8HQCBQ3r2a2+GC9ONCVRiNlrg7tRiSTUcf353ZNR8yApOF6hBUsbBK5AaC3WdWOYZEFAm5CptvLNRFi4Mu0fb0MmbIKkSoJGNTQVP1vA3odlnhPfC9zKK4Mbdkr6z1KPc45FgtdYgdVujQ6JGgnBgFohIBBeEjSBACtGk2jBPc1VGBgODg3Dl0ZDR6mQMxSAz1X1TtzffQZJxd/zqkuZR+RAKRh7a/AsILL1AMnI1nTYUBJJAuElgpaqV5KwWDI89+yjUIUPUSvBkOr0bAHxTPhWOA2Q8X2Pqc9zH9eYbkbkZGLWFqfcEY+kVjlwTLWlDudL6ndw1IPWAFC8NTQyL6CHY5IXc0oUzg/HRAgqxCi1uggyWg290R6JM2BbG3xo28+7hF4BEL1ZBnaklIpjUO7xlGuwXMRy6xnJpdEWJYgVw4sNzCfrYWT8PnWE2tMtBQLcvkR8oNgfOgMqN1x+lJC3o2LOxd7r/z6kJTj2rpdiPSjPIYlthbLYQdjDpNylsH0ijcQEINCSnZxlolLrM5N2nyyda6SIvToYneFAbKLYegPZyNyWA42B0UCvp4bpoLq9zjrGsE9CMm0jVxiEnoERl8yjXtQ/9qPPIqOysoEZ5TekSw+fHQTfeOrIuNpW6QiAA8+RMtPaHMNCtJL6Uc6siwL55wFQS7Tjiuunq7i/u+Jei7W1dNH2tds5rFHtyv4ZjuElKAHQ+YSu2JcpzvqZWCioUPmnaR4PaV4CQLR9fkKIceypqpXmk88X4QUq8EncltK5zkx1dmkbCbx5z0fTHhtli3+ZWLQF0TEverSjgO5DH7cgJIUiA9taAstQ78iipgSHTp/M12AFENCXILMeKIWMcL2DbxB5LxyDQBpK29Xxgxp7aLD6MYXpVxDx4GFEox0l4wtleXcXQodhqi1RAISQvPu4CgMKpa+Im0Vi2hU7JCO99kHOqv04c2qefJ/J4rkFhgUACkDoPQJtbLNW68+vnDMDbiGumXtXoV+5BiHYrjzGfBqSwETCoQMaVFApTUNNvP2Z9Ja6KoKdnyR4Gg3i8fUHMby8Kz0TeiPtZMk7IRiCa0P1YbHvPq8FsMn6ylbNkiEkbeukwXgIR1ZZZUIEmBqLWwNW0O35AcZywoC7NvO38T864wcOxoIXuF1g1GRBSId4BLILadURy36hWE8OKr2y66q9aVPd0wVQ2vzoRphO2mFl5AaHqrf+K40DXrgQLO+vBao8W7JeshiNuwKuyYPwgEPeNKIPkGolUSfg1I7wrp3DvWeo2IdEF0X5NXRCTBK5GxtNgzRdhGneRizZ4XBVpwjDlTkWZC8PNepKvgvoCNBiSCLGREBEDiAISxCgdP8WvQeyXn22cRBmnGVbPlbvIeCsXRFaolySAaRAf7ZWi/axh4fSd0NwipmT39IfpvlsbcjYllvzLcy2d92iyAWB/BIuEGIl7mPLHb/S6MzrkDCjeoCFlrVMR3UJAFWDX94kn9WiDnHHKFZmYjnFRupWA5eWMADgQQ/29XbvkPQ3JdEwjGlB0KmxBRFDyBSL2IwBEk+nrEpD1Vfk+yvhirOgy5MusNI7IuUaqwJtAuh7INBnLG4Fhd/rqcZ204+JPfS/SoqG3nD5Fzk3Yg6eQeTnllaogSWxzzyUq/VHawIO9esia4XyXiLrP4KhEtkjEi7rbS/X/s5mFotz+03CApCEM5egxWNOkMyZVDyStX6VdOeY1+69dCgegXa/yMTXF8Fy56b4KIlAOb8O9tVz+Wexjn724Yn7gOQhprydi1jw2zAlkLWhZEZWXIt1Xtaz4aU30g+QiJb9qHkEg1uVg+xML2kPitNDbiUjxsFpzJijrf9camOstCx3byj5+36P8bkTG9HsL+iMhw8+OFytPbGooc1BArnGGYZkhJ56MIy5iuFILa6PdId4Zk95XE6DzrUJdvj2dtvBMI9aZgkGKxlrd3QLLR1v/XujcU7sbwEMSBG+/Rd3Wk5F6TkD7bVlvtKHfzTUtMTrvKetNyt6qGfk89tRA7vf5c5XBeVrhlgJnzH5UTpFV3EKx1nqe8NFHkOZd7iWEbZl4RGWZIY9kLsoIuVWqrnSfprbcGIHH8c/VNrHB0g97snOpCt9ceEuwD6101Tx1OLLAwAAPLtTaW0qzTId1r8PNyJiMee7GvRkTuohoazavaJ4Qc6c5Rrzy6b86vRQX/LnfNrVRSxIp2/kL/eSRXM4QIyMcYqkhQMGDhYffJhs69LyGMavI6bOuvGRF52JrrjonqVLSpxv6GVHhLyWOKQM+okxTHMGgS7ZmplT5HTrMLObTMUiL4EAlbY4LfPMj3D96XGTsOe+Q9ZnhOFxuYsakabLwbbxp86qK1nxU4Eu/qeeHIYGS8ZWPl+qBDbnmX8IoIod+UIBSJZ0sogf6MASl/tZLYH8pldX96XpEhx17eZBjdtIiE63NMrBhEW23sYx5mIVwdC/8wtedE1lwhSYjfZ9NnQD9yi1X9YTOCbjL94+tKFBvXQaCu+Izv///XZZAESHE37fa9Hmk9BoYBIQVl/ulYn/BTh5ZtXhdwmyZji6O0PEqFqCtCH1WQVI2448Zo4uaXbfUGBpXh3FbkGv5cQyoxnXZyfqwX5B+bz1SDhEJmpa9jmQWLqY5T+8BV1atmNwVu1yq1hCVIeO3YPvEjaYSMEZ46Wz0Ts/Ll8TVhhXOOBcfH7VR2u1QzBmUCnwqsARCre/nzyo5Fl0/ci2WeeV3S/5o+lrZUyL8ZxNBvbMg35MvNk0uUzN2BjWUMg7vVeRKTn+ApKRTXSkglRL4ZB32crwyj+Nr4JcYFUzH3JhjED31vN/zkc1OHmDW30tLyRcZb1hIODhwDMsa7oaSaz8hXhOErIlcvsRXoxvpy46GrjkpVHBg+qU2G7UTPghwrPdsCebKk4fM2nqHXHmx78d2xggn21ruQzL7lrDVeNKb0G2dOczwCSDmL/K42LVC6HqleuqO4qEyV2CSpmgsDB6jq90SQ9sSdID/+Zz6jNnm15RBb3g3S3uSphE6lkFs/323nXe7HcRKOmdTiMRMN85zoAq8Zp9w1xhu53V5hIJV4oSoK/lk+m0BYdPUXRdJ2LpApbJC/iSq064UmRCoMCZFskdDUMHS7tt1/MtV8UCNcdA89Ef76nVl2MFLMM2R+C56tUC44rEMS10JyLN+6GccA5iUBtyC77ymO8X8PW9gKJKlBainSADE4eNR+nhzdSyoQ1/M6cucWs3EUyx6q8LtdZCFfCM5ds6/x7Azn4u0qnjZ/T26AnfSTz0pRgl68GzqSDS9IghFXvyWV5JFggkqF27MmyN3nSy7ALhIIBjmYC0RePC+6nGhFBy5hqcw7kkTJbnwLGYdX01d4FJVU5E3pRoAQdxH1Dn+u5TSd3tC0SKW7qI7FTcwSJILEOSLe6DZSvl/kDgiqhB6uw0iSPy4KlIVHxElLslGIgK9iEBYjuxqEiCuCIpgObrbHiPGN9BDAMJmVwfCeF6P4VehM0XiWd9JkUdE1fO6TiDMl9M7y36B0vaKqmNBdwPzufiw7OdgIHkbRN9d0QW+n8hbH2bCyIYh3s1Xw8UbsTJ8/DNJPncR3oRjKGr4CidYmqOKIK+nSjiUVlxu4IKeS8IFzH94d5ODkXV9wGTpca8gGwYfCVPxOdEFlzM7ljMExkWJM4/SjQ3RLbk6OJOrDq1/VRNhZpDaN1L2I4HFpol8GynTQgyTCSUsBBO7/PpObjRhjoGxZiYu0yCFBMswbUj3Mgnk5xUEBMv3Z3y1LIyjnuhpESVcsUsdCbANPaiy6pfSJ84IMHWbUDmSTNBAtufkZwVT7iQ0ig1P6RVgcpdS7KwxSbexdN+MY8UU/vfSm658vAjWuU+r1bqggimOFJkaKFxryCp1i4/bpTc5N/4hvHA7CnHDZy8WbXcZQTl0oZy9E7I9Zz4OPKLm37F0zsjpwEHVPfUUraoTsfezYmYI57/RbEhrvCiaPeKnlY5MZg1IJOx4mkbaHr/Ym2rl3kjHrFDj/XzOUzFzPS+Hde9t67gtT2ZiDHd51VBxuGhpNpX/TLXBYebA+77EYxhIgXnnaXvsLoQ+Be4nD89xbOpDsyRYogBHuBOaU8wDn+bwyCPohwGBXuzOcW3GIoFUGdtifYh/wrR5GWQr3RsUXi5hK2P7qTkpjSZESChRxXNabQgQ3b5unYI7yyEf/FjfDdiW67lxRFu6ad8THYBcI9M1hX0fW3FIJ/VrDC2WZPOKD5S2xyptkCMOIpJYn3a5tA13xhoRtvj9tiHCoT4Qyx3oNdoJzZhw1P6gaxH+IGrFTbseOTPgrkEgY2+WQ3MyyUMxPyW/uoUiaCcNEAiQfp0JCZZsHV0IkHy7JGyuxjviZECU1SKhE22Y2y83midOnyImgyzf4lHEwH+RHJEr8jqmylYEhUV6qKo0RWXuQvmQb+pWF0VnE/g/kDrLFytkGh0hTiKybPjhKsmUGgsH/H2eER/rcTfNTJ30wg4op4TpNRE85ZqJ7ISiJcStSRGv5pgkZzWq8do61iUz38plHSt4YcEeIrM+nOJXno733fAhnPQEHB3OfbI3wsFulaRJtbmpXyCC35v0LkvM4ua7Ga0z/J2gKkRjxViJLUakrRXYcPQ4fXCDd/pszBEJkfcZPHyEcGMO9whhc6N8EgwCFewx2aSBqFksHotw1NRM99RxTaEzijXxXAcyDCqFFYuI+duwYeGdCQu9qZd5C8jrzaZka72Tn4cZ5cWdmLLp8lDWEXPZoRHvbQtGlPyTFSKJrraGjSY1orKHTBH3dMRObNCkDLGNEEpnX+Y7lVC4KkZxA5ud5cj6Za6gnbOpiGHEaQ2grc/2TzvMG+GSb7RmJ6zKIahSD4gVIaEqzdviuYMMmYQp2MsVTykeQVzkTmw/crUGCWMfu4AXeReYw/TarBpmyOIF4JyqjQvkpByvl2jBxxdHM6m+zCNHkFnE//xkHzocwyzMdGiGt4Ppgg/uZYYwUHbGuIf/MUxOQkRPgk+ySjQaHoSuvektBuJxbWu6yy429fKm/lkQ48+NOTrWtN4/MKAL6tZ/xZv9i2RjGe4hm2fUHCZpKOZU/S8pZWnzPVCBBg6PjLCdx81vcm1XHZpG4jnKPJYkADJ9lWs9EefK5JWd1MWxjr2N6UbenG9YCkL02Np9dHLNU2qoUFcEP/fqfEDHRFttqxX4hQ8nbbfOLQ1z2iHAcIszalywzlU5eXbTDtvdPOxmOFcTuDI9rH44Say40PtVCEItUOoi/3BUs4UfbW6ohg/2jvtw885oFNUfizIrc8gGIzAc4Ybj0X2xSzPmw7IYXQKgOwI3Oi8LyPRQnH3qbtIk+tNcuJqoY+USB4NuU6PF1oMjG9KQCTj03hTWL14HkrBhv6Zk3D2QXSl0SHb01DJrwS8Hd6mmINlUau+RvYvskDlEYuSU95MNGhtJ9Q8XX1Er5cu8lt2ikF5qw5bdBoa/2gX5BH+CtTZxv1P1/Hm1sWocrdXSUbUHjR2pmRvH0KDIUNIHNxgOf9u2rOPoXuHDJiHffg3BO871pqr4CiaHvuLQG0/aAD3XBwaAQP9HHuiS76QAN8F8Qazld50nON81FG+h5gFJwGKP4/xgkBMudP6M7RRpQ0KhHrdOx0N9bmkhhrWuXPEjCzfalV+zxhSfvvHyDoa7la+LXluoLmNixmV17MekyfxHlitriiSbrpniBjQAADapJREFUh8vGy55s7efQX6pXbl8liA+3R81hkrmrXpUtUtlME7w37y+MLDdeCy9jEvyAhyAxV3ulWit5Tv/+Wi2SaAS6Kwn2Mq8ZVF4NaaeiLLyyVZnEkDQpUHwI76ES+z5FsAsz4nUYvW5CIVnq9h6F35Z59lt2wOqaTa3IPL9WDhDxIeJ8oGr6jQ1vLSIJX1sTjW/FXzYObdFimmwI2vHe99uAGVyzSoAdifNWqFZacMUL8hYTk5B2fhUOfrgfbVVhKGv50JPwf+jYVsVmejIvtjD98Lq6AJmTYW5FUnhsTFE7ocUssqAP43DxDPtwkNgQcbq/Rl2r1QB/E3FbRZjGs0vJ3ATyEbFJLTL0+T4tgmTNLfe2UyXbsYAG55FaIE7Th8HhfJMtDQLfzKi9RH4zuOPTPSQzn0eZetNwj/1AZTrqivHGT+t60t7AIZscxSJtfJRh79YiwWoZTZ8FgX+Fwh6Vw5MU4/VdXXPf0yniqdz0hmmvrWw0PpPpSHPa64gpFdcy5FdRFhjeWsRCsa3i8IeLZU2bHHELN60R1d4WNLlvyFE99B1cOBdSH6e67Hn85zFs8CMMU/asIzUoFIMaxNtAKXklmITfrhVpawBngZicQHVqs9RHUZLJib7Ru1bAMlfOdnPJJfjt6biS7zN4AbKkBoZ4l0Bxxh5eF4Nqnf9iDV9g7GunA50tmwOKvhLS3sV+lYOyyZxz3pXEex0fAtHp3Oxae8o7UgoWV92rDia6LtotEcug3Qsjk5SaVQ3WjNGYBGNeW84WY4qti9I1u4yCHklLcro5MVkdhRi5skFclSVOiMu4lz7B+JeMav8lWXiYgMuKg8+nxVLP7yIAhXsV5cnH5mawb+WsTSpK715azjmmLkSuY9mzQco167slrr5YKV+rWapRLdU2GLsBDO0SDA9uvm/oicK9PiLv62miLe1Ffly83F+2aLrzQmPZcFY8cSR0bkR41yQRTTcFpYVSJYK0wtqGa+bOo9QTTrVggmgfNZXgPZ2lvtjuFEPbww1uyW0KBiIiCXZa+bzG8nsHwnFdjKNq3ibKFUtLvx4nicZhCkmyh6GvfInYekU4XPKmS4NF6m1tVjOKSbjEYN/y1r1w84uIMpRLREhSkRvLeBzneewz4zCiSvzqb4vQjTqm8cFxOFXG/SvtOrQj10Eo2LjFbzK29f//+gA1kDwlZ7Nn02Mb0S5XoDEUTEpaupHxQPKzD7x65yNSztkgQbZTYqk00+i72cVJkiCERiP6Xfa5TQxPWGM1tfqsBBUoNq2vXhIZzuFr7CNUfm8oZIvcHyU1SJ9TeeD0K/IQNNiNGRYtVd26YePCYBHktAEX0neV9GOVnZvaWXlSGOleDA+2VLny4pvn/CRPWmSx5Cgm7Q5E14swRPMCsnGO40+qWWXDZsRqnVEjCZ+7iomtqb68xhGugXKPpDaHwkMON0bvHY0k6RMaz2Nl3wX0OTaj2kVj6pOaLeO8x1Q7kHTVj73U3DZeDFWQE8nuzzLEzwXids1IZWJZutf4p7lfGms4LnKYFCNXgm2V/f2MbQabYFCaHiQOATQ9eRViFy9Qd0+vzevSXooZ2UXAY8TjN05fYhpFiZOZnChJTi6Qdvo3LgI1LwJd0lCKVeMWZNOiceggg/jNJr7lybR1HpIYvwfqoWH1H0ct4YjPZ1PC0s+zctipJKGwL9o1sV3XHMjEXSMNIpoQrVaqbYm/0FUqkkL21HeKzZZFVRqalhFMaY8tSBiTyqJxQuRMx6nu8CApTQRV5yZYAkmxw2Y2BBk6CAPlwIX3Okn/uZLR9tYfwK5aoSHyZxqdbPFia0o0D0yDpL2z5r3y+yQHxD7PxCkYX6W0utEzGDFw+B3lqCdWzIgLgQfwVgxrWHKlBWO3UoNDRZA1xlMTMge0dGXhlpKCoGSLUwN2EZJdURRy+nLJMG68ovPF5jTJ4AdpQw6Na9ZXL4o9JCMhZL0ATQ3/EpNeeg28k2yeRLtDaTxK3tVwWv4mJp2LczZ7DvU8VUIKbEm63XrJWM0Spm3KfoPtDIgVBqqRzpwm2IQRGuJb1ldfZlgFMa5h4lTjLVrURjmeGmeL/SyikGMkhJ7kEYPgBDLvcXc7aMNtWDoNtKbl5BAEIpFccGNXq3AQipTsQW0tZrcvXJhgGJ40UlUskwzi6BP13KFUu2xBMunAUElsKYypX/KFEGRFyYhSdf6rOq+ppZg2L0w+GBFsm6cBltEqTC7l2JFUwvkh04mXyjFShyuAZDvvCtEzOGvxV+NInSZsHsmjm1hlUVR2HgJ1CCzFnXJ7FESSboFaLnHEwS0yOU6R+ZkEEUgtaztvm7zojPePWPGxiOKgs/QdsmesIfbhwlurIq+Q5O00yMMO/WLFUJOI8osayzKGBbItY/7o54hySN8dK2VlTMsrtRDdkFjDHnNh1Mi1DXQXZb0Ujb6qSnBZke7wpOCHyBicksestxsLY0FGiwOzu3PhfWmPioghB6RUf4ICRSDsYdFcjskxED74uNEIVDFUkngBbNBkFCTR/MeT3M69iV3wo1RIoTmk6lZ96OsHSJIPQbc3zW7Duu9xMFNyhUxe0zyT463g/RtBy9glQhxciqw47EzMxxFTYrNXHDHwM/0wrwzh+UySSHdBWCcgmy+kVXIaH3kga9TRLLJcgylB0Dt5mbjrA0GdYfXKqJWogqfth/odVhWLBOpaKJoFYTHkkMl4mkKWY74kzzGk1Ql47da+CBLXgzfp+61lOY0gNCjSoGOCLMgR6HbHW077lBrDsP80HUrecrU3D9nqMXbPL/saOFfIKfRQJsv8U9Uy91YE8pJg/dCmWTQCZTaKs9tm98Ksbw+H4Koiu05iqEnFHoYEhKQfjfO69ESzxwDLs41Un/iO8HmhjTxS4EwKvef3+1wMvlUM/rcDWCnyFzTrhl9JshzOz3Pf1sHkgziNwYFplkbPOWh797qQrfWMTOCiUmNQRiOODkYsaoFGH3ElhRHQ+uIId7km1ktn9AO9ET/xNUFBrXJ1KS9GCbOT5D1puMeVyJCilezB9/qgqpRKP9bnBbMFbPALFHJAM8N2JwlXUkmQ5Ah0rlj5HNLR/aCAVnJfWHF5IMXzVLBdVnzh6FYLZL40a2DV4PYcy89KgSGSANnQBkXOZ9UpUcFBfDuhExSXsxIeIuC1qW+YLbSWUzAi4J2DUAFblqcDtLkR6zfz9znGF77mV+f5sAJOLse2WEOhoTjrMyw7B9khpJJc5vhbKFVu/yJOdUGXXCppVGJ5Vs/lRzBWJTnEYzNRHmekOUD9kAl+AGXPGfZZ30ub6qgOYpXgneJGCOxTB5WQRZ4jQmyty22gJuOqHBrHLtOM/bttUY5aWsR1YV8OQuceszj28rjWx0pkGF0P+r4Ro8zQ53Ei8HwKoCe9Pe+VEg1N228VRV/b5jqvTZsxzxPI/UmcGXtM1yYfrtRffhUS1z77p6zRIF47umnTps0mPmr5LTuV5HwaWaQbe1Ny/fhNlSVknZDUe8SwX1L3BrjmFfTElN8N/ALsJquq09ku21g4b3ze8fjyKWfr42lEyS5zDWQaRCJRSMIazEFLpUu64WzeBRuw4BtcReY99NHCoa7y+E4hNjBKEBVDejq9SFy10ZNLKMl6krlhu3aZHhem6e4J8YMAd5EK6sw/UH85H0DQQmOHG3QEQTtjM3M+5dycbys1hkDCTXjbcYhjl+gj8p1tvREjj5sbCH+rFZtHAHy3hFeKosEl5D6xcx4zCCltMbRcQhUyMuf/80o2smJvCR/8grxKwPL0t0U9utDu7LmrW9I51iOWa6l85aCHAJr+UAkq7G/0JmvfubcNUuUsjXL2ig8VFY+gE6u3gwpkLY0pY/u7slHyE66iOGE0Qf6lP+AXEReafJ4PZbjh6lx2xQ5KfzBjqfZmfAxxa2P5T1p23z4nfilE5xS5qSvtorT+borDPl+9uSfGq8pO2TLNj3z2yDrQC7/4ilKwUNc+KbmAReQ9qNtngCZowbu6kyYhnCXSDvv+MCdYvLKib5WcRHEaqQGM2ts0j4iuLsDPrkgyAScOwlfdnkKJEPzFFfC9o1eM23oH1dHt+4v6HaG3yyclx7rLQaBsW6tG22l8JQf+QQ/OqEoWzBJQ+dTqqRPjE+Cp7i0MKQk0l3cDCwQT3Sn7j2/U0AuNoVHt36RXMAU6RuLeuvQ15/ihV0Ymgj+Emoq7Xd+ZDUHvoVRtySbBrAP7G97VuyD/6s7YBnMOSZcyIEM4hBSZMOz0b6poA5P9gqDmQBew8ufwKnL1GMxfGPcgZwxw+gvi4fP22Fzx/GcbarKG9+oCSyy6qmN28PUKYnsXiqS5HHCmtmVIQvijOFTWHLwaDDShKoc5ZYmM098Hrk8LGMGgbrSeufj+qxBkk13r341OsnERechbZfm7FPkS8TR40kOGjMPRC7OhZrWpsyfLtRltGDhlDh0rYrhIDNCvKL3DC3om2DYOYSYYybSMQBso792GOn+gJmJ5REgA5J4d7EdrXX4NfEXZJdn091PQXO4SEkEvkjF0k7c8EGzFIXC5zoXaZpK2mhb5EhK6POlNFsgkV2rYjAa9+frh1rKK2VhETlBDFJgUTkC3ctTbm4jnITP0X+eb28hXT2jzaiFyiY+s/VAbW62uKvowlnQ3/x/f/gdQxDR83KW+FwAAAABJRU5ErkJggg=='),
(7, 'Suguan', 'http://172.18.125.134:3000/add-suguan', 'WS Suguan', NULL),
(8, 'Snipe IT', 'https://pvinv.pmdmc.net', 'Snipe IT', NULL),
(23, 'Cloud', 'https://cloud.pmdmc.net/', 'Cloud', NULL);
INSERT INTO `apps` (`id`, `name`, `url`, `description`, `icon`) VALUES
(24, 'INC Original Music', 'https://accounts.spotify.com/en/login', 'Spotify INC Music', 'data:image/png;base64,iVBORw0KGgoAAAANSUhEUgAAEAAAABAABAMAAAAAjTkkAAAAD1BMVEUAAAAuvVkuvVkuvVkuvVnMZv3KAAAABHRSTlMAQIC/o1TdDAAAdiRJREFUeNrs3Ylx48yuBlCQdgBT8gSgX6MAbJUDsEnkH9N7V7Mv3imJ3TgnBpW6CXxABwAAAAAAAAAAAAAAAAAAAAAAAAAAAAAAAAAAAAAAAAAAAAAAAAAAAAAAAAAAAAAAAAAAAAAAAAAAAAAAAAAAAAAAAAAAAAAAAAAAAAAAAAAAAAAAAAAAAAAAAAAAAAAAAAAAAAAAAAAAAAAAAAAAAAAAAAAAAAAAAAAAAAAAAAAAAAAAAAAAAAAAAAAAAAAAAAAAAAAAAAAAAAAAAAAAAAAAAAAAAAAAAAAAAAAAAAAAAAAAAAAAAAAAAAAAAAAAAAAAAAAAAAAAAAAAAAAAAAAAAAAAAAAAAAAAAAAAAAAAAAAAAAAAAAAAAAAAAAAAAAAAAAAAAAAAAAAAAAAAAAAAAAAAAAAAAAAAAAAAAAAAAAAAAAAAAAAAAAAAAAAAAAAAAAAAAAAAAAAAAAAAAAAAAAAAAAAAAAAAAAAAAAAAAAAAAAAAAAAAAAAAAAAAAAAAAAAAAAAAAAAAAAAAAAAAAAAAAAAAAAAAAAAAAAAAAAAAAAAAAAAAAAAAAAAAAAAAAAAAAAAAAAAAAAAAAAAAAAAAAAAAAAAAAAAAAAAAAAAAAAAAAAAAAAAAAAAAAAAAAAAAAAAAAAAAAAAAAAAAAAAAAAAAAAAAAAAAAAAAAAAAAAAAAAAAAAAAAAAAAAAAAAAAAAAAAAAAAABnNu6+uc9XmnffBQDQjt3/fMmlHNZ9GwAA3/p5Use7wH8BAFzceKzvn9mFagIAwOZY57+kY17gUwAAZzAca/0rMu122wAATuX40b9Ss2sAACxtPHb61+8gHAAAi9gcP/tbMosGAMAHjL+d/QVuAQAg6pftm+wNAIDXf/jvsyNKAQDwkmPYrz+TEQEAeMIvVf8KlwAAYPPj8C9xCQAANseyfxmTTAAA0v7HwF85B/uCAND0L2nWDQCgoLHHur9CAACI/P2gEAAAf3b9sS8QgM4NCv//NmkGANAHbX93AAAYtf1fNlsRAEAXnP7uAAA4/XEHAEDqD3kAAJz+uAMAYN6fg/0AADRm8yVZgD2BALRjEPtbzqwVAEATNP6XNmkFALByo9L/SZgMBKBM6h9TAQDI/XGQCASgSu4PiUAAdP45SAMAcAli/4YCAGDw8V9tKAAANtb9no9AIABq/8w6AQCUrP1jJgCAMxvV/qvNBADARu1/NSZhAADOw86f3wgDAGDlH8IAAEj+YTMAAJJ/yAMC4PjHciAA7PzDSAAA5v5wBQDA8Y8rAACOf7wXDIDjH7uBAHD8M2sEAPBvjn9ZAABw/LsCAMDo+G+TKwAAtv4xWRAMQL/HP94IAMCLf7gCAOD4ZxcA8Jxd0iWbgQB42iZpjuWAABj8x0wgAKL/mAkEQPaPQwDAT45/aUAAZP+QBgTA1n9EAQDozCD71ytRAAAs/kEUAACT/8y2AgC0QPUfUQAAjP7hjSAAVP/RBwBA9R99AABU/9EHAED1H30AANV/OOgDABTa+w/2AgHY+48wIADCf3gfAADhP4QBARD+QxEAAOE/hAEB8PmPMCAAPv9RBADA7B+KAACY/UMRAACf/ygCAODzH0UAAHz+owgAgM9/FAEA8PmPIgAANwnfKQIAWP0HigAAVv+BIgCAz39QBADw+Q/zNgBogM9/FnYIAC7M8B+KAADY/YMsIACDz386zwICIP2HIgAAhv+QBQSQ/gNZQADpP9AGAFD+B1lAAOk/0AYAUP4HWUAAw/+gDQCg/A/aAABvpPyPNgAAyv9oAwCg/I82AADK/2gDAKD8jzYAAGPC2VkKBKD8D3cBQL3d/zAFAKfj6V+0AQC4Saj2RDAAyv8szDwggOk/MA8IYPoPBAEAtP9BEABA+x8EAQC0/xEEAED7H0EAALT/EQQAQPsfQQAAtP8RBABA+x9BAAA2CaslCADg7X+4CwDqvf0PUwBQL/4HsyggQL34H4gCAtj+gyggAOJ/iAICYPsfooAAiP9hKyAAo/Of1hgGABD/B8MAAP3F/8EwAID4PxgGABD/B8MAAOL/GAYAQPwfwwAAiP/jZQAANgmNMw4IYPwPDAMAGP/DDQAA438YBwRgcP5zPm4AAMb/wTgggPF/cAMAMP4PFgIAOP/BQgAA4//gfWAA5z9YCABg/Q+4AQBY/wOHAKDP8x+sBAKw/g/cAACs/4PJSiDgrZz/YCkggPMf3AAArP8DNwAA5z9YCwzg/Ac3AADnP7gBAFj/D24AAM5/8DgggPMfPA0E4PwHNwAA5z+4AQA4/8ENAMDzv+AGAOD8BzcAwPkPHAKg3vkPTAHwEc5/cAMAcP6DGwCA8x/cAACc/+AGAOD8BzcAAOc/uAEAOP/BDQDA+Q9uAADOf3ADAHD+gxsAgPMf3AAA5z/gBgA4/wE3AMD5DzwGQL3zH7gLgOZ9TqDaDQDgJoFSNwAA5z+4AQDOf8ANAHD+A24AgPMfcAMAnP/ANgAaNCbwD24AgPMfcAMAnP+AGwDg/Ac+BUBDhgSWMLsBAA0Z7hN4NTcAwPkPuAEAzn9gDoAmOP9hUVMANGCfwJu5AQDOf8ANAHD+Ax4GAjwABG4AAM5/cAMAcP6DZwEAPAAAbgAAzn9wAwDwABBYCgxgATC4AQA4/8GzAAAWAIGVgADOf3ADAPicwGIsBAIsAALcAADnP3AbABUWAAEWAgHOf8A6AMACALAQCMD5D5fgBgBYAABYBwA4/wE3AMACIMA6AMACAMANADAACFgHADj/AesAAAOAgGFAwPkPzAFQYQAQMAwIGAAEHgPgpAwAgmFAgKsE3sowIGAAEHADAAwAAIYBAec/YBgQMAAIGAYEDAACRgEAA4DAbQAszAAAGAUAGBI4PaMAgAEAwCgAYAAAMAoAGAAAjAIABgDAKACAAQAwCgBgAACMAgAYAACjAAAGAMAoAIAAIBgFALhKYJWMAgAGAABBQOAjBADBKACA8x9WTBAQsAEYeAyAyw0AAIKAgAAgYCcwIAAICAICAoCAICAgAAgIAgICgIAgICAACAgCAgKAgCAgIAAICAICAoAgCAggAAiCgAACgOBpYAABQBAEBNgn0BxBQEAAELgLgDe5SqDaPiCAIYE2CQICNgABcwD0FwAA7AMCbAAC7AMCbAACxAAAG4DAPiAAG4DAPiAAAQCwDwgQAADsAwIEAAAxAMAGIEAMALABCBADADwBBIgBAJ4AAsQAAAEAQAwAEAAAxAAAAQBADAAQAAA8CwQIAABiAIAAACAGAAgAAGIAgAAAYBsAIAAAiAEAAgAgBgAwJlAtBgAwaABAvRgAwD6BajEAgJsEeiMGAAgAAGIAgAAAMAdQjwAA8BhAPVYAA7cBnJYVwICXgQErgAExAMAKYEAMABAAAMwCAiYAASuBAROAgJXAgBXAgJXAgBXAgFlAwAQgYBYQMAEImAUETAACVgKDFcCAWUDABCBgFhAwAQhoAgAaAIBZQMAEIGAWEDABCFgICFgBCHgXEPAGIKAJAGgAABYCAlYAAmYBAROAgIWAgBWAgIWAgBWAgCYAoAEAWAgIWAEImAUENAAACwHBCkAATQDQAADQBAArAAELAQENAMCrQIA3gABNAEADANAEALwBBGgCABoAgFeBAA0AQBMA0AAAvAoEaAAAmgCABgCgCQBoAACaAIAGAKAJAGgAAJoAgAYAoAkADAnQWBMA0AAANAEADQBAEwAwAQBoAgAaAIAmAKABAGgCgAYAgCYAaAAAaAKABgCAJgBoAADMAVRoAABoAoAGAMA2gPZoAAD9NwEADQBAEwAYE+DDLAOAtdMAADQBgJsEWMBdAA0ZEqD9JgCgAQBoAgAaAICNwIAGAKAJAOwTYDFTAAV2AANoAoBHAAFmTQCoswMYwEZg0AAAPAsIWAEAWAYAaAAAmgCAFQCAZQCABgCgCQBIAAKWAQAaAIAmACABCMgBAhoAgCYAYAcwIAcIaAAAmgDAmAB1c4BgBQCAJgBIAALIAYIVAACaACABCCAHCBoAAJoAIAEIIAcIGgAAdwFcjgQgIAcI7BPgTKYAVpwABJADBI8AAcgBggQggGUAIAEIIAcIVgAAaAKABCCAHCBoAADMmgBwbhKAgBwgMCbAu8gBggQggBwgSAACyAGCBCCAHCBIAALIAYIEICAHCEgAAnKAgAQgIAcISAACcoCABCAgBwgoAABygIAEICAHCEgAAnKAwKAAAHRYAgAkAAE5QEACEJADBPYJsApTAMuRAATkAAEjgIAcIHCTAKtxF8AyJAABOUDACCBgFBAYE2BVtgGcOQEIIAcIRgABjAKCRwAAlABAAhBADhCMAAIYBQQFAAAlAJAABJADBCOAAHKAoAAAoAQARgABZjlAeJoEICAHCBgBBIwCAgoAgBIAIAEIeBUQkAAEjAKCAgCAUUAwAgigBAASgABygGAEEMAoICgAACgBgAIAgBIAGAEEkAMEI4AARgFBAQBACQAUAACUAEACEGCWA4QnGAEEjAICCgCAUUBAAQBQAgDGBDgVJQAwAghgFBCMAAIYBQQFAAAlAFAAAFACAAUAACUAMAIIcBfA8juAAIwCggIAgG1AoAAAoAQACgAASgBgCTCAEgAYAQQwCgh2AAHYBgQKAABKAKAAAKAEAAoAAEoAoAAAoAQAdgABzEYBocMdQAC2AYECAIBtQKAAAKAEAAoAgBIAoAAAKAEACgCAEgCwT4ATUwIAO4AAbAMCS4ABLAQGBQAAJQBQAABQAgAFAAAlAFAAAFACAAUAACUAUAAAlAAABQBACQCwBBhQAgCvAAFYCAwKAADeBAIFAAAlAFAAAFACAAUAACUAUAAAUAIABQAAJQBQAABQAgAFAAAlAFAAAFACAAUAACUAUAAAUAIABQAAJQBQAABQAgAFAAAlAFAAAJQAgPsEqFYCAK4SoB9KAKAAAKAEAAoAALcBlCsAAMwBLFEAAFACAAUAACUAUAAAUAIABQAAJQBQAABQAgAFAAAlAFAAAFACAAUAACUAUAAAUAIABQAAJQBQAABQAgAFAAAlAFAAAPgUUI4CAMBjQB0KAABKAPA5AapRAoAhAV6kBAAKAABKAKAAAKAEAAoAAEoAoAAAoAQACgAASgCgAACgBAAKAABKAKAAAKAEAAoAAEoAoAAAoAQACgAASgCgAACgBAAKAABKAKAAAKAEgAIAAA8BVSQA380BRVwlAD/cBtRwnwCsoQQACgAASgCgAACgBAAKAABKAKAAAKAEAAoAAEoAoAAAoAQACgAASgCwTwDW8CQQeAYIwJNA4BkgACUAUAAAUAIABQAAJQBQAABQAgAFAAAlAFAAAFACgOsE4LTLgMAWYAD7gMEWYAAlAFAAAFACAAUAACUAUAAAUAIABQAAJQDwDjCAZUBgCRCAZUBgCzCAEgAoAAAoAaAAAIASAAoAACgB4BkgAB4CLskSIADLgMASIADLgEABAEAJABQAAJQAQAEAQAkAxgTg5JOAYAkQgGVAYAkQgBIAKAAAKAGAAgCAEgDYAgxgEhDMAAKYBARLgACUAEABAEAJABQAAJQAwAwggElAzAACYBIQBQAAlABQAABACQAFAAAeAtbIDCCASUAwAwhgEhAUAACUAFAAAEAJABFAAEwCYgYQAJOAKAAAoASAAgCAEgCIAAKIAYIZQACTgKAAAKAEAAoAAEoAIAIIIAYIZgABTAKCAgCAEgAoAAAoAYAIIIAYIJgBBDAJCAoAAEoAMCYAi9kGNBcBBEAMEDOAAJgERAEAACUARAABEAPEDCAAJgFRAABQAgAzgAAmAUEEEEAMEMwAApgEBAUAACUAEAEEEAMEM4AAJgFBAQBACQBEAAHEAEEEEEAMEBQAAJQA4DoB6C8GCCKAAGKAYAYQQAkA9gnAyUwBFyICCCAGCGYAAUwCQgJwUgGXIAIIIAYIZgABTALCmACc2DbgxEQAAcQAwQwggElA8AwAgBggiAACiAFiBhAAJQBEAAEQA0QEEAAxQBQAAFACQAQQADFARAABEANEAQCAKeBsRAABxABBBBBADBASgDMK6CsCCIAYICKAAJgERAQQADFARAABxABBBBBADBBEAAHEAEEEEEAMEEQAAcQAQQQQQAwQFAAAxABBBBBADBBEAAHEAGFMAF5NDBARQADEALEFEAAxQEQAARADRAQQADFALAEAQAwQEUAAMUAQAQQQAwQRQAAxQBABBBADBBFAADFAEAEEEAMEHQAAPQAQAQQQA4R9AnBhU0CBCCAAYoCIAALwEPAXEUAAMUAQAQQQAwQdAACrAEAEEEAMEHQAAPQAQAQQQAwQxgRgJbYBJyMCCCAGCAnAagRcIAIIgBggIoAAeBEISwAAsAoAEUAAxADRAQDAKgBEAAEQA0QHAAA9AEQAARADRAcAAD0ARAABxABBBwBADwBEAAHEAEEHAEAPAEQAAcQAQQcAQA8ARAABxADhOgHovgcAIoAAYoAwJgAd9wBABBBADBB0AAD0ALAEAAAxQHQAANADwBIAAMQA0QEAQA8AEUAAxADRAQBADwARQADEANEBAEAPABFAAMQA0QEAQA8AEUAAAj5KBwBADwD2CcDqTQEfowMAYBUAXCcADXgI+AhLAACsAoAxAWjCNuA8SwAAsAoAHQAA9ACwBAAAqwDQAQBADwBLAACwDhgdAAD0ALAGGADrgNEBAMA6YKwBBsA6YCwBAMAqAHQAAPQAwBIAAKsAQAcAQA8APAQI4ElA0AEA0AOABOB51gFjDTAA1gGjAwCAHgCWAABgFQA6AADoAeAhQAA8CYgOAAB6AHgIEAA9AKwBBsA6YHQAANADQAcAgIeARjsAAOgB4CFAAPQAsAYYAOuA0QEAQA8AHQAAtgGvogMAoAcACcDq6AHgIUAArANGBwAAPQB0AAAIqNkBANADAB0AAD0A0AEA0AMAHQAAPQDYJwDNmwLeZEgA1sGTgOgAAKAHgA4AAHoA6AAAoAeADgAAegDoAADoAYAOAIAeAOgAAOgBwH0C0H0PAHQAAPQA4DoBaJceADoAAMwBBToAAOgBoAMAwEOADgCAHgDoAAD8kx4AOgAA6AGgAwCAHgA6AADoAaADAIAeADoAAOgBoAMAgB4AOgAA6AGgAwCAHgA6AADoAaADAIAeADoAAOgBoAMAgB4AOgAA6AGgAwDAFPCTDgCAHgBcJQCdug14yj4BuAw9AHQAANADQAcAAD0AdAAA0ANABwAAPQB0AADQA0AHAAA9AHQAAPQAQAcAQA8APicAXXsM+FsC0LkAHQAAPQDQAQDQA0AHAAA9AHQAANADoBM6AAB6AHCfAHRvDvjNmAAUsA3oogMAgB4AOgAA6AGgAwCAHgA6AAA8BFTuAADoAcCQABTxKeC76wSgA3oA6AAAoAeADgAAegB4CAjAg0CwTwDKmAL67QAAoAeADgAAegBYAwjgQSBIAEoJ6LQDAIAeADoAAOgBYA0ggGWAMCYAxWwDdAAAeqQHgA4AAHoAWAMIgGWAXCcA5TwE/dEBAMCDQOgAAKAHgDWAAFgGyD4BKEEPAA8BARCUpQMAoAeANYAAWAaIIUAALAPEQ0AAeBAIHQAA9ADQAQBADwBrAAGwDBAPAQHgQSCsAQTAMkB0AADQA8AaQAAsA8QQIAAGAfEQEAAeBMIaQAAsA0QHAAA9AKwBBMAyQAwBAmAQEGsAAbAM0BpAACwDRAcAAD0ArAEEwDJADAECYBAQawABsAwQawABsAwQHQAADAJiDSAAlgFiCBAAg4AYAgTAICDWAAJgGSCGAAEwCIgOAAB6ABgCBMAyQAwBAmAQEEOAABgE5DoBoIVlgBgCBMAgIDoAAOgBYAgQAIOAGAIEwCAghgABMAjImADwi22wEoYAATAIiCFAAAwCYggQAIOAGAIEwCAghgABMAiIIUAADAJiCBAAg4CGAAHAIKAhQAAMAmIIEACDgBgCBMAgIIYAATAIiCFAAAwCYggQAIOAGAIEwCAghgABMAiIIUAADAJiCBAAg4AYAgTAICCGAAEwCIgIAABCABgCBMAgIIYAATAISALAk4Ie2AMMgG3AGAIEwCCgIUAAMAhoCBAADALaAwyAbcCIAAAgBIAhQAAMAmIIEACDgNgDDIBtwNgDDIBtwBgCBMAgIIYAATAIiCFAAAwCYg8wALYBIwIAgBAAIgAACAFgCBAAIQDsAQbANmDsAQbANmB7gAHANmARAACwDVgEAAAhAAwBAmAQEHuAATAIiD3AANgGjD3AANgGjAgAHHbv8CWBFkIAiADA7ofFPx2G3Q8JrCAEgAgAvuwvtDFsPNOFAIQAEAGA6ceRvzLDCW4DIASAPcA49f9r6Lb73rsAYBuwPcAw//jWb9jrrgKAbcD2AMOPEF9XxqduAoBtwJ4CxsEf/dv9P4lY8CSwCAAcjgd/OZuyFQEQAhABwMn/n/GYKgUBEAIQAYDJyV/pHgBCACIA8Hy+j9EKYugrBIA9wLyh0U/ZeADYBmwPMI5+NroCNMk2YOwBZlLwL1UNANuA8RQwYn6LGmQDWDlPAiMCwOyz/1Q2igEUDQEgAoCSP4NkAOshBIAIALOk35mTAXZrcUZCAIgAoObvFgBCAIgAcLj0e73oCFA0BIAIAIr+DNKBFA0BIAKAD39Gk4KckBAAIgD48K/VEAAhAEQAmG33acEoG8hihADwFDCTqv/zpALAk8B4Ctjhj34AeBKY6+RCHP5sXAJo3EPQLv3IZs0O/wsTCoApeBsRAAT+cAlACAARAIz6MWoH8CQhAEQAmGz2745MAEIAiACg6Y8RQX4hBIAIAAd1/0LsDaZQCAARAHz6IxeIEAAiAPj0Z6MbQNEQACIAmPazNVg3gGIhAEQAmAX+KTYgiBAAIgBMCv8UiwUiBIAIAAeFf4olAhACQAQAiX+eNBgNoE4IABEA836gGYAQACIAQn8wagZQMgSACIDTHwaTAdQMASAC4PQHgQDqhAAQAXD6g0AAQgCIADj9YeMOQGshAEQAcPrTdygQIQBEADDvjzsAQgCIAHBw+lPsDoAQACIATDb9Uu4OgBAAIgBifwEf5w6AEAAiAGJ/4A6AEAAiABr/MJoNpEwIABEAD/yD/QAIASACoPQPG30+Gg0BIAKg9A/eC0AIABEAqX/wbiBCAIgA+PgHYwEIASAC4OMfRAIRAkAEQO4PxAEQAkAEwMc/DFoBfIAQgAgAOv/YEARCACIA+PhHKwBug1Z8Thbi4x+tAHgMWmEyeDGCf1gSCHPQiCGp/cw/WBDEonz+tOIq+Ri1fyQCQQhABADBP6qVAUAIQASAWe2famUAEAIQAWBS+6chygAIAYgAIPcPygAIAYgAoPWPMgAIAYgAoPWPMgAIAYgAoPWPFYEgBCACwMEvnW5YEYj3gLwEhOQfDDoBvM9DsH6u+Asn/0AgEKZg/ZLneOwXRp8JvF2wemNSK/gPAoEIASAC4PgHnQCEAEQAMPcHZgIQAhABwPEPZgIQAhABwPEPwgCUDAGIAOD4h40wAJVCAF4CwvEPxgLxHpCXgBz/4Kkg8B6Ql4Ac/2AzAHgPyEtAjn+QB4TboL0IAI5/kAdECEAEgNnxD53lARECEAHA0l9wBUAIwBogHP9gPyBWAVkDhOMfyl0BsArIS0B47x/KjQTgPSAvAXEIoNgVAO8BiQBwkF+BN9kZK+K8IQBEAAz+g8UACAEgAmDwH1wBEALAGiCTf+AKgFVAWAMk+g+uAFgF5CUgZP/AFQDvAXkJiMnxDz1cAfAeECIAsn/gCoAQANYAWfsLrgBYBWQNEPb+gSsAVgFZA6T5D7gCYBWQNUAm/wFXAKwCEgEw+Q+4AiAEIAKg+g+4AiAEYA2Q0T/AY8FYBWQNkNE/wBUAq4CsAVL9B74k9VgF5CUg1X9gcAUowntAMoA2/wCuAFKAWAPk8x8YbSCpuAoIa4B8/gOjANJFWQWEohRQay0AVgEhAjBLpcBFbZLl+d7CGiAVKbAWAKuAsAZI+x8MBGAVENYA3QXQ8EAAVgFhDZDzHwwEYBUQMoDOf5AGRAoQa4Cc/yANiFVAWAPk/AdpQAxe4fwH2kwDYhUQMoDOf7AbEClArAFShgJRAKwCwhog5z+IAmAVENYA2f8PogBYBYQmFHApogBSgFgDpAcFiAJYBYQ1QFpQwKAPYBUQ1gAJAIIHAvAXjAygAAB4IAApQKwBEgAAI4G09xGGNUACAICRQF9hyAAqPgH6AFKAyAAaQAH0AZYmBYgGAGAeAKuArAHSAAD0AVCJlQGUPQHMA+Cf2FOAGgCAPgD+iq0BanP6FPA+AJqxKDsB3gdAClAG0KUT8E4wUoDWACkAAJYCYBWQNUBiJ4DlwFgFJAPYZAIQsBQADVkGBQCgKcKAPsiQAfR7A2FApACRAVQAAGFApACRAVQAAJsBkQLEGqC7AL5SBMAqIAaRU8BEIIqyngLUbwJMBGIxm6cAXTYBE4H4KpMB7GIEAFAEQAoQBQBAEQApQGuAFAAARQCsApIBVAAAFAGQApQBVAAAFAHwxywD2GalCVAEQAoQS4AARQCkAGUAdZoARQDUZj0FqAAAKAJgFZAMYBdJE0ARAP/N3NebAQQUAVCdRdIUaIwigBQgMoAigIAigBQgMoCKTIAigBQgMoBiJsBNUu/vGRlAEUBg/NffHAq0+IEBvfuS/EkKkFEEEFAEQApQBlAHAFAEQApQBtASAMBAIFKAMoBddAAAA4EIaSFiAigC4C9aBlB9CZAFRApQBlAHAJAFRApQBlB5CVD2RJVWBrDNGQBAFhApQHQAAFlAlGkVw2wBAmQBkQKUAdQBAGQBkQKUAfTLArQBkAKUAWyzAwAgCygFiB8WoA2AFKAMoNIS4B8QKUAZQL8rQBsAWS0ZwM4qSwA3iVKtDGCRIUAAKwH8U6OwBGgDoFYrAVNgCBBAG0BaiytDgADaAN5skQEskCwB0AbwX82+3q0SQBtAChARAIAeIlFSgPjBiwAA2gBSgMgAaisB/8fenZi1rYRRAB0JCvDnRwGgvALAHwVgafqv6e1rEsIij6W555QQFOl6/mX+z90A6rXcRj9SAMoAdrboAXSoBDCYBwzpAiSvrQRAGcDrmkGkBPivY8XMlh5ARSXAWkC0bOkB1AIAmAfEDzY9gLs8UgLQCKBky3PcGiAA84Be2AzWAAGYB3RkK+IqKQH0WCPVtIUeQAD3A/rJxl3AXgkAp6SKtugBBNAI4JWNOAkQ0Ajg0BY9gAAaAbRtceNhAvBTyTJgPYCGSgE0Aijbqm31WE8C8LK0DJisZwlAI4BfbVgEDPB2x0pe3VYPoCEAgFEjwL66ALEIGGAVg0YAP9u0tThMArwz0bllEbB2EkArIJYB6wEUJQE7gfC7zZMsAAB2AqF1Sw+gbhJAKyDe2xYBmycBtAJifYun+NJHSQBaAZVuyV4pBaCBShegR9hzBGAroKNbi4CdJAEYBtC8ZQhAAADQCmgMwOOrmRTgS8VPN4uA5UjAMACWAVsErJIE6KTG/JZHVy8pYBgAr249gGIkYBgA1VuLgK0BAHRTo3/bY3vRAABgGMAYAHkPEYBhAD/eGAQAgBUcK/q3LAJWRwLMVGGE2xCATlLAOCBe3noAPUOAcUDUby0Cbn6KBOA3lWXA2CYFIAEYA9C0IgAAGAf09jYE4BECkAAUcA0BOEQCsBBAC7dylQAAsM/aqjEA8tpIACwE8PpmyBskAbAQwDJgRmdIABKAHm49gAEBAECHlS5A7gQAgJVIAO5y84AKAABfKtt9f5OXIAGsBDIGwJBXQwKQAIwBMAoAAJYCGgMwBCAAAPiZ5QVuCMDzAyABaOIyBNBFAACQAIwBkHeCBGApoDEAhrwLpQEkAGMA3GgiBZAA/IQzBCAAAEgAirh6AHsMAABet7oAeRYAALacAFgKl5C3SApAAjAGwCgAAEgAXuGGADw9ABKAMQBDAAIAgMsBjQFIowIAgARgDMAQwD4DAIAEYAyAvA4SAAnAGACjAAAgAXiHGwLw8ABIAMYADAEIAAASgDEAQwACAIAEYAzAEMA+j48AdGAZA8DxEYAEYAzAAygAAHgBq+MaAhAAACQAdVxDAAIAgATgJW4IwLMDIAEYAzAEIAAASADGAAwBbMy5APxBAjAGwOD0CGAPCYBDwYMnAABexOYAMQTwvgAAIAHo5OJOAACQAHRymQIM6B8BkAD8jCOvgRTAVlZvcQaPDoDbgY0BOHUSAAAkAGMAhgA8OgASgDEAQwACAIAEYAzAEMA+AwCABGAMgLzDIwAJQCsXQ14AAJAAjAEwCgAAm00AqOTaPKF6BGjN4rGwllsBAEACcJDrOQsIAADezF7jPOsfBdhLAmAprMUACYAE4DVuCED/KIDj2avwGjcE4MkBGCQAYwCGAFZ+cgAkAGMA3HlyACQA1wHpMwl4cgCsajcHiCcHoMM2bWMAyJcmSAEJwHVAeLgKgJe0aS5uRUcAVwNq5jYEIDoCSACauQ0BWAQAIAFo5rZr0tkRQBdHtZq5ER0BAs5qNXOjv1QAACQAvVzciI4AXZRr9XJhCtAcIOBaAL1caC1xdgRIAOYAUVcSHQEtW3q5EB0B8hKAXi4G0RFA17ZeLoFSdASwEnAnvVzIk6IjIAGYA8QUoOgIaNzWzI1nyZMDeGvr5cJuKU8O4LXtOiA8OQB5C4E0czN4cgC8uPdFM7cpQF2ADNO7PRTw5vYa51b/KPswTn9ZtwXqNP3F7wk2wwC317irgCwD9sVv3/E8T7/z84JGrAPwGjdPoguQ4/SbuiXT7wpcgl9vprmMk2gfUcbfw/umn4MB/HzzOw7tI1z1iH+vPz3efyoAfr+Z5tJKqn3EMX83b6751TMBsA7A7zgBQPWIsd2Hv72lfRCAQQBg61OADo/85P9SQ5yUBvATzkGuPlLZ0dvpny9/mFkOIHEdgDlAbaTukub3035O6gKErANQydVFKjvyVWc/y/aOA/ArzhwgHh0affrpLAYgAWjl0kFiFRCjA/+3WtxFRA/DgFq5NJBoAuD4gTY/ZjcPsZ7BW5y2U4CaAPjkPT04DGAFFrqxyylATQC+/Zx0BrCHUQA/43SPKB9x9O1f3ywF0DgBmAPEFineYVTvv6RZRYDN/ZgzBiAACI/o82/jZHMQoTtdBACtI54dP/wxI8DFRgEUchEAPDsq/goCeJ17iZsC1EGKU39HAWgE1MllCtAgILb6XoGuADQC+hXnebEN2Mcf9QDsBNbKrW/U8ZGPP4sQgN3ujnFNAV4kPXJU888KAajqmuXSNaoGwOjjLwTgVNcYgACQdZcUgzl/IQAvdQHAFGCY2bm/ov9OzaYDUATQyOVR+RgFpMGWn5072RNAZhHAHKApQDUAP/1xkSCZkwBOcUVF8dFPfxbVADJPds0BmgI0B6Dhn5ODAH43KOPiOfkWNYCjhv+wgwDcCeA3HAZGVJCM+zkIQHG36zlATAHKj8r+DgLQB2gOEAFADWBQ9g9jUZABr8wAgIdEE6mvP7NiQKwhuoqLAKAG4OvPYk/QK4wCCgCmADn7+tMvDQHf4wjAHKBHhKXrrz+cNAQ4Auj/DBdTgNoAff2RARgy5wAxKqKGZOIPTYGOANJ+wWEK0BHS0defN2UAHAGYA5QQOQdu+kUGwAve+9sUIL3c8lMhKwPgCMAcoH3Rikja/nhnBsARgDkuawBYwgr/MD+UgiMAJ7imAHl09I/ZQBwBmAMUALQBRhz9w8m7c5ccAQgApgBNAo66/vkk9wXsjT4vc4ACgCOAwdE/Xd0ZhGVvAoApQEcA+v4wFoAjAHOAAoAjAD/+0RKIc14BwBSgI4BRemM12gG0AZoDFAAcAWj7RztAYQNMAgoApgAdAWj7RykA73lzgPpDHQEc/fhnbUoB2gAtctMdwkHjH1gU7JeeOUC1IUcAzv6xJBBtgF7dDZkCdATg7B8dgfipZw5QaUiOdPZP2jEAagAuBDYFqJl0cPbPZTkG8FvPHKDKEEvgzh9wDKAGoHprPJRHpX/4nWMA73pntwpDjgCs/IOTH1lqAH65WQOgD1DnH3YD4GVvEYC6kGLS7jv/wIpADV9+uFkDwGzpD2gIVAPw2vZI6APU+A8aAtUANG+tzRoARQCff1QCUAOwCMAT4TTp6PPPHswqAYkHvn62GQ1VBDD2D4uZAD3fFgFYAyBN9vD5B5UAP/j8atMVwhz4+QczAWoAFgE4EuLJ5x9sB/LCtwjAGgDXAiZ8/sFYoJqvU1snQiwHn394IxFg6ywC4LOPgzYAc//gqiBnvhYBWAOgDcDnH/QDavu2CMBUiDYAn3/0A+KVbxGAlhCR0o1/WA6Eti+LAJwHaQT0+cdIAAYBLQLwMGgEnCqEjQTg1NciAC2hEsCxQjNWBDN4WXP5epCHyuA/nEQAL32LAKwBMAyo9R8RAHVfiwCcBkkAg88/cREATQAWAZgJlQC0/rMPdgP52WcRgADASe8ffMx8X9AEIABYA6ATcNzR/0AQATQBWAQgADAr/oMIoAlAALAGwE5AxX8QAVR+LQIQANwMtPniP4gACAB88EHgKbD4DyKAH34WAQgAzIfAW3/AXgC9XwKAWhAPTv9BBPDiNwfoOXAI4PQfRACrgAQAJ0EOAXo9/QcRwCogc4ACAMv9Z+78B6ZCj12AAoCNULqZ23/+QQTAT79z4fI5kPmh/ecfNNRy/e4viwBUgpheL2SOav/wmkUEWJkuwKXQaA0A83czwOjHP6zQTsPaLAJgtRjI9FUIOE7qK3CF5YCo/jYfMFEIYp7+orQCP2ImUBegRQACAMCp4EZgAUAKBMwE4sffqosAEAAAAwEIAOyvEQTQDYgRcIsABADAZdt4+QsAToEA3YCo/xa6CACA9cAYAxAA7AEC7AbEGIBNQB4BQCsAfv5ZBOAQCNAKgALwY+EbrAEAtALwc8AiAAQAQCsAAgDWAABaAbi1CEAAAHBBgBYwAUAXCEDABQGMeYsAEAAAdQAGAcADABA4EohNQI6AAALrANgEpAkEQB1AE7hNQMZAALqsA2ARAAIAoA7ArQAgAAJ0XgfAJiAEAMBeIGwC4rkCdHc/AMbAloI9QIBmQKwCJGYPEOCeYGwCwh4gQDMgNgEhAACaAXkWAAyBAHTdDIhNQAgAgGZABADuKkCHhwD4BJwL9gABmgGxCpAeO0AAE4EIADYBmQEBHAKgDawgAAAOAbAKkIA/PuAQAN8ALaICAOAQAAGAhLsgAYcACACPha/ZAwQ4BGCoeZuAEAAAhwAIAPYAATgEEAC63ASEAAA4BEAAwCJAwCEAdQ+sAvS3B3AI4CNgE5C/PYBDAHVgAcAIKIBDAAHAJiABAHAIgABA2CJAgFMhLwBYBWgPEMDi158AYBOQAAA4BEAAoNM/PYBDAF8Bm4D86QH0AgoABCwCBDAQKABYBWgPEIBDAOfABQEA0AuIAEDAHiAAvYACgD+9AAAoAyAA0MsiQAC9gAKAVYD2AAH4KSgA2AQkAADoBRQASN8DBLAoA0R8BmwC8pcH0AsoABCwCBBAGUAAsArQHiAAKwEcBBcEAABlAAGAgD1AAKrCAoAjHwEAQBlAAEAAAJQBEADsAQJQBtAK1vMmIAQAAEuBBADuKkDHlAEEgHPh/ywCBCwFIqDagwAAoAwgAGAPEIAO8aF2r/B/AgDAk2nwwACAAAAwHwQAAcAfHsBaQN8BdR5/eIDemQe8EQA65A8PYB7QPrjHQtwfHkAjgO/Ai6+9AADgmFgAwB4gAPOAd9EXPwkAAMy+A/6y/vAAvbIYWADAHiAAjQDP1SYgAQBAI4DvgADgDw/QHxsBBAAsAgSwEWBU2umUPzyAqwEEALrcBAzgagDfAbuALYAC0AroO2AVoD88gMFxAYC4DZAAdgLZB3cudPiHB9AK6DvgRMcfHkAroDUAAoANkABaAQWApZD3hwfwu9E6mIIAAKAVUACg9z88gFZAU4BWAQoAAL4cAgACAIBWwJ8FgG+xAAqAU2AAsApQAABg1gveUwBAAAAwDDDkBQAsAgQwDDDmneIgAABoIrsVAFIIAABuBhAAqAAEjAP6HVj4WAAAYHYlnAAgAABIAD4DAoDuTwDjgD4Dujj95QEkAD2AGw0ACAAAviN3/nDrE/0AfEgMAVgFKAAAGAfUAygACAAAEoCbAAQAxR8A9wO3d1NjnAufLP4AMDsH9jcTAAAkAF8BfzIrIAH2w0KApL9Yocc/PYAEoAfQLmABAEAC0AMoAMh+AFYCGQX7I7BhEzCABPBz3l8LAQDAN8Ufq2+qPwCWAvoV+FhYawMEAE8+AnYB+9sDSABaAAQAAQBAAtACIAB0Gv4AmLUA+DsJAAASgFNgfyYBAMCnxTfAX8ldQAC+LVoA7AL2xweQAHbcAiAACAAAzActAAKAu4AAXA6oBcBtQI5/ADZIAnBzQx4BAEACGAWAPAIAgARwJwB0SAMIgARgENwuYAEAQALQBi4ACAAAEsCNABBAAQhAArAL/lxIvwoAQAKwrrETAgCABKACIAAIAAASgBqwAOAACEAC8AEoNPn7A0gAKgACgAAAIAGoAAgAtkAASADWALoO0FUAABKACoDLAAQAAAlABUAAEAAAJAAtYAKAqwAAJAAVAJcBCAAAEoAKgAAgAABIAGbABAAREEACUAFwHaCrAACsn3/214gjAAD45gz+GJcmAAAwq//6W5gDBfDVUQFwGYAAACABaAEUAAQAAM3nyr8CQDdtIAA8efe7DtBVAAASgBZAlwEIAAASQKcHAAKAAADAoxbAaxEAPAUAvj3PYhjuAgLYYQLw089tQAIAgATgAEAAEAAAXA2o+UsAMAoCIAF48bsP2DIoAAlgsJWZKwQAABYHAN8mAAgAAL5ADgAEAHcBAfgEOQBwG5AAAGApsAMAAUAAgHn6tzf0V43Tv6mDsaME4ABAABAA8L0vq5v+8KXCFvbROgAQAKyDgOk3D6Wp4/SbtivTsBLQEkC3AQkAsEy/2sT/1KFFqQCfIbcACAACAL77ZaOOq5cIsBDIAYAAIADgw7+f/5erBgEkAAcAAkDgwwCn1X7xtzfsqE0AKwEHD+smbgNyGSDMDRr7GpED+JA5bgRQABAA8KP/0GNNTV2AdzrnjAAKAAIAPv2lufbHARXe5kkHoAAQsBIKB/6HkmNwGsCbPPbb9OXcxWWA8E+tP82oN4Afue+zAKD1QgDAbN/BfzSHAbzm0PH7XgAQAPDt5ygF0HYdgAKAANC+JQTevtJHCoClgwKAf3CXAcLpR/V+3CvA/8xtz3spCACsa3nziB+DUUFatqX/VLlMABAAYPbD//2OjgL409MOCwACgAAAJxX/Tx4FwP2++r0EAJcBwkmr/wom2wI4RO58cx2gAICPP0chwDBgWgOAACAA4OOPEMCy9Te9ACAAwOzjv5sQgGHAwQO1RgBwGSAsGv4uRAjgaaMNgK4DFADAnH9DpgMybwa0AUgAEABw7s9gT4Cj6asOAAgAAgDY8nM1o2qABGAAQADInA3FT3/cIGQYsPH33+pltwHDyU//thwESABX//4buBAAQMP/VTkIkADaf/8FAAEAFgf/WzQaDZAALvf9FwAEAJiN+23XoBjQu+X+4t9/AQDvEb7h5Ou//2IAZgE8I68pVNhp0x9H7/eePTjgFQAEAHz90RBgK7D9/wKAAICvPzKAKrWL3gQAAQBffzQFagVU/hcAPhYSYfb17ycDoAwwKP/v+T5gAQATf8gAzB/ZCHCs/JAAIACw+PpvmQzAdIGf/wgAAgB2/W2fnkCdAJeo/iMA3FRynfwH2AMZgPnt/1X97QWAN7utbJ62P+wIEgHW/vzzUrokAKDwz1ElOCyyD1Lf7wQAAQBH/2gJDLqc2x/7HwKAAICjfwZnwn2Zvnl4N/r6f4AAcFfpmq5/RgfDnTlN//p/PE0+/h90Lr1zWxR+/DP5jw7/NwsAHgI//lEKAAFAAMAcMV1QCgABQADAj380ioMAIACo/OMYABAAKoE//rEgCBAA6Nnixz/f7ggEBAACF/6BYwAQAAg8+weL40EAIO7sHwwFgAAwVgLP/sFQANwLAOSd/YMb5EEAIPCif9AQCAIAgTt/QEMgCADE7fsHDYEgANxUenFS+uftVALgsWS7rfRB6Z93UQmAFwGAvM4/MBMAAgD/YukPHDUDEEIA4D80/sOoGYAIAgBxjf+gGQAEAEk/8vMPbgyGWQAg7/MPNgOAAEDg2D/oBwQBgMDPP+gHBAGAwM8/iAAgABD3+QcjASAAVCI//yACgABA3OcfrAgGAYA9mX3+WYcIAAIAgXP/IAKAAEDg5x9EABAAiPv8g/WAIACMlcgLf8F6QLgXAEj7/IMIAAIAmzcVWJsIAAIAgZ9/EAFAACBw7w+YCAABgLi9PyACgABwW4mc/AMRAF4EANJa/0EEAAGAwN4/cFMgCABs0anARYkAIAAQ2PsHIgAIAGzNoveP/Rl/rrArAsBdZWP0/tGGCADnksx/2dDiP1gOCLMAwBoU/+FYYT8EAAKL/2AtAAgABE7+g4EAEABYk1t/YPBaYR8EANbl9B9G3YBsnwDg/2no6B8YCIClJKuEnv6DbkAQAAg7/QfdgCAAEHj6D3YDggBA4OYf0AoAAgCBP/9BKwAIAARW/0ErAAgAxB3/g1YAEADGSui9f6AVAO4FANp7KnA9WgFAACDw+w8uCAABgMj2f3BBAAgAtPdY4KrUAUAAIPD8H4wEggBA3Pcf1AFAALipNOT7D8cKW6Aee1tpbS6wCeYB4EUAoJ2lwPWpA4AAQGP2/4J5ALZAACCw4wTUAUAAILMBENwPAAIA7RsAAUsBuC4BgIYWDQCwkWZAEACImzgFSwFAANCI09K5ANdqBgR1WQFAAQAcAoAAQGABADQDggBAYAEANAOCAEDgCkBwCAACAIEFAHAIAAIAgXcAgWZAEAAIPAAAE4EgABDXAQgOAUAAqMR2AIJDABAAiDoAAIcAIAAQeAAADgFAACDwAAAcAoAAQOABADgEAAGAwAMAcAgAAgCBBwDgEAAEAAIPAMAhAAgABB4AgEMAEACIOwAAhwAgAAyVuAMAcAgA3tBjZbObpoEvFS7rXgBgg9cAAuNzhcsQALiwpQDbOwQAAYDAAwBwCAACABtvMAH0AnIJAgCBM4BgIBAEABKfLTAQCAIA228BBH6qsC4BgMAWQNALCAIAgS2AYCAQBADitgCCXkAQAG4rsRUA0AsILwIASddMgV5AEAAIXAIAegFBACCwAgD2AoIAQGAFAPQCggDAzioAwKAMwAoEAAIrAGAlAAgABFYAQBkABAACKwBgJQAIAARWAEAZAAQAAu8BAKvMQQAg8B4AUAYAAYC4pwqUAcCr+q6yFldMgTIA2rXt1GQpwIbKAKBaKwBIlaAMAAIAgUOAYCkQCAAEDgGCuwFAACCwBQCUAUAAILAFAJQBQACggxYAYFQG4J0EAAJbAMA8IAgA9NECAPxU4R0EAAJbAMBaQBAACGwBAPOAIACQeREAeKeBAMD6CrDpeUAQAAh8osA8IAgABF4wDeYBQQAgsAcQLAYGAYC4NUCgEQAEAMWywB5A0AgA3teVwEQJGgFAACCwBxAUOEEAILAHEFwNAAIAgXsAwdUAIAAQ+DyBqwFAACDwLmDQCAACAIFDAKARAAQAAocAwE4gEAAIHAIAO4FAACBwCAC0AoIAQODjBFoBQQAgcAgAtAKCAEDgEABoBQQBgPWdC7DxVkAQAAicAgStgCAAEDgEAFoBQQAgJAAAXyoIAAKApwkMA4AAQNbTBC4IBgGAwDUAYBgABAAC1wCAYQAQAAhcAwCGAUAAIHANABgGAAGAwAAAhgFAACBwDQAYBgABgMAAABIACAAIAGAYgEACAIEPEyABIAAQ+DABxgERAAh8mADjgAgABC4CBIwDIgCQGgCAYwUBgKQAABgHRAAg8CoAwO2ACAAEbgIGjAMiABAYAAAJAAGAwAAAWAiAAEBgAAAkAAQA1vZYgM2zEggBgMC7gAArgRAASAwAgASAAIAAAIyVNAIAgQEAkAAQAAgMAIAEgABAYAAArARCACAwAAASAAIAgQEAkAAQAAh8lgBLAREACHyWAAkAAYDAZwmQABAACHyWAAkAAYDAZwmwFhgBgMBnCZAAEABY26EA2ycBIABgDwAgAQgAAgACAHCsBBAAiAsAgKuBEAAIDACABIAAQGAAACQABAACAwAgASAAEBgAAAkAAYDAAABIAAgArO2xAJ0YnyvdEgBY20sBejFIAP0SAAgMAIAEgABAYAAAJAAEAAIDACABIACwtrkAmycBIAAQGAAACQABgMAAAEgACAAEBgBAAkAAIPBhAiQABAACHyZAAkAAIPBhAiQABAACbwMCJAAEAAIDACABIAAQeB0gIAEgABC4CxiQABAACAwAgASAAEDgJiBAAkAAIDAAABIAAgCrWwqweRIAAgBv52kCxkofBADWdyjAxkkACADkbQICJABUbX+uxG4CAiQAZgGApEUAgASAAMDqzgXYOgkAAYDAxwmQABAAeDc9pcBPlQ4IAKQFAEACQAAgcA4QkAAQAAicAwQkAAQAAucAAQkAAYDA5wnwBkUAoKPNkkxfe/7Pn2b6WoHIVygCALsdA+A4/aGu5BQUCfAORQBgT2MADNNvvtQG/jgteCjQ50sUAYDtjwEw/Per3973DgZgeK7slADAdm8D4Ksa/tXNvRwKIAEgALDNB0pxf9tv1aWDIIAEgADAhroAffm/7Ovdsc/SABIAAsBdZStdgKr8db9OzgN2xtWAKNneVq7bBcg4Tb0cRC0/PA5AAsDqVgFApGRoct7fntOAfZAAEABoX1RibH/g3/40QCFo01wLgABA2y5Ajr//7A9xchiwWRIAAgC6AH37L2vWGbBFEgACAC0eKcZtffulAExVIwBw6SYANrjUR0UACQABAE0Afvg3HhI4FPok6e6QAIAmgPUd/fD/rtlRwBZYCYgAQPtVQE79WXQFXJUEgADAyqwC2s2Iv3oAFgIhALA+x/680UkIuAYJAAEATQCrNfz5+AsB3FSCAoC0iodq+PyFPugJCF0IhB9rAoBNAIr+mA5oTAJAAGB9zv35kMUtQk1YCIQAwId5qo62/FzISTWgAQkAAYDQQUBVf9UArANAAGB9S9cH/5UGZrMBlyMBIABwMYfQg390BDBUtk8A4D0MArrc5wpOigEX4N2KAMCbqQEo+/dTDMBCIAQAUmsAvv6KAVgHgADA69wIaNp/G2SAPbmrpAYAnSrMfvtjOtA6ABzVblTlXzxYvv6aAjEMaGmrAIAawNHXv9cMgASAAEDkHIB5fxkAXVYIAKgB2PUnAyABCAACAHYBDZr+A+YCMAyIAEBgDUDhXwbAMCACAP8wYToq/O/QYk/g+xkGRACggzuB7fthngob5X/VVgkAXJajf1qZtQS+n2FA0rMpVgEMuv4D2wEwCsCiPEXew+XHv3YA3AzILACQtQrAj3+lAAwDIgAQ2Abox79SAIYBEQDo7whA2z+LqYA38KpFAKC/bYBm/jk5BniVUQAEAELbAI9eSO04BmCobI4AQOAkoMY/xwAYBkQA4NIWZ/84BsAogAAgADgC0PePYwCjABjUurrbysUt+v5xDIAfXNq0r0AAcASg9I8VgV8xCoAAwKUtWyv9Y0UgRgEQAAg5AhgdP6IS8C9uBUAAoIFlI1P/cFIJ+ItRAAQAGnjcSucfzGYCfqcREAGA7o8AdP6xnUoA0vh2CAB0dQSg8R8zAUYBEAC0pLgUcND4zzW3A2EnsB9nHkXOPv8YC2RrjYDcCwBc3mFrn39YRIDkncAIADSybPDzD/oBcxsBEQBo5dHnH/2A2AgoAAgAigBX/PyD5UDaABAAaGb2+cdyIOwDEgAEAEUAn39EAEUABICrqTR02NDnH0wF2sFC6YMAoAjg889bmQo0CYAAQEtPdv4jAqAIIAAIAOpNV/r8gwhgHRACAE0thy3c9w/uClQEQACggzaA0ZuEd7IeUB8gAgC7bwMYjRTzISKAIwA8gbT0uInJPxAB9AEy20dFU/cm/9AOiD5AAUAAsA9I6z8igCMABAABwCiA1n9EAEcACAACgASg9w8RwBEAAoAAIAE07v2DpdfbUhwBIABwnQSg+I+bAnEEIADInxJA6+I/iABewZxLstvK3qYBB8c2NHc6FPo7AuBFAOAqHq43+Q8igCMABACu5vSR0/8Ka7Ac0BEAAgDXMx8CRv9wasU2jwAQALimB6f/WAvgUkAEAAHAIUCT038wEOBKNgSAsXJlD1c5/QfdgI4AuBcAuPKpateL/9C+yusqAoAAIAK0+/yDbkBtgAgAXN8yvVL7d/jP+twQYBIQAYCNmL+ZAY62/nMRugG1ASIAsKVzgOnf/VXT5Lc/Od2A2gARAJw9MU1+EXBxWgG0AeLBA4hrBdAGiAAA0GCVFVurASAAAARuBdAGiAAAENgKoAaAAACQNxJoHgsBwKAZEFkHUANgFgAA8uoAagAIAACBdQA1AAQAgMA6gBoAAgBAYB1ADQABACBuL5AaAALAbQUIrAMYyeZFAADIux9ADQABACCwDuA+AAQAgMBmQHezIwAAJCwFMAiIAODYCdAM6NcYj2ZPAPKaAb2MuffMAeQdAhgERAAACGwGtJYNAQAgcCJQEwACAEDCIYC3MQKAshPgEMDbGI8cQOAhgCYABACAwEMATQAIAACBhwCaABAAAAIOAbyOEQBUnQCHAK4DYC4bIAAADgG4q7yXACAAAA4BXM6GACAAAA4BdAEiAAgAgEMAXYAIAIpOgEMAP8g4lzhWTwAOAfwg46VclAAA4OBVF6AAIAAALImXsOkCFAAEAIBToX0XIAKAxAk4BLALEA+hAABcwVPh82MACAACAGAgUE0WAUAAAAwEGgNAABAAAL2AXsgIALpOAb2AXsgUKkAHvYDGABAABABAL6AxAAQAAQBQiTUGgADgxAnQCygAsBScOAHXtSgDrDQGgFupBADASgABAAFAAAC8jHVl4ZkTAAArAQQAAYC7ChBWBvCTjHNB0ykQ94tMAOClIAAAa1IG8EYWADxuAMoA3sgCgMcNQBnAHKAA4HEDUAbwRraD2uMGoAwwVDIDgAAAcLIIgH4CgAAA4G4AAUAA8LgBeDe7oNVtwAIAgDKATUACgAAAMB8EAD5HABAAAPOArmdBAFBxAswD2s3GUnDgBLSkEUAAsHRSAADQCCAACAACAIBGgJuKAKDlBODJbjYu4lxw4AT08ENNAMBlgAIAoBFAAEAAEAAAjQACAAKAlhPARgC72XgsyJvA5p2SAwAunBIAAI0AAgACgAAAaAQQABAABADAC1sAwPPkcQPsBPJGxmWAHjfATiBvZAQAjxugFdAbWQDguQIEtQIKACwF1wECWrf8JFNP6pYAAGgF9EZGAPC4Ad7c3sgeI+4qQFAroADAubC36wABloMAwBu5DFAAALQCagJEABAAABcEGwMUALipAEHDAAIAj4Vd3gYEMAsAqCIJAIBhAAEAAUAAAAwDCAAIAJ43wM0AXsi4C8jzBvgZ54UsAOB5AwwDeCELAAIAgATghSwAuA0IwDigrmyPjQAA4FUuAHhqBAAA44ACgADgPmAACUAAcBuw24AAjAO6nMVdQAIAgATgfSwAeOAA3A/sfSwAqDkBWAggADgyugQBAJAANGUjAAgAgMkuY9kCAEMFiEkAAgA9TY7aPQ0wd/Baf640UBAAACuBvI4FAAEAQALY2+sYAUDRCWC515ONqwAEAEB/twCAACAAABKAqwAQAGyeACSAbhYB4jJAjxzAQ+DbGFcBeOQAnhRkEQAEAEACEAAQAPSdAhKANQDaRBAAAAmgmwCAACAAAMzJL2MEANcBAhKAAIDLAJ06ARKAjmwK/QcAQAKwlQ0BQAAAJABTgCwFDx0gAfgx5rEQAAC86gUAT4UAAOBdbwjAQ7FHOk8BloPLgHn3JmABAEAC8CoWAAQAAAlANVYAsAsYQALQA2gTsAAAIAHYyi4ACAAAEoA3sQAgdwJIALqx3AWk8gQgAbgJwFUAAgCABPBcaaLguQMkAL/E3AVkFzCABKAH0CZgAQBAAuihBxABQO8J4M3vhxjnguQJSAB6sWwCFgAAJAD7WAQAAQBAAnAXsABgFzCABKAVyyZgAQBAAtACIAAIAAASgBYAAcAuYAAJYFMtANgELAAAPGkBEAAQAAAJQAuAAGAXMIAEoAVABUgAAJAAtAAIAAIAgASgBUAAsAoQwDCYPiyLAAUAAAnALhYBQAAAkABUAAQAqwABJABDgP7q1ycAACwHQ4ACAAIAIAEowgoAVgECSAB9DmJbBIgAALAEVgAEALSgAMzWAIp8VgECSAAR719/bzyAAOfACoAAgDUUAE8qAPKeVYAAEoAWLIsABQAAo+GdVgAEAJxBAdyn/PzisfA3qwABDioAsp4AAGAloJevAGAVIIAE0OcIlkWACAAAsxZAAUAAAJAAIhqwBQCsAgQ4awEU8wQAAAuBtAAKAHYBA5gR9+Z1zGMVIIAZMS2AFgEKAAAWAjkAEADsAgawDsD4lSqPVYAAe7IE/vBS5BEAAJjNAAoANgEB6BNPOwCwB0gAALAOwAGAACAAAGgUcwAgAFgFCKBQ7ABAh4cAAGAY0AGAAGAXMIAE4ADAJmCrAAH8UnQAYBGgAADgp+LgAGCDAcAmIACeFF21dwoAAL4VEdcA+qMKAAAcHAAIADYBARgFSOgAtAdIAABg6W0EkMKPn0gAZgUAkc4qQACjABEdgBKdAADAo+PWNQgANgEBaBv/qRKwB0gAADAKsM7INQJAs7kUAObAAoCKjk1AAJxNACjoCAAARgEctQoANgEB+Gx0OgFoD5AAAMDBJcACgFWAAEYBEtatWARoExAAc2ADoD+jAADA2QYgAcAmIACjAL7/9gAJAAASgElrAcAqQAAJwPffIkCbgAAkgEbvV+wB8oDCMv3P95756b+MwnKhBHCsrE4AsAkITv985tcy/cFoDP/2tIn+P+wBEgDwG79VoP9UGMAc2ZfKpwkAVgHip/6hXNGQHQWYD013rGARoE1A+O4/lI2ZflWJs7z72Gn00+oD7AESAPDhL6tbPwg44NUIsEL7HwKATUCwrHDQ39pRDvgGZYDB76oG7AESAPDlv76IWUIe1vv5jwBgFSBO+zua0T2KAToBXq/+YxGgTUBwavSjv72euwSZfxgBRqf/UXuABADw6f+v0WFAr+ZXCwFHn/9vEgBsAkKtP+r/4mB3QJ++l2BHZz//Zw+QAADzNJVMg7OAHn29oeLo6/9fAoBVgHD6z7syNgVUer2M4rWdEFgEaBMQvv0cFQRgY3uAuKvQ5MyfwW9FaOpcaLYJCJbX2/xRD4De9gAJAHDK6vMXAkAAsAgAHPpnhQCwBkAAgFm33/5CAAgADBU+bnbqv9XGQEBD0mU2AcFJu986RtuCIHMPkE1A+PjjIACutwfIJiDw8XcQAPYACQCg5u8gAAQAiwBg8fFvYEu3yoE1AAIAGPVraFAMgAYBgJsKmyv64/IgaLcGwCYgcO6vIQAEAJuA4DQVruooA0DXe4BsAsJPf2QAsAdIAMBPf2QAEAAsAkDDP0f/T+EqawAEAH5h707M24ZhMICS8gL5FA+Qqgs4/DpAI3H/lXrfZw7apoj3ZrAlCMQPRrEZ+JcLgOtTAFgEgMY/9gOANQAKADT+1QAVUADYBEQrJv53ZDISCI9xSgTeBIRjfyOBYA8QNgHh7W8cAOwBwiIAVm9/RwEQeQ0AviRCWo387582APzVlrAIAG9/bQCwBgAFAN7+JgJBAUC0RQBs3v7jydoAYA2AAgAz/6YBAAWARQB4+5sGgDCsAVAAYNefNgAoALAJiOKfEGwgENDytAmI1S0/BgJhbPYA2QSEoX+cBIA9QBYBYOzvH5wEgDUAHCsDcfCPTAA8JEIuAsDBP3mpEJA1AAoAiX9QAhCSAsAiAK1/mM0DEpE1AAoArX+YzAMyGgWARQCY+kcJANYAKAAoPv4ZczkQKAAsAsDCH5QAYA2AAgBzf4gEgAJADtDHPygBQApQAeDjH5QAKACQA/TxD0oApABRAPj4RwkACgByZZiPf1ACgKUooy4CYFXd0qAEAGsAsDB8mIV/oASALfFXFgHY9o8SAKwB4FgJNvgHtgMyroeERQAG/8CCYP7KGgAOlUF6/6AEgFNimEUAFIN/PJ/LgrEGAIsA9P5BCYA1AFgEoPcPsxwwEdcAYBGAuX+YK3TFGgCLAND7J9paALAGwCIANr1/GhMIwBoALAKw7x9MA2INABYBiP3BZBiIYdcAYBGAo38wDYg1AFgE4Ogf3BCANQAWASD1D9koAK1ZA2ARAFL/GAUAawAsAsDgP0YBwBoAiwDYvP4JtxUArAGwCICSYPCtAGANgEUA+PzHOQBYA2ARAKvUCsNHAsEaAIsA0P7HOQBYA2ARAPcJGnEOAIlWiwDw/sc5AFgDYBEA3v/YCwTWAFgEgPc/zgHAGgCLAPD+x/0AYA2ARQAoVXEOANYAWASAsyoMA4I1AHKAbOKqXIYmAFKAKACsqwDDgCgAkAN0UgWGAXGyqgDAACBoAqAAkAPEtirQBEAKUAGASVWYDQPSjAJADtABAEgEgm8rBYADAJAIBAWAHKAEAGgCgBSgC4EdAIAmAOiuygFaAQSaACAF6EJgDQDQBMDTFTlAPSrQBEAKEBcCmwAE4SE8XvFX1gAAiwGRAiRXPlOhgtsBMGFtEQAaAKAJgDUAcoBoAIAmAFKACgA0ACALBKIAkANEAwCBQJACVACgAYCtQKAAkAPEmiqcIYIUoBygjAqYBQRPWDlADQAQCAQpQBcC60+BWUAwZOUMz68TzAKCFKALgWUAwTEAOGSVAzSgAmYBQQpQDlB1Co4BMGWFAsAJAJgFRAFAiBygEUBwDIAUIHKATgDA9UD4yEIOUHcKHAMgBYgcoOIUHAOgyyoHiN8mOAZAClAMACcA4BgAD1kFAOZTwTEACgA5QJwAgKVA+MqSA8QWIJAtwqC1/yruAYDbClKAcoB+muAYAJyzygHKp4ArgsFTVgzAeCrIA4KnrALAeCrIA4ICQA7QCAAYBACfWXKADqdAxgikAP1H9aZAHhB9VuQA9abAjBFSgMgBKk3B/YA4aEWJ7pcJDhlx0IoCwC8TDALgMUtlJyMAYCMAeMzKAYqngI0AeMziiM50KrgaAKPWyAGaAQRXA+A7CzlAwylgFBDfWYgBGE4BDxp8Z5EruxtOATuB4CZxlRwghlPAKCAarXKAOJsCo4BotMoBckpAX6OAaLQiBmA4BYwCotHKoTLY2RTYCohGK2pyZ1NgFBCNVuQAnU2BqSOkAJEDdDYFRgFx0qogRwEAKgA0Wl0HhLMpMHiEq4DkAFEAgDAAGq1ygDibAjcDIAWoHYcCAMweodEqBmA4BXAzAL6zXAekAACEAbBuTS/OdCowV2jxnYUYgOlUMH+E7ywUAAoAEAfEYxZluOlUEAfEYxbXAfllgtsBcRUQfkoKADCEjBSgfyB+meD5gxCA64BQAICFAAgBiAGgAAAVAEIArgNCAQBWAuEqIDlAHE6BZxBGrcUAFACACgB9VtcBKQAASwFxFZAcjgIAsBQQT1kxAD9NUAGAEIAYgJ8mWAsMQgAGcBQA4DAShABcB6QAABUArgJCDlABACoApADxr1MAgLXAmLTGdUAKAFAB4Cog5AAVAKACwEMWMQC/TVABIAQgBoACAFQACAGIAaAAAC1JhADEAFAAgAoAIQAxABQAoAJACEAMAAUAqADwjPVv8+MEPJMQAhAD0J4CVAAIAYgBGFABVAAIAYgBKAAAFQAesQoAv04gv6nQ/hGLGIBfJ6gAMGfNodJ9AQAqADglnsxpmwkVUAEgBYgYgAIAVAB4wuJf1v3PE1QAsCWuEAPAlgpQAWDKSgwAJ1SgAkAIQAwABQCoABACEAPw+wRUAPjCEgPQoQJUAJiyFgNQAAAqAIQAxADcBww4pEQIQAzADxRQAaDDKgagRQWoADBk7d9lSAU8oxACQAxAAQAqADxeEQNQooIKACesiAEoAEAFgBlrxACMqYIKAE9XxAAsAgDPKYQAyJXOm1TAbSUYt62LARhTAVQAQgCYAvQbZXmaV4k/UgGgvcqx0nsMwOv+dYsOzfKZZmKHVAAYsBIDMKfCtHx07gUV6/WLAXysIAQgYONHyvTYt3575bInBTivRHdVDMA5FVOD/n4zyweJs1EBIAQgBiAGQF6Wpd3TvH0h4IujNRUABqz9pfxKffLXfWgyI4DLS9BcNVnjoMo3f92hoh3Qk6wC2A0hADEAU4BMzY/5L6/oBjyBCgBPVjEAdapX/1AnTJoB/6YCQG9VDMAUIA2++jtVZAZ/55MFIQAxAFOATA3z/KoAVAAkdhAD4M67vwZiLuAzFQBCAKYAeevdH82qFXAFh4rnKv5MKtUuAn41NgsEg10MhFtW9NNwVvX1vJ/iPCBEBYCjVVOA+KVO55/zVwRgdIlER9s1cVg1+/CPVQSoABCv9k/CEECsE38zAZ5beKqKAaBZlXX9H2uzNDDmSkD0VcUADAF4+VM0AlQACAFYBqxYHfvlj0aAJxcWAYsBOK7y8kcjQIQZ56qmaVSrBv7YRAP6rADwUcWxct7zKlE/HAZ0vxAIt6yLAeDXms9xjz/uDRi4AsBclT4a+v78Q1EDdHiAiWSVKUD8XCd9/2A1gAoAn1SWAeMMwLz/0DWAdQBYBIwa2u/Vqb8aQAWAEACmAJ0BzE79L0UuwEIgzABaBuwMQOMf+wEGGmNGsNr/B41/Hm+zJzDkJwxCAGIASlYT/6zGAS61DgDfU5gCdAYwOfbvSfGdc/5HGGYAsQzYfQCzY39HASoAfE7RPAbAydsfRwHCgAgBNGAK0CoAb3+pAFQAZgAxBagF4O2vDYDPGDOAWAbs3MrbXxsAYUDdVEzQGAP09tcGEAZECABTgFoAk7f/ZQgFiDNhBlDzDHl/rrQbQCsT41S4TsPvNnv7OwkQBSDYYSpiAGZXsk2/A3AS8CQ+ZbRS0TrTAnDLz1AnAQgDmgHE9IwWgKF/JwGYZzJNjX+NFoCxP5kAhAE9RdE40wJw8B9tGADnmRYBYwpQ8Tp78g2smIgOstgUM4D+MxIsWv+YBxQG1EbFFKABFq1/ViWAE02PUIIsA9YCMPWPSIChZouAUTMLsVr3x6YEEAUwA4gNWuYAzf0pARAF0EOluylAthsf/ygBPNAwA6hiNsTi4x+7gUQBsAjYFKBDAB//2A1krAkzgOZmHQI87eMfHAQYBPT5RLdTgKwBP/4xC2C5CWYALQPm3sc/L6MEMAhoETCmAGVZffwTrQTQ1tQ9xRSgMYDJwj/+ZOtxYYrJJswA+q+w2vaPOwKMAWAGUGpGBWDwDyWAMQAsAjYFaBCwyeAflJGGpn3XkDAFqALQ++eRSsIhgMYpo/xTVADZ4B+WA1oJbI860aYAVQCTpgy7zgR6rmEG0GkZ93r/mAY0B4gZQFOAjrTONPcPq2nA/a0DwgygKUDPZTt/MA1ouoktMfr/xMK28WN/uCdQCwAzgJYBUxz9Yz2wTxssAjYF6LHsuh+MAmgBYAbQFKDHstQ/w44CaAFgBlBehnIXMPWPrQBaAJgBVCezLjGP/rEVwKMNM4CmANUAPx4FTIuPf6KcA2gBYAbQFCBl+ci7n8ZEArUAzABiChBwDvC+vfswbxuIwQAK0h7An5wBaFoDSPo8gEJi/5nSe4/alfdWSKw7Aj9wSgAygEgBQlP0Aew5lQFEnQwwD+BRQBlApAABe4GUN2UAkQIEnnzdIAOIFCBYRC0GiAwgymQgDCgGiAygFCCgCCAGiAygPhkgDKjBiQygFCAgDKi+iQygSzKgCODzBhlAKUBAEcCvGzKAqmSAIoBfN2QApQABRQA9AGQA/YkAigB6AMgASgECigB6AARV3JEBRQC7gJABdEcGFAEUOJEBlAIEFAG8B4AMoBQgoAigB4AMoCIZoAjgTWBkABXJAE8ECjmzBNciBQgc/LxxMzKAumSAIoCfN3bBFUkBAnshAP6bDKAUICALKASADKAUIGAgUAgAGUB/IYAsoBAAMoD+QgBZQCEAZAD9hQCygEIA1BFFkQIEZAFlnJAB9BcCaAN47gwZQH8hgCygRSd4CtBfCKANIOOEDKC/EMA2NilAZAD9hQDaADJOrIG/EEAbQMZJBhB/IYA2gE1nMoBIAQLaADJObp20sAoI0Abw80YgBQhYCiTjJAOIBwEBbwO4AHgKEDEZQCz7giFnrAGSAgRYH3zfIAMoBQj4VfZ9gwygVUCAeUBzgOg36ZIB5gEVOLEGSJcMMA+owIkMYM1FMoAnFwA8BWgVECAIoMOJNUBSgIAggAsAMoDuyICNACJOyAAalQVsBKj51w3/vawCAti7AGANkBQgoE3r8wYZQA8CAoIALgB4ClBOBrATSH0Ta4CsAgLsBDLljAygKhkgCugCgAygvxFAFNCPm/9UWAUE2Arox80aIMzKAqKARVwAEAGQAgSYXADwFKBVQIAooAsA1gBZBQR4INiWE6wBsgoIkNsWcMIaIH8kgGEAv23IAFoFBHgZwAWAwLYMwIebC4B2EqKygJcBXACsAaK4vxKAvZ82RACsAgKMA7oAYA2QVUCA/q0LANYAWQUEGAd0AcAaIKuAAOOALgBYA+TPBHAD8MsmA4hVQICfcBcAa4CwCghwA3ABECOlvFVAAHsXAKwBEgIA3AD8sCECIAQAuAG4ACACYBUQoJfrAoA1QFYBAW4ALgDWAGEVEOAG4AJgDRDeAwKsBHIB8BIQQgCAG4D5ZhEArAIC3ABcALSNKOAvBWCd/KxhDZBVQIDFLi4AWANkFRDgN914M9YACQEAbgB+1UQAUCwD3ABcAEQAEAIA3ABMN/uPglVAgKeBJJusAcJlGXADcAGwBgiBWcANoICyJl4C8h4QwF6wCS8BCQEAbgAuAIgACAEAbgBmmxEBEAIA3ABcAEQA8NcCuAHYA2QNEBpmgBuAC4A1QBiaBdwA/KJ5CQj3ZcANwAXAS0AIAQBuAJqaIgAU8PcCsPeDhgiAEADgBqCkiQiAEADgBmCziQgAQgCAG4APGhEA9MwANwAtTS8B4T0gwA3Az5mXgPAeEOAGoKDpJSCkZgA3gDNHmvASEHcJcKq9zxlEAIQAAD/5GpoiAAgBAFa/GQIQAUAIAHADkAEUAUAIAHADkAHUD0IIAHADUM0UAUAIAHAD8FMmAkDZ12aA9UExExGAEwgBAG4Afsm8BIToLOAGoJapE4ThWcANoOAIAMEFeEMbkAArOwLAEpzA9Czg918EQAQAIQDADUAEQAQAIQDADaCwCAAiAEIAAHsRANc/hAAANwARABEAhAAANwB1TBEAhAAAx4AfMREAhAAANwBlTBEAhAAANwBDgCIAuD0DlgIbAnTvQ/8McAMo7RsG56kQAMCqAyACgBAA4DTQARABQAgAcAPwAyYCgBAAYCGQDoAIAEIAgBuADoCSD0IAgJqwdwBEANBDA9wAdABEACg8BADw4CVgEQCEAAALgTQwRQAQAgAsBBIBFAFACADwYdhKBFAEACEAgNcigCIACAEA1gGIAKr0IAQAKA63XgAQAUAIAHADUADwb4wQAGAYUAFABAAhAMANwAygCABCAIDzwQygCABCAIBhQAUAEQCEAADDgI9J+REAhAAAdkYAtHgQAgBUiY0AiAAgBAAYBVAAcLnjW0IAgJcBFQBEAPCoBqBTbARQBICaRmoB9kYABTy5gNI7agC7FkcAeQgKUPyNGpAW870i3IEQAGAUwOeKNY8IAQC+FjUARAAQAgAkxm0tEQFACAAwCjD4qaqyqIMQAMDOwyUiAAgBAEYBBABEABACAIwCCACIACAEAOga+04RAaCVEADAIgAoAoAngQE3gC7Of4kOPAkMsL/A+Y+ngCl9vAbg4Py32Ili3CfAtSwtnP8cg4sRAgDcAEbnf3cRAIQAAPsANklvEQCEAACfj89JQxEAhAAADh22/0UAsA0YYJ06/PwXAcA2YIDlt0mAjZ+lNvcAYxswwOGhw+PfHmA8CQywPMVPzI7/xp8CRggA4DB/+2s0G0vq5SlghAAAl4CP/BSJACAEAIAIAEIAAIgAYBswAPYAYxswAPYAYxswAPYA40lgAOwBRggAABEAhAAAEAEwCAgAhgBtAwYAe4BtAwbAHmBsAwbAHmCEAAAQAUAIAAARAAwCAmAIENuAAbAHGNuAAbAHGNuAAbAHGIOAABgCxCAgACUOAWIQEABDgNgGDIA9wAgBACACgEFAAEQAMAgIgCFAbAMGwB5gbAMGwB5gDAICYAgQg4AAGALEICAAhgCxDRgAQ4AIAQAgAoBBQAAMARoEBABDgLYBA8AUlMEgIACGADEICIAhQAwCAmAIEIOAABgCxCAgACIAGAQEwBCgQUAAMARoEBAAgksxCAiAIUAMAgJgCBCDgAAYAsQgIACGADEICIAhQAwCAmAIEIOAAOgAYBAQAEOAGAQEwBAgBgEBMARoEBAAlqBwBgEBMASIHgAAhgAxCAiAIUAMAgJgCBCDgAAYAiQB4L2gfAYBATAEiB4AADoAGAQEwBpADAICYAgQg4AAGAJkTACwBrAWBgEBMASIHgAAOgAYBATAECAGAQEwBIhlgABYA8h9AtC5YwR6AADoAGAZIADWAGIQEABDgFgGCIA1gFgGCIA1gOgBAKADgGWAAFgDiEFAAAwBYhkgANYAYhkgANYAogcAgA4AlgECYA0gBgEBMASIZYAAWAOIHgAA1gCiBwCADgCWAQJYA4gHgQDQAcAyQACsAUQPAAAdACwDBMAaQAwCAmANIB4EAsBDQOgBAKADgB4AADoAWAYIgDWAeBAIAA8BoQcAgA4AegAA6ABgGSAA1gDiQSAAPASEHgAAOgDoAQCgA4BlgADWAMI2AejGEtByDwAAHQD0AADQAcAyQABrAOE+AejEMaDtHgAAOgDoAQCgA4AeAIA1gDAmAF2YAhroAQCgA4AHgQDQAUAPAAAdAPQAAAjosAcAoAMAHgQC8BAQJAAV0AFADwAAHQD0AADQAUAPAAAdAPQAAFgC3tIDANABgCEBaNpDwE9sE4Br0wFADwAAHQD0AADQAUAPAAAdAPQAANABQA8AAB0A9AAA0AFADwCAY8AXegAAOgDwkgA0aQ34tfsEoOkOAOgBAOgAgB4AgA4AegAA6ACgBwCADgB6AADoAKAHAIAOAHoAAOgAoAcAgA4AegAA6ACgBwCADgB6AADoAKAHAIAOAHoAAOgAoAcAgA4AegAA6ACgBwCADgB6AAA6AKAHAKADAHoAADoAsE0AuusAwF0C0IhdQPM9AAB0ANADAGAJaKMHAIAOAHoAAOgAoAcAgA4AegAAOgCgBwCgAwB6AAA6AKAHAKADAAlAfx0AeJUAVO51QPs9AAB0ANADACDgp/QAAHQAQA8AQAcAXhKA9jsAoAcAoAMAYwJQsSmgtx4AAGvAF3oAADoAoAcAoAMAegAAOgBwnwBU6hjwv4YEoI2HAEEPAEAHAPQAAHQAQA8AQAcAtglAhRYnGG95EhDAQ4CgBwCgAwDWAQNYAwx6AAA6AJAAVCfgEz0AAB0A8CQggIcAwTpgAGuAQQ8AQAcAqwAAsAQAPQAAdADwJCAAHgJEDwAAHQA8CQiAhwCxDhgAa4DRAwBABwCrAACwBAA9AAB0ALAKAABLANADAEAHAE8CAuAhQPQAAHQAwDpgAGuAwSoAAEsAwDpgAGuAwSoAAEsAQA8AQAcAqwAAsAQAPQAAdACwCgAASwDQAwBABwAxQABEANEDAEAHADFAAEQA0QMAQAcAMUAArAFGDwAAHQDEAAEIOBs9AABLAGBMAAo1BZyPHgCAJQBwnwAU6Rhwg1UAAFgCgBggAJYAYBUAAJYAIAYIgCUA6AEAYAkAYoAAiACiBwCAJQCIAQIgAogeAAA6AIgBAogAgh4AgA4AiAECiACCHgCADgCIAQKIAIIeAIAOAIgBAogAQgLQwTtAIAYIIAIIYwJQiCmg+RggACKAiAECcAz4CasAACwBADFAABFA0AMAsAQAxAABRABBDwBABwDEAAFEAGGbANzYEvBLYoAAIoAgBgjgHSAQAwQQAQQxQAARQNADALAEAMQAAUQAIQEoNwIIYoAAIoAgBgggAghigAAigCAGCCACCGKAADoAIAYIIAIIYwJwE1NA+TFAAEQAEQMEQAQQqwAAEAFEDBAAEUCUAAAQAUQMEAARQMQAAUQAwTZAAA8BgxgggAggiAECmAEEMUAAEUAQAwQQAQQxQAARQBADBBABBDFAABFA2CYAvyYCiBggACKAmAQEQAEAMUAARAARAwRABBAlAACWgCsTAwQQAQQxQAARQLhPAC7uGHB1YoAAIoAgBghgBhDGBODCpoBbEAMEEAEEk4AAZgAhAbiogBsRAwQQAQSTgABmAGGbAJzOMwCIAQIgAohJQAAzgOBBAADPAIAYIIAIIJgEBDADCEoAAJ4BADFAABFAMAkIYAYQlAAAFABADBBABBDEAAHMAIISAIACAIwJwB+JACIGCIAIICYBAVAAQAkAgIALEQMEEAEEk4AAZgBBCQBAAQBMAgKIAIIYIIAZQDAJCKAAgBIAAAoAiAECIAKISUAAzACiBACAAgBKAABMATcnBgggAggmAQHMAIISAIACANwnACc6BtQfAwTADCAmAQEwA4gSAAAKACgBALAEdDsJCGAGEEwCApgBBCUAAAUAUAIAUAAAMUAAM4BgEhDADCAoAQAoAIASAIACACgBAFgCBCYBAcwAgklAADOAoAQAoAAASgAACgBwnwD8o2NAGUwCApgBBJOAAJYAgRIAgAIAKAEAKADAmAD8gyngr5gEBDADCJYBAVgCBEoAAAoAoAQAoAAASgAACgBgHzCAGUCwDAjAEiCwDAhAAQCUAAAUAEAJAEABAJQAABQAYJsAmAHEMiAALAHCMiAAFABQAgBQAAAlAAAFAFACAFAAACUAAAUA8CQQgCVAYBkQgCVAYB8wgAIAFFoCAFAAACUAAAUAUAIAUAAAJQAABQBQAgBQAACvAgNYAgT2AQPYAgz2AQMoAIASAIACACgBACgAgBIAgAIAKAEAKACAEgCAAgAoAQAoAIASAIACACQAP9kCDJ4EAvAMEHgSCEABAJQAABQAQAkAQAEAlAAAFABACQBAAQCUAAAUAEAJAEABAJQAABQAQAkAQAEAlAAAFABACQBAAQCUAAAUAEAJAEABAJQAABQAQAkAYArojRIAwBrQq7sE6NYuoFsvCdAXBQBQAgAUAEAJAEABAJQAABQAQAkAQAEAlAAAFABACQBAAQCUAAAUAEAJAEABAJQAABQAQAkAQAEAlAAAFABACQBAAQCUAAAUAEAJAEABAJQAABQAQAkAQAEAlAAAFABACQBQAACGBOivAAC8SoAOLAF0VwIAeAigtxIAwOsALlECAFAAACUAAAUAUAIAUAAAJQAABQBQAgBQAAAlAAAFAFACAFAAACUAAAUAUAIAUAAAJQAABQBQAgBQAAAlAEABAFACABQAgLsEaNA+gN96SYDmrAF0VwIA2AXQTgkAQAEAlAAAFABACQBAAQCUAAAFAEAJAFAAAJQAAAUAYJsAZ6UAABYCA1gCDN4EAvAKECgBACgAgBIAgAIAKAEAKACAEgCAAgAoAQAoAIBtQAD7AHpZCAxgBxAoAQCWAANKAIACAKAEACgAAEoAgAIAMCbARSkAgG1AAHYAgW1AAHYAgRIAgAIAKAEAKACAEgCAAgAYBQRYFQCgxm1AAEYAQQkAwA4gUAIAUAAAJQAABQCwEBhgCqDIUUAAI4BgGxCAHUCgBACgAABKAAAKAGAUEMAIIBgFBDACCEoAgAIAoAQAKAAAtgEBdgABRgEBI4CAUUDACCCgBAAoAACDHCBQvFUBABoYBQQwAghGAQGMAIISAIACAMgBAiwBVDMKCGAEEJQAAIwAghIAgAIAyAECSACCUUAAI4CgBAAoAABygIARQEAOEJAABJQAACOAgFcBAa8AAnKAgAQgYBQQMAIIjAnQZAEAkAMEJAABo4CAEUDgMQGaLAAAcoCABCBgFBCQAAS2CfC3FABADhBAAhCMAgJIAIInAQA8AgBygAASgGAUEEACEOQAAaYA/pMcICABCCgBAEYAATlAQAIQkAMEJACBMQEuQAIQ5AABJABBDhBAAhDkAAEJQEAOEJAABOQAAQlAQA4QkAAE5AABCUBADhCQAATkAAEJQEATAJAABOQAAQlAYNAEAK5olQCEm5ADBCQAATlAQAIQ5AABrAAAOUAACUDQBADQAAA5QAAJQNAEANAAADlAAAlA0AQA2Adwe3KAgAQgMCZAI48AAXKAgAQg4FEgwCNAgBwgYAUAsE2AC1kC6GsZAIAVAKAJAFgBAFgGAFgBAGgCABoAgGUAgBUAgCYAoAEAyAECVgAAmgCABgBgIzAgAQhoAgAaAICNwIAdwIBlAIAGAPCYALXuAAYsAwCsAAA0AQANAMAyAMAKAEATANAAAMYEONkUQHVNAAANANAEANAAABuBAewABk0AAA0A8CwgwGoFAFyAJgCgAQBoAgAaAIAmAKABAGgCABoAgCYAoAEAaAIAHgEENAEADQBgmwD/aAmgdkMCnKcBAGgCABoAgCYAoAEAmAQANAAATQBAAwCwDgjQAAA0AQBvAACaAIAGAKAJAHgDANAEADQAAE0AQAMA0AQANAAATQBAAwAYE+C3pgCaoAkAaAAAmgDAb6wBtEITANAAAB4ToIMGAKAJAGgAAEMC/JQJQOivCQCwD6Bp2wT4wRJAMTQBAA0AwKtAgDeAAAsBAROAgFeBAG8AARYCAlYAApoAgAYAoAkAWAEIZgEBE4CAhYCAFYCAhYCAFYCAJgCgAQBYCAhYAQiYBQRMAAJmAQETgICFgIAVgIBZQMAEIGAWEDABCJgFBEwAAmYBAROAgFlAwAQgYBYQMAEIiAEAAgCAGABgAhAwCwiYAAQGMQDozqoBAFgJDFYAA1YCA30GAAAxAEAAABADAEwAAmYBASuAASuBASuAASuBASuAASuBAQEAQAwAEAAAxAAAAQBADAAQAADEAAABAEAMABAAAMQAAAEAQAwAEAAAxAAAAQBADAAQAADEAEAAAEAMAAQAAAY3AOgwAAAwJtCcKQD+4DGBxuwD4I+2CTRlCYDeYgDAKgAAtBEDAAQAADEAQAAAEAMABAAA+4DABiAAzwKBDUAAngUCTwABeBYIPAEECAICAoCAfUCADUCAfUCADUCAfUCADUCAICAgAAjYBwTYAAQIAgICgIAgICAACAgCAgKAgCAgYAMQIAgICAACgoCAACAgCAgIAAKCgCAACCAICDYAAggCggAggCAgCAACCAKCACDAXQIV2AXAiYwCgAAgwDaBDjYAAwgCggAgwJBA0Zz/QOGjAIABAEAQELABGLATGDAAABgFAAwAAEYBAAMAgFEAwAAAYBQADAAAGAUAAwAARgHAAACAUQAwAABgFAAMAAC4AYDzH8AoABgAALhLoAi7AGh9GBAwAAgYBgQMAACGAcH5D2AUAAwAALgBgPMfwDAgGAAEcAMAA4AAhgHBACCAYUDwAiCAYUAwAAhgFABuYA2ALoYBAQOAgBsAOP8BDAOCBQAAbgDg/AewDgAsAABwAwDnP4CFQGABAICFQOD8B7AQCCwAArAOACwAAHADAOc/wJDAuVkAAFgIBM5/ADcAcP4DWAgEFgABuAGA8x/ADQCc/wBWAoIFgABuAOD8B3ADAOc/gGcBwAMAAJYCgwXAAG4A4PwHcAMA5z9gKTBgATDgBgA4/wE3AMD5D7gBAM5/wA0A2AXAhXkYCDwABOAGAM5/ADcAcP4DuAGA8x/ADQCc/wBuAOD8B9gm8I+WAKiWGwA4/wE3AMD5D7gBAM5/wA0AcP4DbgDg/AdwAwDnP4AbADj/AdwAwPkP4AYAzn8ANwBw/gO4AYDzH8ANAJz/AG4A4PwHcAMA5z+AGwA4/wHcAMD5D+AGAM5/ADcAcP4DuAGA8x/gMYGPDgHQ2w0A2AdAhdwAwPkP4AYAzn8ANwBw/gO4AYDzH2BM6NoUAA1xAwDnP4AbADj/AdwAwPkPMLwkdGh1/gPdcQOA9SEA3ADA+Q/QncHjgHRmcf4D9PM8MHj+F8ANAOc/AM8J9fL8P4CHAcD6fwA3AHD+A1gKiPV/ALgB4PwHYLQSCOt/ASwFBOv/ACwFBOv/AKwEAut/AOpiJRDW/wBgIQDG/wHYJDTmKQC4+EIAMP4PYCEAGP8HsBAAjP8DGAcE438AxgHB+B+AcUAw/gdgGADE/wEMA4D4P4BhABD/BzAMgPg/AIYBEP8HwDAA4v8AGAZA/B8AUUDE/wAYRAGpyuL8B/hfooCI/wGwSajEUwBQRxQQxP8ARAFB/A/AVkCw/Q/ATiCw/QdAEAC0/wEEAdD+B0AQAO1/AAQB0P4HQBAA7X8ABAHQ/gdAEADtfwAEAdD+B2DUBqAQq/Y/wBUN2gD0+PY/AM8Jzbz9D4B5QEz/AWAeENN/AGgDoPwPwCbhRp4CgKrbAKD8D6ANAMr/ANoAoPwPoA0Ayv8A2gAo/wOgDYDyPwDeBsDufwC0AVD+B8ATwXj6FwBtAJT/AZAFRPoPACsBMPwPgCwg0n8AyAIi/QeALCBntgQAsoBI/wFgIBDDfwAoAuDzHwBFAHz+A2AgEMN/ABgIxPAfAIoA+PwHQBEAn/8AKALg8x8ARQD+ns9/AEUA8PkPoAgAPv8BLAaEOQAonsWAWP0HgCIANv8DoAiAz38ANsKA/Mbq8x/gLEwEYvYPABOBmP0DQBgQs38ACAMi/AeAMCDCfwAIAyL8B4A+AKr/AOgDYPMfAPoAqP4DoA+A6j8A+gDI/gMwJ1Wz+QcAfQBU/wHwPgD2/gPgfQCM/gFgJNDoHwAMrgBdOGj+A/CtURqweYvmPwDn3gqAyX8ApAGR/QPAYiAs/gFAGhDZPwBcAXD8A2AgANF/AFwBcPwD4IUATP4BYC0Ajn8AXAFw/APgCuD4BwBXAMc/ALgCOP4BwBXA8Q8ArgCOfwDYWA3U1PEPALYD2voHAK4Ajn8A8FKgF/8AYJiT4syOfwAuzhWgMHMAwGlMBQr+A4A8oOQfAMgDSv4BwKwTcEOr1j8Ave0HZNH6B+AKdALU/gFAJ0DtHwBGZYCrOcj9A3AqZQA7fwBAGUDwDwCUAXT+AUAZQOcfAJQBfPwDgCeDPfULAButgLM4yP0BUJnZmuATLUr/ANRCHEDjHwAGd4D/sWr8A1C7USTwH81m/gBo5w6A0x8AdwCc/gDIA7A6/QGonjuA1B8A2A9g3h8ANgIBn812/QHQOs0AhX8AmLsuBBwU/gHo1tBnImDx6Q+AFQF9dQNWXX8AaDkWKPIHACIBs6Y/APyqEvDSY9kfABjbCgYuVvwCwF8a2ugHzNL+APCvxppvAQcf/gDw/zb13QIOOv4AcKZawEsdYT/f/QBw9jnB54I/+035AcAl44Gl9QRmUT8AuJJNAeWAw6zZDwC3CQfcIB2wzlr9AFDIReDynYG50IMfAJjfeT5nnf+dAABqCgy+t/2Xzb3v+dYHAAAAAAAAAAAAAAAAAAAAAAAAAAAAAAAAAAAAAAAAAAAAAAAAAAAAAAAAAAAAAAAAAAAAAAAAAAAAAAAAAAAAAAAAAAAAAAAAAAAAAAAAAAAAAAAAAAAAAAAAAAAAAAAAAAAAAAAAAAAAAAAAAAAAAAAAAAAAAAAAAAAAAAAAAAAAAAAAAAAAAAAAAAAAAAAAAAAAAAAAAAAAAAAAAAAAAAAAAAAAAAAAAAAAAAAAAAAAAAAAAAAAAAAAAAAAAAAAAAAAAAAAAAAAAAAAAAAAAAAAAAAAAAAAAAAAAAAAAAAAAAAAAAAAAAAAAAAAAAAAAAAAAAAAAAAAAAAAAAAAAAAAAAAAAAAAAAAAAAAAAAAAAAAAAAAAAAAAAAAAAAAAAAAAAAAAAAAAAAAAAAAAAAAAAAAAAAAAAAAAAAAAAAAAAAAAAAAAAAAAAAAAAAAAAAAAAAAAAAAAAAAAAAAAAAAAAAAAAAAAAAAAAAAAAAAAAAAAAAAAAAAAAAAAAAAAAAAAAAAAAAAAAAAAAAAAAAAAAAAAAAAAAAAAAAAAAAAAAAAAAAAAAAAAAAAAAAAAAAAAAAAAAAAAAAAAAAAAAAAAAAAAAAAAAAAAAAAAAAAAAAAAAAAAAAAAAAAAAAAAAAAAAAAAAAAAAAAAuL43PCxif6uSLAwAAAAASUVORK5CYII=');
INSERT INTO `apps` (`id`, `name`, `url`, `description`, `icon`) VALUES
(25, 'ATG Photo Album', 'http://172.18.121.15', 'ATG Photo Album', 'data:image/png;base64,iVBORw0KGgoAAAANSUhEUgAAAMgAAADICAYAAACtWK6eAAAiD0lEQVR4nOydCVhTV9rH3wuEhLAqAZQloF1MiEutG0oQtNXaTRRELdpF6TLaVtt+rUvrrh2t7XScTtV26tq6I4pWp9W6Ay64W1bHyq4IAQKBEJKQ8z2gdhi8uQRI7rkXzu955pl67819/2j+nHvPec/72gGBQDALMQiBwAAxCIHAADEIgcAAMQiBwAAxCIHAADEIgcAAMQiBwAAxCIHAADEIgcAAMQiBwAAxCIHAADEIgcAAMQiBwAAxCIHAADEIgcAAMQiBwAAxCIHAADEIgcAAMQiBwAAxCIHAADEIgcAAMQiBwIADbgGdmRhXV7FM5OCLANzg/v8eYqQAyimwK9+rrirJMBhMGGV2aijcAjo6Q5yEXfwdHPpOcHXugyjoHePq8riJQv4UQPdmpjCHEQGoKICCzFp9brrBcCtTb8jO0OmvXajVpRUa6+tZ+DE6LcQgNmC4s5PHDA+3qVFu4ikUwCAAsLdRqBIKwcGlZerNK0orztooRqeGGMRKRLuIe0S7u4wPcRK+7C9wCLOhKcxRfEGr23+0pvbQJnX18SKjsY7l+B0SYpB2Eu3qHLDL13sZsoNXMZjCHLnLVeoPlpdWHMAthO8Qg7QRuaOg6/fdJLNCnEUfA4Azbj10FBqMqWvKKxd/U171K24tfIUYpA3s9PWOjHZ33gYALri1WAIFsKvv7cIZmXUGNW4tfIMrjwS8YIiTsNthafd14c6i5QAgwq2nFfSe4eEWBQAFZ7S6bNxi+AQZQSxkocQjaqGXxzcAlB9uLe2hyGDY+ULBvemZdQYdbi18gBjEAhZKPCYs9OoSj1uH1UCQ9dTtwpAMvaEStxSuQ1JNWqDRHJIuG3DrsCoUyA5Ju+2RCwV8ekzEAhlBGFggcR+2yKtrCm4dtoJC6JAgK/dl3Dq4DHlJN4Ofg714v7/PQaAob9xabAZFPRksFKgTNNoLuKVwFfKIZYbVPl3fAopS4NZha6LdXD4f7izywK2Dq5BHLBrkQoHHtR5+NyiKCsCthRVM6GjPWwVjCuvrEW4pXIOMIDR8081zcacxRwN21OhpHq7DccvgIsQgzRgiEvqEi53ewq2DbUa5Ok3DrYGLEIM04wOJ21Su5lbZkhAn0aQhQqEl+1M6FcQgzYh2cx6NWwMmRKOdnZS4RXANYpAmBIsEdoCogbh14ELuJBiCWwPXIAZpQpSLSzAAdMWtAxfBjsIOP63dWohBmkABCsGtASdykUCGWwPXIAZpQphY9BhuDTihAHxxa+AaxCBNiBA7dZ61D3rccQvgGsQgTbFDnW56txl2iyUSknbSBGKQpiAgNaYI/wMxSBOeySueml6nX4NbB05OVVdX49bAJUiyIg1RruKg2V3dZ4aIRTOpzrWqrnfMzBHiFsElOoxBfN08qUG+wT4AqOk6hjqrLK84u7SgTbVthzgJvWZ3dXtjgqvzh0BR3a2nlrPccczMsWjPfYwSAgFA6u8J3kOD71d3Sc8DQ0Y+qACg8Fwm/FFYBrwvXsdrg8wNf0XSq2vQ5EiZMhIABpupdWsEgCsp+WknUvJu/PxF8vZWl+iUOwo8bjzu9yVC1JvWUc5NEMANYWZOP3PnF78Cg5bEwntAwQsAIGnhdjXpeRAfnwwblu4E3u7K5J1BBvrKPGeGjJs00Fc+0c9VomzDrsibBzKTjlwsykpYfzHxdGs+OKuLm3J6F9dFwULHUa2MyQ8QOuqYlfsc7amf4RBQ8GIb75wdnwR7vj4AW89nwR/tE8kuvDFIL68Auy9HvzstVNrnKwCw1lRk7oGs5HnT96/c3ZoP7fD1enWCu8u/eFYbq0X2VtVsjC0qoR0l0SEotWDUaAn9qRuw6N3v4OuMfDC0816swIs96XOVU8KXP/PmToV3j5lW/lJ6yCTSCXPCprzhKhQL7mhUGWXayhbrRSVotDfS6/TbQ5xEPm72dn2sqAcrGXWGgwmamkdG1ZhQcI8Jg2VWCGEf5APPjh0CL7qJIfv075BnhXvaFM6PIGffXvtxL8+gL1kKp0vMTJoXl7jqH5Z+4HpPv4/lQke29NmUZaUVr61QqX9qfjwmFJ7eMx8uWzteeh78X+934Wtr39eacHodZNP4+Yt7eQZ9wWJI0Th52BrV/MM5K555M87XVdLiCNvvdtFXy0orBhcYjEnsSLQdGXWG/9Ad9/dqnLGyOopA+HLPXJhvi3tbC04+YjW8b9z8YPsOmSTwPRyjHAXgMchPPnZkzwEh2ar8YwWVJYyLZ2e0uju/VdduCxYKXIMcBbzNCN5XVT03Q2+obX78o0iIVATCszYISSkC4ZmIPiDaehyO2+D+7YZzBmkwR/zEFT+6CZ1jcWuRiN0fe6Xvs2/LJIHCLFX+dab3E1W9yfRTZfURN3vqcohIGA4UxavtqwigOLaodAXduQ/HwfQAL+hvq9hBPqBUSEEYn8w9k3DqHcTXVeIWP2nZPplX4DO4tdCgTsxMWrY6ece32ap8xhkYuaNA8L2v5K8hTqIPufhLiI5CvWFfzz8Ko+nOoZ/hGlBgdn3EWqTnw64xC+ENLi0wcuodJH7y8q84ao4GPMbJw74++9b6G5Ey5RNMF2bqDYbhuXc/OV1b+xwC4EVPjvM6/Q264+F9QAQUyNnQoJDC5F+XwTw2YlkKZwyyadz8d2QSKR9Kz8g2jp+fvGnc/Nm+rhIx04WjcouPxxbeG4kQusaevLZxvlZ3he54RG8IAwBHtnQoAuGTxbHAmYVYThhkjjJ2WKRc+R1f+rZTAN6RcuWa39/fcriXRCpgujZBo706urB4UEadPoE9ha2nyGC8SHc8ok9jWgmbOC+JhYMxodzY3YjdIA1fsKn9nvsbbh1tAlER8ZOWn52jjB3EdNnpap3xpfziqQUGw072xLUCBNcSNNpiulMRfQBH9XfR396EVRjiPgJ2g6wePXORn5uEt1Ojfm6SgXPDpqRuGjefMZGx0Five+xWYezpmlramSKcnNHW7qU7HhMKgUABln36AV7w6snP25z7ZTWwGmTGoHEDlYF95uDUYC0i5cr1KW+t3zDQr5cn03Wj8osX7q2qjgMAPXvqGDGtV2toR7YQGWCtkxXRFzaEyKAbTg1YDTL1qdGL2HwBtDEOMok07sirX58IlfZh/EeNLSrddLq2djQChH2GCyG4mVBVc5vuXIAEhrKvqAkUdPsoEmbilIDNIGPloU/IJIHP44pvMyjoe3DKqusrnnmT8dl9VG7x6djCkucRQiXsiXuUC7U6syn/MWGAvRRpTBi8M2EYvlEEm0Hmhk6dzZdZqzbgPWPw+L0HYlfOZrooQaM9Pyq/uB8AusmetP/laE3tSbrj4b0btxTYbPW8FXjHz4OVuIJjMUgvidRD5iV9BUdsFnFUBvZd8+trX61hmgo+o9UVTy4sGYNprUT/W03tKboTM1+CaZzJArCDV2NC4Uk8oTGwadz87ztLDdxBfvLZZ99cf2msTDnA3DX7NNqcp24XDS4wGLazqS2jTr/jQm3dvebH/SVgPzEU/o9NLS1g/+E4mIUjMOsGiZQpe8q8pBPZjosVCvpuHj//370kUh9zl2TqDYaXC++9BhQ6z5asBE3Nd3THh8qgH1BgUfEGthgqh8nBAex/X1kPOFam7OiPVubwPvvWupNzlVPMJv1l6Aym2KKSaFZMglDm8lI1bXfbGCVwsUeK53NPs6+LdYOMk4dNYDsmd6Dkc8Jiz89hMMneSu2dUfnFYbY2yV6N9oC5czFKoC3cgJu4URDJdkxWDTJWFtoLAHqzGZODiOaExR6eo4wdae6C09U64+SCksm2fHG/oNX9Snd8grIxB2qYreK2B0UgPM/2YxarweIGvPiXDjy1azEUgN/csCnH5yinmF0H2qfR5j2bXzwUAaJNQ28nuf+oqKJd/3j3BXifs4u3FATGhDVmF7MGawbxdZUIldJ+2HcJcom5YbHb5iqnmH3kTNLqdLGFJTGAUJE14+6tqqZNBPT3BFFEX5huzVjWJiYU3mAzHmsGGeQn69PwospWPJ7QdU5YbPwcZexL5i5I0GhvPptfrLTiirv6+wrNVroTcc817jvn9L+RIhAmB0uBcYuBNWHNIGPloaFsxeIbc8OmbJ2rnGJ238UZrS53Tkn5FGskOJ6v1e09rdXR7q1/rj/7L8FtQKSQwlNsBWNxBJEPZysWD2kYSQ5uHDfvdXMX/KO86tiy0oqhgJCqPYH2VdV8T3c8pBe4DJXDpPbcmy1ilMDad4k1g/i5enEhr4eTIEB/AGVan63Kv8N03QqV+soylfq9dgQ6v6a86hLdqecGwPMA4Nrme7NIcIDtC0g8hJUZpUiZ0gPANsXH+AhCKPNgdvLpoqrSpItF2ecv3cnMuVNVhiz57AqVene0m7NMIXRc1NpfcMtVFWbTR+JGw+TW3AsnCimw1o2XFYP08pKG4t57wgFqssry1iZmpPzwZfL2W+25Uf/bRUuv9fCTBYscLf9SI5S6XKWmbf0Q3hs8AiRgdqKAc1DwOFuhWDGIzCugUy4OIoCSi4WZ/z6RcyXxZM7lk5eKsqusde937qo+TArqHm5pY581FVWbzZ1bOxOWcnbtg54ui18B36U7gfGR1Bqw84jVK6xTGQQBunUwK2npxquHdqXkphttEeOCrq54mUr98SKvLpZkAOs2V2h20Z2ICYWuCim8bX2FNuZ+ra6OYRBA1JPcquFoE+5lleXu/enqb3u+u5h4ho2AWyo1Oye4OQ8LFjq+y3Td3sqaeZl6A+323hA5vM7TPic92AjCjkEokLISBwMNj1Ep+Te+mXNk3d+zVQVaNmMXGurRU7eL3quTB4VQQNHuN0GAimLvlJht5/BRJLxmU5E2IkIBgUtZiMNWXpQXS3HYA8HNA9lJW9el7l93qSgba/GFOffKZ3zp45lM9x6RqtX9YO5zu+dBJFDsLbpZk4h+7e52ZRE2N0ikLEzMma2b1kGdmHnmg7jEL2jTNXDwj/Kqiy+5iD8Nd3b6qtkp/T/Kq2gNEiwFwUQl8LcnPLrfWdfWdPrMWktBCKWvv5i4btv1I1vYfpSyhNklZX8/5N/tBX+Bw59p9IUGQ+JejZb2RTZudOO0bhCrIq0JRQzCBUxAmU5+9tvGL767mPgbbjFMZOgMpk9Kyt7c6edzEQA8G0aPVwpLPzV3fYySW1XUWw2CFntJWgPbG4Qy1ds8hm1QH8g+HT193+oTuIVYSkKVNudM19rZw52ctp2u0a27oKujbbm8OBYiAySNfeX5TMcwyIHMlDoY1/jD8GIqEQFSH8hMXrs+NfG7S3eyCnHraS3P5hZvv/14gHJ2sWoR3fkQGXRZEgtr2VdmXdLzgbbYtrVhK/2DlR+mvSCETsUlrlTEJa5aYKk5xL3H95Quq90pVkQF216hZfS8VTAjQ2/Q0J37aFzjtC6nKpa0hfgUyGUjDivvIAihLIqiuPxCeGNd6r5lC49vtLiHR4MhXIfNmimUDolrGB0RIC7VkaIlWAqCGCW0PRuYSyCg7chrbVgxiJ0dpCEEY9iI1VqyynKXh/7rXdrHETpEQWGiLi+vWS/wDv6frZ8U2JXZRKAVWfsX+AiAvUQ/m4LAFnv1H4GVBJA5yilRc8NiOdVhqaiq9Ni2G0fmrk7aSdt6rDliRbSP67D3ZwilQ2YDNNatbYo+f6GT0DZKrUOIDB479xVk8CwpkR4ERdTL4M9GKHamee3qWclNspCa5LwbsyN3zN9o6Qckk7a9Je4dtQ6AMvf3VW49ebZhwyyY0yHMAY0G+Z2tUKy8pK8+s0uFEEpnIxYTRVWl16btXznYUnN4jFk9Qbqs9qq4d/S/GMwBbE05tpUJSuijkMIU3DqsRXwKsFaelbWFwgNZyYfGycMUbMVrCkLo7sHspBULjm384Y5GxdjjvAH3EQvCXAa8vsje3f9ZyyJQ2BvhmCNEBl7x8+AgADjj1mIt4pMbfx5WYM0g2WV5RwHC5rIV7yEIUFbcgZUvHshMoe2i1BRRULhDl5f+vlbgI+ff/ggzfDSusUMTl2cQW0tufApcZSsYa9tgt107mgIA+WzFA4D6i0UZX4b+MLO/JeboMuaLKV7Tf/mjI5mjYfSIUQJjEx++sScZlrAZj7UR5I6mrC6l8PqiUP9+W2wdCyFUdrbwRvTYbZ+abS/2EIGX3Kv7rMs7ACgLH6f4w4ZZ8GmD93HrsCK5k1YBq1nUrBZS+OTX9T8BINvOQFDo/PTEVREtmcPezc/efcRn07vPuny5I5pjcSwMU0jhLdw6rMnXieynyLBqkOzSAtMXSTu+sdX9M0vzfvT860tDD2YlpzFdJwoKE3m/fjDefeSCjQBUQLsDIxMrqdeWEiwFjyWxkNCRXswBQL3xCNAWvbMlrJfi2Xb9yE8AJtq+eO3hYlHG2om7F7VYeNljzOpI77ij2QLv4PFWC05RTla7lxXYMAsWAuDtL25t4pNhWUYB0OaX2RLWDdLwLvLy9vnjAZC1Ehjrk/OufzDmx0/eu6NRMabWSyZum+4W+n4igNX3yLtb+X5tZnEsDBkq6yD5Vv/l2JLtYHZfvS3BUsztbH6ael3q/jgAaG9JnJoDWUlTI3d8yviXJ/Qf3K37+1c2i/tE22qIdrF398O+rThGCYFLYhvXCDrGijkAFJTCOcVMmJRRACYc8bEW40l5c/1imZe0TdN2CKGSyB3zw1Pyf89iuk4UNNzPO+7ICQDbthFW7Z7ioU3bV2nLGC2Rtg72K6QwDqcGq4IgVzETBmcUQCkuCVjLgcbsXrgiuzR/SWtTNRCCoumJq15uyRySidtjveOOpNnaHPc1oeYJjKyStg7mdiRzFJTCMdzmANwGaXhnGLZhxtJp+1cOBwSplnymqKp0f+iGGb0PZiWbvV7oP8Sn+3tXdov7RG2nyby1CRRQrJShoWPPPHhfIQXarlG8A8HdJdvh7WGfwBjc5gDcBnnIwazki56rXhySdX80YSI5Zvei2GxVvtncJ1GPMBeft08eFfjI2e7FjsUgDS/lMUpoXu6HrxyauAqeXroTfihUASdqGWB/sWzKpiuHT2er8nd0d5VQvm6SJymg/tzHXlRVemTMjx+/mK3KN/s4JlZEhXi9mngGKOoJ1kQ/wFhVdFR36xgrm3geEhMKA9bOhEMA4MZmXKuCQJ2eD/Gr4mH2mMWwMqMAqnFLagpnK+aGSvuIpj/94vRIedhiQEgbumFmf6aRQ6yI7imZvO0yW49UzalJS/i/st1Tv2YrXrAUBOnr4BIA9GUrppUpTM+DrRNXwV8zCoBzdcYewlmDPMTX1VPoKnR2YjKHe8Rn/dxHLtgHFPRkV91/0aYlrFbtnvpItrIg2EPk+d3QC7qTd+Nr9uT+YEhX37NGPH8J2A/tBfJgKTypkMKTQMHjMaHwGAD0BKpxkZBLU72VgCDzXBZcLyyFy/EpcC4+BRizHbgC5w3SEo3meGbBedxlhbRpCdtVu6dOpTvX7czzBQ3f6cYmnBTsUC+8ukp3qjjbVlqCpSCKCW3ce9435v5mqccfNJ0JYmGELQYEWQCQvmQnnAWA1PgkuI1rHaO98NogD0aORKDw73dAgE4XLBRH0J3rdvr5I0DB6CaHjACQpjt595DuZPFRQ7r6fH2prsWNXNYgRAbiAEmjSbo+yPR1BgDXGCW4AAInoBr/TDX+d3Mo0AJqNLm2QAW157MaUz+qHmw5rgAEJfEp3N5d2Vp4axD3iAXB7s98dhn3yPEnCOXmLxLT9qzwPfXClyY79DHDp0v0V8t/NNyo+FGz8SZr+60JLcOpWSxLEXjJvTxe+OJnO5EbdwqgUZRYm77vC1ON6pFHCQTIy7G/ZzTDp53tuzsNc3yq6wyXaU9EOQS59BP09pDYiR0MJq2xHNUYLWrwSbA+vCte7aSIetJr8vYkAPDGraUZjmJF1KDKks8faZRJgV1rspf7ikZ07wsAf4H7KzmVAHBDd/LudcrO7mrt8Tu/G3Or04251Zyd+elI8M4gXpO2b+KgOR4yCAAeMYhmy807ztMfK3tQdb21uANAmGhE97CGPwjDfe4fRXCjvqDm19rjd1IpO7tzmo03bd6vrzPCm3cQezc/e+/XD34r8A7+C24t5kHb8xeKzc1kpT4wkI1CgxoouG3MrS4y5mhyAKDQpKor0v9ekQ8A9yg76l7tibtW67JrDjtvkb2jwqMrIPC183Z6wlHh3vBe9phohO/jAEhhzKk+U/7JxVhTiY4TK+UtwRuDuI34LMZj5II9uHW0wK38hU60q/geS/tvFo3o9gb7kpqAQAcU5AOCO0BBMdjZqao3Zt8DBBVAQXVj+SIE9zOSKdTwZ2OTz4oeTIiIgUJOgBpTazxEz/h5OgSKuwOC7kCBH6DGdRjGNZjqTf95tXrLrW22/4HbDy8esQRecoHHiAXLceuwgB6OAYPd9AWpNL+pkc3WPSyGavyCPwnUg+xmkwlcplkpK4dq9v8MuEx/fKnuVPE+PrxHcSJZsSW6vLxmNVDQC7cOC7B3cPOX052oz6nJZF8OV6F6un0Y/AVuFZbAeYM4Bgx+TNRj+EzcOizFUTqYtk+IIVfDaiIj13Hs7zlDFN7N5vt02gvnDeI2bNYkjuUVMeLg5k9bXlV3qjjnwaoz4T72opHdXsEtoiU4bxAnRXQMbg2twTFgSB+zJ1msSs4HRBHdI3FraAlOG0SsiPKheNbo3sHd36xe3am7FvUi6TRQ0F8U3s0HtwwmOG0Qx4DB4bg1tAFv94gFMroT9SW6y+zL4TaOvbuE4dbABKcN4uDuPwS3hrYg7h1N+2xtSFNbvWAe37HzFnK6HTWnDSLwDmZ966w1EPj0Gkt3XHe6OA8QO91Z+YJDkAu2TW6WwGmDOHjJOf18ah6qjzg4mrb0Z31uDdezAVjFIciVq3l1jXDaIBSF+FqMwF7gLR9Id6L25J149uVwGlfcApjgtEGgSVUTviHwkQ2jO1538t4VACCZt/+F03uSOG4QqMEtoK2Ie0eF0h035GlMxhxNMvuKOArF7X9jThsEIeBsc8wWQTBA4CUX052qS1W12Pmqs0A9zB7mKJw2iLEkvQi3hjZDUc7i3lG0PUgM6erf2BfETWpP3S3ErYEJThtEX5r1B24N7cF95Ge0m6cM6epbAMBYeLvTgAD/NgAGuG2Q/AvncGtoH9QYJ0X0I5VO6kt1qO5EcccoNt1OdKeKH9mizCU4bZD6qiKLKr5zGWdF1HC647X7C7Z3+uxeBHpjTjWn0284bRBt+r57gOA6bh3twVE65Dm647rrKqOpRHeUfUXcob609qwxr5rTheY4bRBoNEnCL7g1tAcHd7/RoqBw2q3N2kMFB9hXxB0MaeqfcWtoCc4bpC7//F7cGtqJp8vgt2k7P9VdVP3WWEihM4JAX7MnNwG3jJbgvEE0575teEbldRasuM/4R6q+w/3ZrHt2iOL7L4A2ob9Wts6Qoc7DraMlOG+QBlS7przb2j6G3IIaKA6Oot1/Xb7kykoAflY+bzMIlWj35X+JW4Yl8MIg2vR9GYaSjIO4dbQHcR/6RUPdqeIMClGdKvVEd6p4q+50MS/y0XhhkAaqL23+a2N/DZ4iVkRPMHeues/tzpMCj6CsZnfuN7hlWApvDKI59+31upzTq3HraDMUDBQrogLoThnTKvc86BnS4dFfLXvXkKHmdHpJUzidatwcfeHlZCfZi6PsRG7+uLW0CUQVa9P3pTQ/bMyr1jqFd3e36+JImyLfUai/V7uzLC5lGW4drYE3I0gDhtJMg/qXObGNbb54iLhP1DsCr2Dav/OKJVcXAaAC9lWxBELXymae53DhcXp4NYJAo0my1IBMx0Q9w6fzUH8XR6/gnJprPz2SHWBS6w0OQS5uDj1cadu48RqESspnp4YYb2sqcEtpLbwaQR5SeWrlde3vCUwtzTiLY4+wT+3d/IR052r25G7k93Q2DQj02t150/TXylW4pbQFvv0G/hNt+r5UYY8wkUOXICVuLa2BosAT1VVdr8tNymh+zlSqqxJFdOtr10VIW76Uj+ivlEerV1w7hFtHW+HlCPKQip9nf1avLvgRt47W4jzgjXfMndMeLlzHrhrboTt5d375hxd4nW/G2xGkAZO2DOluHTvsOvidQQ/6gPMCO5FbT6AgsS4n6V7zc4Z0dZ7L60/0Bgpoq8TzBWOOZk/57NQPcOtoL7weQeDBzNbdfz49tl5dsBW3ltbgPmLBFnPvIpWLr70PCN1lX5UVQGAy5mh+KP/4UhxuKdaA1yPIQ0xalUlz7p+J4t5RT9k7e9HWxeUg3cy9ixjzqqsdglwcHHq4PotHWtsx5mhWqN5I/ghpjbzNemhKhzDIQ2qzDv/i9PizTvYuXgP5MDo6dO0ZoPvP8c0mbekjfdD16errzhN7PAcU+OJR12rU1Zv+M6tqbdYapO04fd05/yVqDfVVRVV3vx3wYcW/54wBQJwv+ODg7u8v8JZ70J0zleqqVa8njQaEbrGvrHUYczS/qRddHVy95dYPplJ+dK+1lA41gjxEX5iaU5dz5l+O/gMG2jt7cfblvfLEireqU783uyfbpNbXAsAfjv09p7CrzHKMtzWfq95InmbMrS7HrcUWdEiDNGBU5xtrsw7vcnDzvSfwCX6aWzVgkclQmrm04pd561Edc90G/bXy/4jD/cooD8FooLgz4teX6FK1u3OmqJdc24xbiy3hTZ/09iBWjO8mmbRjJ1DAiTQOQ0nGN3f/OWB2az4j2aJc7NDTdYntVFkIAr3+Wtnqqq8zlhnzqg245diaDjuCNMVQmlVdefLzrXZCtzRhwOCngaK6YpJiNJSmry7ZGrkI1Wla9eXSpZQkiwZ5Gey6OA4FAIHtJJqnvqT2VM3mP8ZX/S19l6lS3yl2QXaKEaQpAi+5oOvLaz4V9hj+CQA4sxnbUJL1/t1/9v+2PfdweePxSJdpT+wCClisfI/Sqzfferd6861OV1O40xnkIcKAwf6uw2a9JlZEvQYU1cu20VCR5uw38yp+mbfNGncTRXTr5fqubJW9jxNttRSrgKC+vrT219rDhVu1hwoPmkp1dTaLxWE6rUEeIvAKthP3Hv+8+8jPFgBQIda+v6E0428VBz+ap8s9bfUdgx5LnnpfNKL7aquOJgiMxjzNOv2Jkr9XbbnZ6dvFdXqDNEWsGC9zDBgyyumJUSMF3sHDAKAN7cFQw7P5VW3a/v3a9IQftWn7bLoJyiHIxdXpRf8JwsGSsQ5BrsOBgta9XyEwAqBMQ3plcu2pu7/oU1XHjbnVWpsJ5hnEIAy4j/xsmCgwYoSwZ+hQAKofAJjZ6osKAeBS5YnPjxlKM/Zr0/ZjqdjhEOgiEI3oFurQwyVcFNF9IADIAcDvzxHmfr+VEqDQzfoc7fXaU3eS6nNqLtSeusvfPiw2hhikFQgDhgjt3fzc0IOXewrAWF9VqKorSO1Ym5wIBALBEjizMksgcBFiEAKBAWIQAoEBYhACgQFiEAKBAWIQAoEBYhACgQFiEAKBAWIQAoEBYhACgQFiEAKBAWIQAoEBYhACgQFiEAKBAWIQAoEBYhACgQFiEAKBAWIQAoEBYhACgQFiEAKBAWIQAoEBYhACgQFiEAKBAWIQAoEBYhACgQFiEAKBAWIQAoEBYhACgYH/DwAA//9S3/m0cbPAmQAAAABJRU5ErkJggg=='),
(26, 'INC Directory', 'https://directory.iglesianicristo.net/', 'INC Directory', 'data:image/svg+xml;base64,PHN2ZyB4bWxucz0iaHR0cDovL3d3dy53My5vcmcvMjAwMC9zdmciIHhtbG5zOnhsaW5rPSJodHRwOi8vd3d3LnczLm9yZy8xOTk5L3hsaW5rIiB2aWV3Qm94PSIwIDAgODUwIDg1MCI+PGRlZnM+PHN0eWxlPi5jbHMtMXtmaWxsOm5vbmU7fS5jbHMtMntmaWxsOiM2MDdkOGI7fS5jbHMtM3tmaWxsOnVybCgjTmV3X0dyYWRpZW50X1N3YXRjaF8yKTt9LmNscy00e2ZpbGw6dXJsKCNOZXdfR3JhZGllbnRfU3dhdGNoXzItMik7fS5jbHMtNXtmaWxsOiNmNWY1ZjU7fS5jbHMtNntmaWxsOiMyMTk2ZjM7fS5jbHMtN3tmaWxsOiNmOWNlMWQ7fS5jbHMtOHtmaWxsOiM4YmMzNGE7fS5jbHMtOXtmaWxsOiM0Y2FmNTA7fS5jbHMtMTB7ZmlsbDojZTBlMGUwO30uY2xzLTExe2ZpbGw6IzllOWU5ZTt9LmNscy0xMntvcGFjaXR5OjAuMjt9LmNscy0xM3tmaWxsOiNmZmY7fTwvc3R5bGU+PGxpbmVhckdyYWRpZW50IGlkPSJOZXdfR3JhZGllbnRfU3dhdGNoXzIiIHgxPSI0MDQuNTEiIHkxPSIyMTYuNTgiIHgyPSI3OTEuMDYiIHkyPSI2MDMuMTMiIGdyYWRpZW50VW5pdHM9InVzZXJTcGFjZU9uVXNlIj48c3RvcCBvZmZzZXQ9IjAiIHN0b3AtY29sb3I9IiM0NTViNjUiLz48c3RvcCBvZmZzZXQ9IjEiIHN0b3AtY29sb3I9IiM2MDdkOGIiIHN0b3Atb3BhY2l0eT0iMCIvPjwvbGluZWFyR3JhZGllbnQ+PGxpbmVhckdyYWRpZW50IGlkPSJOZXdfR3JhZGllbnRfU3dhdGNoXzItMiIgeDE9IjI4My44MiIgeTE9IjM3MS43OSIgeDI9IjY1My4xMSIgeTI9Ijc0MS4wOCIgeGxpbms6aHJlZj0iI05ld19HcmFkaWVudF9Td2F0Y2hfMiIvPjwvZGVmcz48dGl0bGU+aWNvbi1pbmNyZGlyZWN0b3J5PC90aXRsZT48ZyBpZD0iTGF5ZXJfNyIgZGF0YS1uYW1lPSJMYXllciA3Ij48cG9seWxpbmUgY2xhc3M9ImNscy0xIiBwb2ludHM9IjY3OC44OSA1MDcuODEgNjkyLjk3IDUyMC4xNCA2OTMuOSA1MjAuOTYiLz48cG9seWdvbiBjbGFzcz0iY2xzLTIiIHBvaW50cz0iNDI1IDI2LjYzIDc3MCAyMjUuODEgNzcwIDYyNC4xOSA0MjUgODIzLjM3IDgwIDYyNC4xOSA4MCAyMjUuODEgNDI1IDI2LjYzIi8+PHBvbHlnb24gY2xhc3M9ImNscy0zIiBwb2ludHM9Ijc3MCA1MzkuOTUgNzcwIDYyNC4xOSA0MjUuMDQgMjU4LjIyIDQyNC43MiAxOTYuMzcgNzcwIDUzOS45NSIvPjxwb2x5Z29uIGNsYXNzPSJjbHMtNCIgcG9pbnRzPSI1NzcuNTkgMzY0LjkgNzcwIDU1Ni40NSA3NzAgNjI0LjE5IDQzMi42NSA4MTkuMTIgMTMzLjA2IDUyMi41NSA1NzcuNTkgMzY0LjkiLz48cGF0aCBjbGFzcz0iY2xzLTUiIGQ9Ik0zNjEuNjMsNTIzLjQzYy0xMC43LTM2LjU4LTIxMS43Ni04LjU4LTIyOC41Ny0uODlsMTUuODYtMTIuNi40NC0uNjFjMTEuMjUtMTAsMjM2LjU4LTk3LjgzLDI2My4xNi0xMC4yOFoiLz48cGF0aCBjbGFzcz0iY2xzLTUiIGQ9Ik02NzkuNTIsNTA5Ljk1LDY5NCw1MjIuNmMtMTUuNDItNy44Ni0yMTIuMDgtMzkuMTQtMjI5LjcyLjQxbC0uMTcuMzUtNTEuNDItMjQuMjN2LS41MmMyNy4yNC04Ni44NSwyNTUuMjguODMsMjY2LjQzLDEwLjc1WiIvPjxsaW5lIGNsYXNzPSJjbHMtMSIgeDE9IjExMS4yOCIgeTE9IjUzNC4zMiIgeDI9IjIzMS45IiB5Mj0iMzczLjkzIi8+PHBhdGggY2xhc3M9ImNscy0xIiBkPSJNMTMxLjk0LDUyMy40M2MwLS4yNS4zOC0uNTUsMS4xMi0uODksMTYuODEtNy43LDIxNy44Ny0zNS43LDIyOC41Ny44OSIvPjxwYXRoIGNsYXNzPSJjbHMtMSIgZD0iTTE0OC45Miw1MDkuOTVjMC0uMTUuMTUtLjM1LjQ0LS42MSwxMS4yNS0xMCwyMzYuNTgtOTcuODMsMjYzLjE2LTEwLjI4Ii8+PHBhdGggY2xhc3M9ImNscy0xIiBkPSJNMjUzLjUzLDM2My4zNmMwLTYsMTM1LjQtNjUuNTksMTU5LjA2LDQuNmwuMDcuMjEiLz48bGluZSBjbGFzcz0iY2xzLTEiIHgxPSI3MTQuNTkiIHkxPSI1MzMuODkiIHgyPSI1OTMuOTgiIHkyPSIzNzMuNTEiLz48cGF0aCBjbGFzcz0iY2xzLTEiIGQ9Ik02OTQuOTIsNTIzLjQzYzAtLjI0LS4zMy0uNTItMS0uODQtMTUuNDItNy44Ni0yMTIuMDgtMzkuMTQtMjI5LjcyLjQxIi8+PHBhdGggY2xhc3M9ImNscy0xIiBkPSJNNjc5LjUyLDUwOS45NWMwLS4xNS0uMTQtLjM1LS40Mi0uNTktMTEuMTUtOS45Mi0yMzkuMTktOTcuNi0yNjYuNDMtMTAuNzUtLjA1LjE1LS4xLjMtLjE1LjQ1Ii8+PHBhdGggY2xhc3M9ImNscy0xIiBkPSJNNTc2LjczLDM2NC44OWMwLTYtMTQwLjA3LTY3LjY4LTE2My41MiwyLjg1Ii8+PGxpbmUgY2xhc3M9ImNscy0xIiB4MT0iNDEyLjUyIiB5MT0iNDk5LjA2IiB4Mj0iMzYxLjYzIiB5Mj0iNTIzLjQzIi8+PHBvbHlsaW5lIGNsYXNzPSJjbHMtMSIgcG9pbnRzPSI0NjQuMjUgNTIzLjQzIDQ2NC4wOCA1MjMuMzYgNDEyLjY2IDQ5OS4xMyA0MTIuNTIgNDk5LjA2Ii8+PHBvbHlsaW5lIGNsYXNzPSJjbHMtMSIgcG9pbnRzPSIxNDguOTIgNTA5Ljk1IDE0OS4zNSA1MDkuMzMgMjQ5LjU5IDM2OC44NyAyNTMuNTMgMzYzLjM2Ii8+PGxpbmUgY2xhc3M9ImNscy0xIiB4MT0iMjMxLjkiIHkxPSIzNzMuOTMiIHgyPSIyNDkuNTkiIHkyPSIzNjguODciLz48bGluZSBjbGFzcz0iY2xzLTEiIHgxPSI1ODAuODkiIHkxPSIzNzAuNzciIHgyPSI1NzYuNzMiIHkyPSIzNjQuODkiLz48cG9seWxpbmUgY2xhc3M9ImNscy0xIiBwb2ludHM9IjY3OS41MiA1MDkuOTUgNjc5LjEgNTA5LjM1IDU4MC45IDM3MC43NyIvPjxwb2x5bGluZSBjbGFzcz0iY2xzLTEiIHBvaW50cz0iNTkzLjk4IDM3My41MSA1ODAuOSAzNzAuNzcgNTgwLjg5IDM3MC43NyIvPjxwb2x5bGluZSBjbGFzcz0iY2xzLTEiIHBvaW50cz0iMTQ4LjkyIDUwOS45NSAxMzMuMDYgNTIyLjU1IDEzMS45NCA1MjMuNDMiLz48cG9seWxpbmUgY2xhc3M9ImNscy0xIiBwb2ludHM9IjY3OS41MiA1MDkuOTUgNjkzLjk2IDUyMi42IDY5NC45MiA1MjMuNDMiLz48bGluZSBjbGFzcz0iY2xzLTEiIHgxPSIxMTEuMjgiIHkxPSI1MzQuMzIiIHgyPSIzNjEuNjMiIHkyPSI1MjMuNDMiLz48bGluZSBjbGFzcz0iY2xzLTEiIHgxPSI0NjQuMjUiIHkxPSI1MjMuMDEiIHgyPSI3MTQuNTkiIHkyPSI1MzMuODkiLz48cGF0aCBjbGFzcz0iY2xzLTYiIGQ9Ik02MzksNDUxLjVsNDEsNTcuODVjLTExLjE1LTkuOTItMjM5LjE5LTk3LjYtMjY2LjQzLTEwLjc1VjQ1NS40MWguNTVjMjIuODMtNjguNjYsMjE0LjM3LTEzLDIyNC40OC00LjVaIi8+PHBhdGggY2xhc3M9ImNscy03IiBkPSJNNjExLjcyLDQxMy4wNmwyNi44MiwzNy44NWMtMTAuMTEtOC41NC0yMDEuNjQtNjQuMTctMjI0LjQ4LDQuNWgtLjU1VjQxNS41N2MyMy4yMy02Ny42MywxODcuMjQtMTIuMywxOTcuNjgtMy4yNVoiLz48cGF0aCBjbGFzcz0iY2xzLTgiIGQ9Ik01NzcuNTgsMzY0LjlsMzMuNjEsNDcuNDNjLTEwLjQ0LTkuMDUtMTc0LjQ1LTY0LjM5LTE5Ny42OCwzLjI1di00Ny40bC0uMDctLjIxLjYyLS4yMUM0MzcuNTIsMjk3LjIyLDU3Ny41OCwzNTguODgsNTc3LjU4LDM2NC45WiIvPjxwYXRoIGNsYXNzPSJjbHMtOSIgZD0iTTQxMy41Miw0MTUuNTd2ODNjLS4wNS4xNS0uMS4zLS4xNS40NS04LjUyLTI4LjA2LTM3LjQ1LTM4LjExLTczLjIyLTM4LjQ4aDBsMjMuMzUtMTI2LjIyYzIyLjc5LDEuNyw0Mi4yNiwxMC44MSw0OS45NCwzMy42MWwuMDcuMjFaIi8+PHBhdGggY2xhc3M9ImNscy0xMCIgZD0iTTIwMi40Niw0MzYuMTJsLjE5LS4yN2M4LjY5LTExLjMyLDgxLjI4LTI5LjEzLDk4LTI4Ljc0bDI2LjU5LTcwLjQzYzEyLjE5LTIuMTQsMjQuNjQtMy4xOSwzNi4yMy0yLjMzTDM0MC4xNSw0NjAuNThoMGMtMTkuNzQtLjIxLTQxLjU2LDIuNTQtNjMuMTgsNi44NGgwbDcuOTMtMTkuNjljLTE2Ljg5LS4zOC0xMDMsMTcuNzEtMTExLjA5LDI5bC0uMjMtLjE3WiIvPjxwYXRoIGNsYXNzPSJjbHMtNiIgZD0iTTMyNy4yOCwzMzYuNjhsLTI2LjU5LDcwLjQzYy0xNi43Ni0uMzgtODkuMzUsMTcuNDItOTgsMjguNzRsNTEuNzMtNzIuNDlDMjU0LjM4LDM2MC4yOSwyODkuNjIsMzQzLjI5LDMyNy4yOCwzMzYuNjhaIi8+PHBhdGggY2xhc3M9ImNscy04IiBkPSJNMTczLjgyLDQ3Ni43NGM4LjEyLTExLjMxLDk0LjItMjkuNDEsMTExLjA5LTI5TDI3Nyw0NjcuNDFoMGMtNjEuMzksMTIuMTktMTIxLjExLDM2Ljg4LTEyNi43Nyw0MS45MWwyMy4zOC0zMi43NVoiLz48cGF0aCBjbGFzcz0iY2xzLTExIiBkPSJNMzk2LDUwM2wtLjkzLTIuNjhhMzYuMTIsMzYuMTIsMCwwLDAtMy42OC03LDM4LDM4LDAsMCwwLTguNTYtOC43OCw1NS40Miw1NS40MiwwLDAsMC0xNC4yMS03LjM0LDk0Ljc5LDk0Ljc5LDAsMCwwLTE4LjUyLTQuNGMtMy4zNS0uNDktNi44Mi0uODUtMTAuMzctMS4wOHMtNy4xOS0uMzgtMTAuODktLjQyYTI5OCwyOTgsMCwwLDAtNDYuMjEsMy42MmMtMzEuMjgsNC42Ny02MS45LDEyLjk0LTg0LjUsMjAuMDktMTEuMzEsMy41Ny0yMC42Myw2Ljg2LTI3LjEzLDkuMjQtMy4yNSwxLjE5LTUuNzksMi4xNC03LjUyLDIuODFsLTIuNjUsMSwyLjY1LTFjMS43My0uNjcsNC4yNy0xLjY0LDcuNTEtMi44NCw2LjQ5LTIuNCwxNS44LTUuNzMsMjcuMDktOS4zNCwyMi41Ny03LjI0LDUzLjE3LTE1LjY0LDg0LjQ3LTIwLjQ0YTI5OC41OCwyOTguNTgsMCwwLDEsNDYuMjktMy44MWMzLjcxLDAsNy4zNi4xMywxMC45My4zOHM3LjA1LjU3LDEwLjQzLDFhOTUuNTcsOTUuNTcsMCwwLDEsMTguNjksNC4zNiw1Ni4yOCw1Ni4yOCwwLDAsMSwxNC40Nyw3LjQsMzguOTMsMzguOTMsMCwwLDEsOC44MSw5QTM3LDM3LDAsMCwxLDM5Niw1MDBsLjk0LDIuNjlaIi8+PHBhdGggY2xhc3M9ImNscy0xMSIgZD0iTTM4Ni41Nyw1MDguMTNsLS4wNi0uNzEtLjA3LS44N2MtLjA2LS4zMy0uMTctLjY5LS4yNi0xLjExYTE3LjkzLDE3LjkzLDAsMCwwLTMuNjEtNi43QTM1LjYxLDM1LjYxLDAsMCwwLDM3My4zLDQ5MWE2NC4zNCw2NC4zNCwwLDAsMC0xNC40OS02LjI1LDExNi4yLDExNi4yLDAsMCwwLTE4LjM0LTMuODljLTEuNjUtLjIxLTMuMzQtLjM2LTUtLjU1cy0zLjQzLS4zMi01LjE4LS40Mi0zLjUxLS4yNS01LjMtLjI5bC01LjQxLS4xMmMtMS44Mi0uMDctMy42NiwwLTUuNTEsMHMtMy43MSwwLTUuNTkuMTJsLTUuNjUuMjktMi44NS4xNS0yLjg1LjI0LTUuNzQuNDljLTEuOTIuMTYtMy44My40My01Ljc2LjYzbC01Ljc4LjY3TDI3NCw0ODNsLTUuNzcuODUtNS43MywxLTUuNzEsMS01LjY1LDEuMTNjLTMuNzUuNzUtNy40OCwxLjQ4LTExLjEzLDIuMzRzLTcuMjksMS42LTEwLjgyLDIuNDlsLTEwLjQyLDIuNmMtMy40Ljg2LTYuNywxLjgxLTkuOTMsMi42OC02LjQ3LDEuNzEtMTIuNTEsMy41Ny0xOC4xMSw1LjIxLTIuOC44MS01LjQ3LDEuNjQtOCwyLjQ1bC03LjIsMi4yOGMtNC41MywxLjQtOC40NCwyLjc1LTExLjY2LDMuODNsLTEwLjE0LDMuNDIsMTAuMTMtMy40NmMzLjIyLTEuMSw3LjEzLTIuNDYsMTEuNjUtMy44OGw3LjE5LTIuMzFjMi41My0uODIsNS4xOS0xLjY3LDgtMi40OSw1LjU5LTEuNjYsMTEuNjMtMy41NSwxOC4wOS01LjI4LDMuMjMtLjg4LDYuNTItMS44NSw5LjkyLTIuNzJsMTAuNDItMi42NWMzLjUzLS45MSw3LjE2LTEuNjcsMTAuODItMi41M3M3LjM4LTEuNjIsMTEuMTMtMi4zOWw1LjY1LTEuMTYsNS43MS0xLDUuNzQtMSw1Ljc3LS44Nyw1Ljc3LS44Niw1Ljc5LS42OWMxLjkzLS4yMiwzLjg0LS40OSw1Ljc3LS42Nmw1Ljc1LS41MSwyLjg2LS4yNSwyLjg1LS4xNiw1LjY2LS4zMWMxLjg4LS4xLDMuNzUtLjA5LDUuNi0uMTRzMy43LS4xMSw1LjUyLDBsNS40My4xYzEuNzksMCwzLjU3LjE5LDUuMzIuMjdzMy40OS4xOSw1LjIuNCwzLjQuMzMsNS4wNy41M0ExMTcsMTE3LDAsMCwxLDM1OS4wNSw0ODRhNjUuMjIsNjUuMjIsMCwwLDEsMTQuNzEsNi4yNywzNi41NSwzNi41NSwwLDAsMSw5LjU0LDcuODksMTguODQsMTguODQsMCwwLDEsMy44NCw3LjA5Yy4xMS40Ny4yMy44OS4yOSwxLjI0bC4wOC44Ny4wNi43MVoiLz48cGF0aCBjbGFzcz0iY2xzLTExIiBkPSJNMzc1LjIsNTExLjMybC0uMS0uNjJhOS42MSw5LjYxLDAsMCwwLS40Mi0xLjY4LDEzLjA1LDEzLjA1LDAsMCwwLTEuMTktMi41NiwxOC4xMSwxOC4xMSwwLDAsMC0yLjM5LTMsMzEuNzcsMzEuNzcsMCwwLDAtOC42NS02LDY4LjQ5LDY4LjQ5LDAsMCwwLTEzLTQuNzcsMTIzLjExLDEyMy4xMSwwLDAsMC0xNi4xNS0zLjA3Yy01Ljc5LS43NS0xMi0xLjE5LTE4LjMzLTEuMzhhMzAyLjM4LDMwMi4zOCwwLDAsMC0zOS45MywxLjcyYy0xMy41NSwxLjQxLTI3LDMuNTQtMzkuNTYsNi02LjI3LDEuMjEtMTIuMzEsMi40OC0xOCwzLjc3cy0xMS4xLDIuNTgtMTYsMy44NGMtOS45MSwyLjUtMTguMTEsNC44LTIzLjg0LDYuNDZsLTksMi42NSw5LTIuNjljNS43Mi0xLjY4LDEzLjkxLTQsMjMuODEtNi41Nyw0Ljk1LTEuMjksMTAuMzMtMi41OSwxNi0zLjkyczExLjc1LTIuNjEsMTgtMy44NmMxMi41NC0yLjQ4LDI2LTQuNjcsMzkuNTctNi4xNGEzMDMsMzAzLDAsMCwxLDQwLTEuOWM2LjQuMTYsMTIuNTguNTgsMTguNCwxLjNhMTIzLjg2LDEyMy44NiwwLDAsMSwxNi4yNywzLDY5LjM1LDY5LjM1LDAsMCwxLDEzLjE4LDQuNzcsMzIuNywzMi43LDAsMCwxLDguOTMsNi4xOSwxOS4wOCwxOS4wOCwwLDAsMSwyLjU0LDMuMiwxNCwxNCwwLDAsMSwxLjMsMi43NSwxMC43OCwxMC43OCwwLDAsMSwuNDcsMS44NGwuMS42MloiLz48cGF0aCBjbGFzcz0iY2xzLTExIiBkPSJNMzY1LjgsNTE2LjA4bC0uNDUtMS42NmExNi45MSwxNi45MSwwLDAsMC0uNzUtMS44Miw3LjY0LDcuNjQsMCwwLDAtLjYzLTEuMDksOS43Niw5Ljc2LDAsMCwwLS44LTEuMTksMjEuNTYsMjEuNTYsMCwwLDAtNS40Ni00LjkyYy0uNjItLjM3LTEuMjEtLjgyLTEuOS0xLjE2bC0yLjA5LTEuMS0yLjI4LTFjLS43OC0uMzUtMS42MS0uNjEtMi40NC0uOTRhNzguMTMsNzguMTMsMCwwLDAtMTEuMTEtM2MtNC0uNzctOC4zLTEuNDEtMTIuNzYtMS44NHMtOS4wOC0uNzItMTMuNzgtLjgxLTkuNDgtLjA5LTE0LjI2LDAtOS41NS4zNy0xNC4yNS43M2MtMi4zNS4xNS00LjY4LjM1LTcsLjU2cy00LjU3LjQzLTYuOC42Ni00LjQyLjQ4LTYuNTYuNzQtNC4yNC41MS02LjI3Ljc5Yy00LjA4LjUyLTcuOTIsMS4xMi0xMS40NywxLjY0cy02Ljc5LDEuMDgtOS42NiwxLjU5LTUuMzguOTMtNy40MywxLjMzbC02LjQ2LDEuMjIsNi40Ni0xLjI2YzIuMDUtLjQxLDQuNTYtLjg0LDcuNDItMS4zN3M2LjEyLTEuMDUsOS42NS0xLjY2LDcuMzgtMS4xNywxMS40Ni0xLjcycTMuMDUtLjQ1LDYuMjctLjg0YzIuMTQtLjI3LDQuMzMtLjU1LDYuNTYtLjc4czQuNS0uNSw2LjgtLjcxLDQuNjMtLjQ0LDctLjYxYzQuNy0uMzksOS40OC0uNjQsMTQuMjYtLjgzczkuNTgtLjIzLDE0LjI5LS4xMyw5LjM1LjM0LDEzLjgzLjcyLDguNzksMSwxMi44NCwxLjc2YTc4LjkzLDc4LjkzLDAsMCwxLDExLjI1LDNjLjg0LjMyLDEuNjkuNTgsMi40OC45M2wyLjMzLDEsMi4xNCwxLjExYy43LjM1LDEuMzIuOCwyLDEuMThhMjIuNDksMjIuNDksMCwwLDEsNS43Miw1LjExLDEwLjYsMTAuNiwwLDAsMSwuODYsMS4yNiw4LjM4LDguMzgsMCwwLDEsLjY4LDEuMTcsMTguMTgsMTguMTgsMCwwLDEsLjgzLDJsLjQ2LDEuNjZaIi8+PHBhdGggY2xhc3M9ImNscy0xMSIgZD0iTTQyNy40MSw1MDEuODFsLjk0LTIuNjlhMzcsMzcsMCwwLDEsMy44My03LjE4LDM4Ljk0LDM4Ljk0LDAsMCwxLDguODEtOSw1Ni4zLDU2LjMsMCwwLDEsMTQuNDctNy40LDk1LjU3LDk1LjU3LDAsMCwxLDE4LjY5LTQuMzZjMy4zNy0uNDgsNi44Ni0uODMsMTAuNDMtMXM3LjIyLS4zNSwxMC45My0uMzhhMjk4LjU5LDI5OC41OSwwLDAsMSw0Ni4yOSwzLjgxYzMxLjMsNC44LDYxLjksMTMuMiw4NC40NywyMC40NCwxMS4zLDMuNjEsMjAuNjEsNi45NCwyNy4wOSw5LjM0LDMuMjQsMS4yLDUuNzgsMi4xNyw3LjUxLDIuODRsMi42NSwxLTIuNjUtMWMtMS43My0uNjYtNC4yNy0xLjYyLTcuNTItMi44MS02LjUtMi4zOC0xNS44Mi01LjY3LTI3LjEzLTkuMjQtMjIuNTktNy4xNS01My4yMS0xNS40Mi04NC41LTIwLjA5YTI5OCwyOTgsMCwwLDAtNDYuMjEtMy42MmMtMy43LDAtNy4zNC4xNi0xMC44OS40MnMtNywuNi0xMC4zNywxLjA4YTk0Ljc5LDk0Ljc5LDAsMCwwLTE4LjUyLDQuNCw1NS40MSw1NS40MSwwLDAsMC0xNC4yMSw3LjM0LDM4LDM4LDAsMCwwLTguNTYsOC43OCwzNi4xNCwzNi4xNCwwLDAsMC0zLjY4LDdsLS45MywyLjY4WiIvPjxwYXRoIGNsYXNzPSJjbHMtMTEiIGQ9Ik00MzYuNzUsNTA3LjE5bC4wNi0uNzEuMDgtLjg3Yy4wNi0uMzUuMTgtLjc3LjI5LTEuMjRhMTguODMsMTguODMsMCwwLDEsMy44NC03LjA5LDM2LjU1LDM2LjU1LDAsMCwxLDkuNTQtNy44OSw2NS4yMiw2NS4yMiwwLDAsMSwxNC43MS02LjI3LDExNy4wNywxMTcuMDcsMCwwLDEsMTguNDktMy44NWMxLjY2LS4yLDMuMzYtLjM1LDUuMDctLjUzczMuNDUtLjMsNS4yLS40LDMuNTMtLjI0LDUuMzItLjI3bDUuNDMtLjFjMS44My0uMDYsMy42NywwLDUuNTIsMHMzLjcyLDAsNS42LjE0bDUuNjYuMzEsMi44NS4xNiwyLjg2LjI1LDUuNzUuNTFjMS45Mi4xNiwzLjg0LjQ0LDUuNzcuNjZsNS43OS42OSw1Ljc3Ljg2LDUuNzcuODgsNS43NCwxLDUuNzEsMSw1LjY1LDEuMTZjMy43NS43Niw3LjQ4LDEuNTEsMTEuMTMsMi4zOXM3LjI4LDEuNjMsMTAuODIsMi41NGwxMC40MiwyLjY1YzMuNC44Nyw2LjcsMS44NCw5LjkyLDIuNzIsNi40NiwxLjczLDEyLjUsMy42MiwxOC4wOSw1LjI4LDIuOC44Miw1LjQ3LDEuNjYsOCwyLjQ5bDcuMTksMi4zMWM0LjUzLDEuNDIsOC40MywyLjc4LDExLjY1LDMuODhsMTAuMTMsMy40Nkw2NjAuNDIsNTEwYy0zLjIzLTEuMDgtNy4xMy0yLjQzLTExLjY2LTMuODNsLTcuMi0yLjI4Yy0yLjUzLS44MS01LjItMS42NS04LTIuNDUtNS42LTEuNjQtMTEuNjQtMy41LTE4LjExLTUuMjEtMy4yMy0uODctNi41My0xLjgyLTkuOTMtMi42OGwtMTAuNDItMi42Yy0zLjU0LS44OS03LjE3LTEuNjQtMTAuODItMi40OXMtNy4zOC0xLjU5LTExLjEzLTIuMzRMNTY3LjQ4LDQ4NWwtNS43MS0xTDU1Niw0ODNsLTUuNzctLjg1LTUuNzctLjg0LTUuNzgtLjY3Yy0xLjkyLS4yMS0zLjg0LS40OC01Ljc2LS42M2wtNS43NC0uNDktMi44NS0uMjQtMi44NS0uMTUtNS42NS0uMjljLTEuODctLjA5LTMuNzQtLjA4LTUuNTktLjEycy0zLjY5LS4xLTUuNTEsMGwtNS40MS4xMmMtMS43OSwwLTMuNTUuMi01LjMuMjlzLTMuNDguMjEtNS4xOC40Mi0zLjM5LjM0LTUsLjU1YTExNi4xOSwxMTYuMTksMCwwLDAtMTguMzQsMy44OUE2NC4zNCw2NC4zNCwwLDAsMCw0NTEsNDkwLjE3YTM1LjYyLDM1LjYyLDAsMCwwLTkuMjcsNy43MSwxNy45MywxNy45MywwLDAsMC0zLjYxLDYuN2MtLjEuNDItLjIuNzctLjI2LDEuMTFsLS4wNy44Ny0uMDYuNzFaIi8+PHBhdGggY2xhc3M9ImNscy0xMSIgZD0iTTQ0OC4xMyw1MTAuMzFsLjEtLjYyYTEwLjc4LDEwLjc4LDAsMCwxLC40Ny0xLjg0LDE0LDE0LDAsMCwxLDEuMy0yLjc1LDE5LjA2LDE5LjA2LDAsMCwxLDIuNTQtMy4yLDMyLjY5LDMyLjY5LDAsMCwxLDguOTMtNi4xOSw2OS4zOSw2OS4zOSwwLDAsMSwxMy4xOC00Ljc3LDEyMy44NywxMjMuODcsMCwwLDEsMTYuMjctM2M1LjgzLS43MiwxMi0xLjE0LDE4LjQtMS4zYTMwMywzMDMsMCwwLDEsNDAsMS45YzEzLjU2LDEuNDcsMjcsMy42NiwzOS41Nyw2LjE0LDYuMjcsMS4yNCwxMi4zMSwyLjU0LDE4LDMuODZzMTEuMDksMi42MywxNiwzLjkyYzkuOSwyLjU0LDE4LjA5LDQuODksMjMuODEsNi41N2w5LDIuNjktOS0yLjY1Yy01LjczLTEuNjYtMTMuOTMtNC0yMy44NC02LjQ2LTUtMS4yNi0xMC4zNC0yLjU0LTE2LTMuODRzLTExLjc1LTIuNTYtMTgtMy43N2MtMTIuNTQtMi40Mi0yNi00LjU1LTM5LjU2LTZhMzAyLjM4LDMwMi4zOCwwLDAsMC0zOS45My0xLjcyYy02LjM4LjE5LTEyLjUzLjYzLTE4LjMzLDEuMzhhMTIzLDEyMywwLDAsMC0xNi4xNSwzLjA3LDY4LjUyLDY4LjUyLDAsMCwwLTEzLDQuNzcsMzEuNzYsMzEuNzYsMCwwLDAtOC42NSw2LDE4LjA5LDE4LjA5LDAsMCwwLTIuMzksMywxMywxMywwLDAsMC0xLjE5LDIuNTYsOS42MSw5LjYxLDAsMCwwLS40MiwxLjY4bC0uMS42MloiLz48cGF0aCBjbGFzcz0iY2xzLTExIiBkPSJNNDU3LjU1LDUxNWwuNDYtMS42NmExOC4xNCwxOC4xNCwwLDAsMSwuODMtMiw4LjM1LDguMzUsMCwwLDEsLjY4LTEuMTcsMTAuNTgsMTAuNTgsMCwwLDEsLjg2LTEuMjYsMjIuNSwyMi41LDAsMCwxLDUuNzItNS4xMWMuNjMtLjM4LDEuMjYtLjgzLDItMS4xOGwyLjE0LTEuMTEsMi4zMy0xYy43OS0uMzUsMS42NC0uNjEsMi40OC0uOTNhNzguODcsNzguODcsMCwwLDEsMTEuMjUtM2M0LjA2LS43NSw4LjM2LTEuMzcsMTIuODQtMS43NnM5LjExLS42NiwxMy44My0uNzIsOS41LDAsMTQuMjkuMTMsOS41Ny40NCwxNC4yNi44M2MyLjM1LjE3LDQuNjguMzgsNywuNjFzNC41Ny40Niw2LjguNzEsNC40Mi41MSw2LjU2Ljc4LDQuMjQuNTQsNi4yNy44NGM0LjA4LjU1LDcuOTEsMS4xNywxMS40NiwxLjcyczYuNzksMS4xMiw5LjY1LDEuNjYsNS4zNywxLDcuNDIsMS4zOEw2MDMuMSw1MDRsLTYuNDYtMS4yMmMtMi4wNS0uNC00LjU2LS44MS03LjQzLTEuMzNzLTYuMTItMS05LjY2LTEuNTktNy4zOS0xLjEyLTExLjQ3LTEuNjRxLTMuMDUtLjQzLTYuMjctLjc5Yy0yLjE0LS4yNi00LjMzLS41Mi02LjU2LS43NHMtNC41LS40Ny02LjgtLjY2LTQuNjItLjQxLTctLjU2Yy00LjY5LS4zNi05LjQ3LS41OC0xNC4yNS0uNzNzLTkuNTYtLjE3LTE0LjI2LDAtOS4zMi40LTEzLjc4LjgxLTguNzQsMS4wNi0xMi43NiwxLjg0YTc4LjA2LDc4LjA2LDAsMCwwLTExLjExLDNjLS44My4zMi0xLjY2LjU4LTIuNDQuOTRsLTIuMjgsMS0yLjA5LDEuMWMtLjY5LjM0LTEuMjguNzktMS45LDEuMTZhMjEuNTcsMjEuNTcsMCwwLDAtNS40Niw0LjkyLDkuNzYsOS43NiwwLDAsMC0uOCwxLjIsNy41OSw3LjU5LDAsMCwwLS42MywxLjA5LDE2Ljg0LDE2Ljg0LDAsMCwwLS43NSwxLjgybC0uNDUsMS42NloiLz48cGF0aCBjbGFzcz0iY2xzLTEyIiBkPSJNMzI1LjIyLDQyNC44czQzLjkxLDM3LjQsNTEuNjIsNDAuNjYsMzQuNCwyMCwzNS44MywzNC4yNCwyLjQtNy4yNCwyLjQtNy4yNCwyNC45LTQ0LjI2LDExMS0yOS4yNFM2NzkuMSw1MDkuMzUsNjc5LjEsNTA5LjM1TDYxNS45Myw0MTksNDk4LjY5LDM1MS40NloiLz48cG9seWdvbiBjbGFzcz0iY2xzLTEzIiBwb2ludHM9IjM3MS44OCA0MjQuOCAzNTEuMzcgNDI0LjggMzUxLjM3IDMxMy40NyAzNjIuMDUgMjgwLjA5IDM3MS44OCAzMTMuNDcgMzcxLjg4IDQyNC44Ii8+PHBvbHlnb24gY2xhc3M9ImNscy0xMyIgcG9pbnRzPSI0OTguMDYgNDI0LjggNDc3LjU2IDQyNC44IDQ3Ny41NiAzMTMuNDcgNDg4LjIzIDI4MC4wOSA0OTguMDYgMzEzLjQ3IDQ5OC4wNiA0MjQuOCIvPjxwb2x5Z29uIGNsYXNzPSJjbHMtMTMiIHBvaW50cz0iNDc3LjkxIDQyNC44IDM3MS41MyA0MjQuOCAzNzEuNTMgMzEzLjgyIDQyNC43MiAyMzguNzIgNDc3LjkxIDMxMy44MiA0NzcuOTEgNDI0LjgiLz48cG9seWdvbiBjbGFzcz0iY2xzLTEzIiBwb2ludHM9IjMyNS4yMSAzNjYuMDcgMzU1Ljk2IDMyOC41MiAzNTUuOTYgNDI0LjggMzI1LjIxIDQyNC44IDMyNS4yMSAzNjYuMDciLz48cG9seWdvbiBjbGFzcz0iY2xzLTEzIiBwb2ludHM9IjQyNC43MiAxOTUuOTYgNDM1LjE1IDI1NS43NCA0MTQuMjkgMjU1Ljc0IDQyNC43MiAxOTUuOTYiLz48cG9seWdvbiBjbGFzcz0iY2xzLTEzIiBwb2ludHM9IjUyNC4yOSAzNjYuMDcgNDkzLjU0IDMyOC41MiA0OTMuNTQgNDI0LjggNTI0LjI5IDQyNC44IDUyNC4yOSAzNjYuMDciLz48cG9seWdvbiBjbGFzcz0iY2xzLTEwIiBwb2ludHM9IjM3Mi4xMiA0MjQuOCAzNjIuMDUgNDI0LjggMzYyLjA1IDMxMy40NyAzNjIuMjkgMjgwLjA5IDM3Mi4xMiAzMTMuNDcgMzcyLjEyIDQyNC44Ii8+PHBvbHlnb24gY2xhc3M9ImNscy0xMCIgcG9pbnRzPSI0OTguMzEgNDI0LjggNDg4LjIzIDQyNC44IDQ4OC4yMyAzMTMuNDcgNDg4LjQ3IDI4MC4wOSA0OTguMzEgMzEzLjQ3IDQ5OC4zMSA0MjQuOCIvPjxwb2x5Z29uIGNsYXNzPSJjbHMtMTAiIHBvaW50cz0iNDI0LjcyIDE5Ni4zNyA0MzUuMTUgMjU2LjE2IDQyNC43MiAyNTYuMTYgNDI0LjcyIDE5Ni4zNyIvPjxwb2x5Z29uIGNsYXNzPSJjbHMtMTAiIHBvaW50cz0iNDc3LjkyIDMxMy45MiA0NjIuMjcgMzEzLjkyIDQyNC43MiAyNTYuMTQgNDM0LjExIDI1MS4xMyA0NzcuOTIgMzEzLjkyIi8+PHBvbHlnb24gY2xhc3M9ImNscy0xMCIgcG9pbnRzPSI0NTcuNTggMzEzLjkyIDQ0Ni45NCAzMTMuOTIgNDM2LjUxIDI4My42NyA0MjYuNyAyNTcuMzkgNDU3LjU4IDMxMy45MiIvPjxwb2x5Z29uIGNsYXNzPSJjbHMtMTAiIHBvaW50cz0iNDQzLjgxIDMxMy45MiA0MzMuMTcgMzEzLjkyIDQyOSAyODQuMDkgNDI1LjA0IDI1OC4yMiA0NDMuODEgMzEzLjkyIi8+PHBvbHlnb24gY2xhc3M9ImNscy0xMCIgcG9pbnRzPSI1MjQuMjIgMzY2LjA3IDUxOS4yNyAzNTkuODUgNTE5LjI3IDQyNC44IDUyNC4yMiA0MjQuOCA1MjQuMjIgMzY2LjA3Ii8+PHBvbHlnb24gY2xhc3M9ImNscy0xMCIgcG9pbnRzPSI0ODkuNzIgMzIzLjE3IDQ5My40OCAzMzcuMzcgNTE5LjM2IDM3MC44NiA1MjQuNDQgMzY2LjQ5IDQ4OS43MiAzMjMuMTciLz48cG9seWdvbiBjbGFzcz0iY2xzLTEwIiBwb2ludHM9IjQyOC40NiAzMjguMTggNDI5LjE1IDMzNi4yNCA0NTUuMDQgMzcwLjM0IDQ2MC4xMiAzNzAuMjcgNDI4LjQ2IDMyOC4xOCIvPjxyZWN0IGNsYXNzPSJjbHMtMTAiIHg9IjQ1NS4yMyIgeT0iMzcwLjIyIiB3aWR0aD0iNC45MSIgaGVpZ2h0PSI1NC41OCIvPjxyZWN0IGNsYXNzPSJjbHMtMTAiIHg9IjQxNC4yOSIgeT0iMzkyLjMyIiB3aWR0aD0iMjMuMTMiIGhlaWdodD0iMzIuNDgiLz48L2c+PC9zdmc+');

-- --------------------------------------------------------

--
-- Table structure for table `available_apps`
--

CREATE TABLE `available_apps` (
  `id` int(11) NOT NULL,
  `user_id` int(11) NOT NULL,
  `app_id` int(11) NOT NULL,
  `ldap_group_cn` varchar(50) NOT NULL
) ENGINE=InnoDB DEFAULT CHARSET=utf8mb4 COLLATE=utf8mb4_general_ci;

--
-- Dumping data for table `available_apps`
--

INSERT INTO `available_apps` (`id`, `user_id`, `app_id`, `ldap_group_cn`) VALUES
(3852, 15, 6, ''),
(3853, 15, 5, ''),
(3854, 15, 4, ''),
(3855, 15, 3, ''),
(3856, 24, 1, ''),
(3857, 24, 4, ''),
(3895, 18, 1, ''),
(3896, 18, 2, ''),
(3897, 18, 4, ''),
(3898, 18, 6, ''),
(3899, 18, 24, ''),
(3900, 18, 25, ''),
(3901, 18, 26, ''),
(3902, 6, 1, ''),
(3903, 8, 1, ''),
(3904, 12, 1, ''),
(3905, 10, 1, ''),
(3906, 11, 1, ''),
(3907, 13, 1, ''),
(3908, 5, 1, ''),
(3909, 47, 1, ''),
(3910, 22, 1, ''),
(3911, 22, 4, ''),
(3912, 22, 6, ''),
(3913, 22, 25, ''),
(3914, 21, 4, ''),
(3915, 48, 1, ''),
(3916, 48, 2, ''),
(3917, 48, 3, ''),
(3918, 48, 4, ''),
(3919, 48, 5, ''),
(3920, 48, 6, ''),
(3921, 48, 7, ''),
(3922, 48, 8, ''),
(3923, 48, 23, ''),
(3924, 48, 24, ''),
(3925, 46, 1, ''),
(3926, 46, 4, ''),
(3927, 46, 24, ''),
(3928, 46, 2, ''),
(3929, 46, 3, ''),
(3930, 46, 25, ''),
(3932, 49, 1, ''),
(3933, 63, 1, ''),
(3934, 64, 1, ''),
(3935, 68, 1, ''),
(3936, 69, 1, '');

-- --------------------------------------------------------

--
-- Table structure for table `children`
--

CREATE TABLE `children` (
  `id` bigint(20) NOT NULL,
  `personnel_id` bigint(20) NOT NULL,
  `firstname` varchar(50) NOT NULL,
  `secondname` varchar(50) DEFAULT NULL,
  `middlname` text DEFAULT NULL,
  `lastname` varchar(50) NOT NULL,
  `suffix` text DEFAULT NULL,
  `date_of_birth` date DEFAULT NULL
) ENGINE=InnoDB DEFAULT CHARSET=utf8mb4 COLLATE=utf8mb4_general_ci;

-- --------------------------------------------------------

--
-- Table structure for table `citizenships`
--

CREATE TABLE `citizenships` (
  `id` int(11) NOT NULL,
  `country_name` varchar(100) NOT NULL,
  `citizenship` varchar(100) NOT NULL,
  `created_at` timestamp NOT NULL DEFAULT current_timestamp(),
  `updated_at` timestamp NOT NULL DEFAULT current_timestamp()
) ENGINE=InnoDB DEFAULT CHARSET=utf8mb4 COLLATE=utf8mb4_general_ci;

--
-- Dumping data for table `citizenships`
--

INSERT INTO `citizenships` (`id`, `country_name`, `citizenship`, `created_at`, `updated_at`) VALUES
(1, 'Afghanistan', 'Afghan', '2024-11-11 08:30:29', '2024-11-11 08:30:29'),
(2, 'Albania', 'Albanian', '2024-11-11 08:30:29', '2024-11-11 08:30:29'),
(3, 'Algeria', 'Algerian', '2024-11-11 08:30:29', '2024-11-11 08:30:29'),
(4, 'Andorra', 'Andorran', '2024-11-11 08:30:29', '2024-11-11 08:30:29'),
(5, 'Angola', 'Angolan', '2024-11-11 08:30:29', '2024-11-11 08:30:29'),
(6, 'Antigua and Barbuda', 'Antiguan or Barbudan', '2024-11-11 08:30:29', '2024-11-11 08:30:29'),
(7, 'Argentina', 'Argentine', '2024-11-11 08:30:29', '2024-11-11 08:30:29'),
(8, 'Armenia', 'Armenian', '2024-11-11 08:30:29', '2024-11-11 08:30:29'),
(9, 'Australia', 'Australian', '2024-11-11 08:30:29', '2024-11-11 08:30:29'),
(10, 'Austria', 'Austrian', '2024-11-11 08:30:29', '2024-11-11 08:30:29'),
(11, 'Azerbaijan', 'Azerbaijani', '2024-11-11 08:30:29', '2024-11-11 08:30:29'),
(12, 'Bahamas', 'Bahamian', '2024-11-11 08:30:29', '2024-11-11 08:30:29'),
(13, 'Bahrain', 'Bahraini', '2024-11-11 08:30:29', '2024-11-11 08:30:29'),
(14, 'Bangladesh', 'Bangladeshi', '2024-11-11 08:30:29', '2024-11-11 08:30:29'),
(15, 'Barbados', 'Barbadian', '2024-11-11 08:30:29', '2024-11-11 08:30:29'),
(16, 'Belarus', 'Belarusian', '2024-11-11 08:30:29', '2024-11-11 08:30:29'),
(17, 'Belgium', 'Belgian', '2024-11-11 08:30:29', '2024-11-11 08:30:29'),
(18, 'Belize', 'Belizean', '2024-11-11 08:30:29', '2024-11-11 08:30:29'),
(19, 'Benin', 'Beninese', '2024-11-11 08:30:29', '2024-11-11 08:30:29'),
(20, 'Bhutan', 'Bhutanese', '2024-11-11 08:30:29', '2024-11-11 08:30:29'),
(21, 'Bolivia', 'Bolivian', '2024-11-11 08:30:29', '2024-11-11 08:30:29'),
(22, 'Bosnia and Herzegovina', 'Bosnian', '2024-11-11 08:30:29', '2024-11-11 08:30:29'),
(23, 'Botswana', 'Botswana', '2024-11-11 08:30:29', '2024-11-11 08:30:29'),
(24, 'Brazil', 'Brazilian', '2024-11-11 08:30:29', '2024-11-11 08:30:29'),
(25, 'Brunei', 'Bruneian', '2024-11-11 08:30:29', '2024-11-11 08:30:29'),
(26, 'Bulgaria', 'Bulgarian', '2024-11-11 08:30:29', '2024-11-11 08:30:29'),
(27, 'Burkina Faso', 'Burkinabe', '2024-11-11 08:30:29', '2024-11-11 08:30:29'),
(28, 'Burundi', 'Burundian', '2024-11-11 08:30:29', '2024-11-11 08:30:29'),
(29, 'Cabo Verde', 'Cape Verdean', '2024-11-11 08:30:29', '2024-11-11 08:30:29'),
(30, 'Cambodia', 'Cambodian', '2024-11-11 08:30:29', '2024-11-11 08:30:29'),
(31, 'Cameroon', 'Cameroonian', '2024-11-11 08:30:29', '2024-11-11 08:30:29'),
(32, 'Canada', 'Canadian', '2024-11-11 08:30:29', '2024-11-11 08:30:29'),
(33, 'Central African Republic', 'Central African', '2024-11-11 08:30:29', '2024-11-11 08:30:29'),
(34, 'Chad', 'Chadian', '2024-11-11 08:30:29', '2024-11-11 08:30:29'),
(35, 'Chile', 'Chilean', '2024-11-11 08:30:29', '2024-11-11 08:30:29'),
(36, 'China', 'Chinese', '2024-11-11 08:30:29', '2024-11-11 08:30:29'),
(37, 'Colombia', 'Colombian', '2024-11-11 08:30:29', '2024-11-11 08:30:29'),
(38, 'Comoros', 'Comoran', '2024-11-11 08:30:29', '2024-11-11 08:30:29'),
(39, 'Congo, Democratic Republic of the', 'Congolese', '2024-11-11 08:30:29', '2024-11-11 08:30:29'),
(40, 'Congo, Republic of the', 'Congolese', '2024-11-11 08:30:29', '2024-11-11 08:30:29'),
(41, 'Costa Rica', 'Costa Rican', '2024-11-11 08:30:29', '2024-11-11 08:30:29'),
(42, 'Croatia', 'Croatian', '2024-11-11 08:30:29', '2024-11-11 08:30:29'),
(43, 'Cuba', 'Cuban', '2024-11-11 08:30:29', '2024-11-11 08:30:29'),
(44, 'Cyprus', 'Cypriot', '2024-11-11 08:30:29', '2024-11-11 08:30:29'),
(45, 'Czech Republic', 'Czech', '2024-11-11 08:30:29', '2024-11-11 08:30:29'),
(46, 'Denmark', 'Danish', '2024-11-11 08:30:29', '2024-11-11 08:30:29'),
(47, 'Djibouti', 'Djiboutian', '2024-11-11 08:30:29', '2024-11-11 08:30:29'),
(48, 'Dominica', 'Dominican', '2024-11-11 08:30:29', '2024-11-11 08:30:29'),
(49, 'Dominican Republic', 'Dominican', '2024-11-11 08:30:29', '2024-11-11 08:30:29'),
(50, 'Ecuador', 'Ecuadorian', '2024-11-11 08:30:29', '2024-11-11 08:30:29'),
(51, 'Egypt', 'Egyptian', '2024-11-11 08:30:29', '2024-11-11 08:30:29'),
(52, 'El Salvador', 'Salvadoran', '2024-11-11 08:30:29', '2024-11-11 08:30:29'),
(53, 'Equatorial Guinea', 'Equatoguinean', '2024-11-11 08:30:29', '2024-11-11 08:30:29'),
(54, 'Eritrea', 'Eritrean', '2024-11-11 08:30:29', '2024-11-11 08:30:29'),
(55, 'Estonia', 'Estonian', '2024-11-11 08:30:29', '2024-11-11 08:30:29'),
(56, 'Eswatini', 'Swazi', '2024-11-11 08:30:29', '2024-11-11 08:30:29'),
(57, 'Ethiopia', 'Ethiopian', '2024-11-11 08:30:29', '2024-11-11 08:30:29'),
(58, 'Fiji', 'Fijian', '2024-11-11 08:30:29', '2024-11-11 08:30:29'),
(59, 'Finland', 'Finnish', '2024-11-11 08:30:29', '2024-11-11 08:30:29'),
(60, 'France', 'French', '2024-11-11 08:30:29', '2024-11-11 08:30:29'),
(61, 'Gabon', 'Gabonese', '2024-11-11 08:30:29', '2024-11-11 08:30:29'),
(62, 'Gambia', 'Gambian', '2024-11-11 08:30:29', '2024-11-11 08:30:29'),
(63, 'Georgia', 'Georgian', '2024-11-11 08:30:29', '2024-11-11 08:30:29'),
(64, 'Germany', 'German', '2024-11-11 08:30:29', '2024-11-11 08:30:29'),
(65, 'Ghana', 'Ghanaian', '2024-11-11 08:30:29', '2024-11-11 08:30:29'),
(66, 'Greece', 'Greek', '2024-11-11 08:30:29', '2024-11-11 08:30:29'),
(67, 'Grenada', 'Grenadian', '2024-11-11 08:30:29', '2024-11-11 08:30:29'),
(68, 'Guatemala', 'Guatemalan', '2024-11-11 08:30:29', '2024-11-11 08:30:29'),
(69, 'Guinea', 'Guinean', '2024-11-11 08:30:29', '2024-11-11 08:30:29'),
(70, 'Guinea-Bissau', 'Guinea-Bissauan', '2024-11-11 08:30:29', '2024-11-11 08:30:29'),
(71, 'Guyana', 'Guyanese', '2024-11-11 08:30:29', '2024-11-11 08:30:29'),
(72, 'Haiti', 'Haitian', '2024-11-11 08:30:29', '2024-11-11 08:30:29'),
(73, 'Honduras', 'Honduran', '2024-11-11 08:30:29', '2024-11-11 08:30:29'),
(74, 'Hungary', 'Hungarian', '2024-11-11 08:30:29', '2024-11-11 08:30:29'),
(75, 'Iceland', 'Icelander', '2024-11-11 08:30:29', '2024-11-11 08:30:29'),
(76, 'India', 'Indian', '2024-11-11 08:30:29', '2024-11-11 08:30:29'),
(77, 'Indonesia', 'Indonesian', '2024-11-11 08:30:29', '2024-11-11 08:30:29'),
(78, 'Iran', 'Iranian', '2024-11-11 08:30:29', '2024-11-11 08:30:29'),
(79, 'Iraq', 'Iraqi', '2024-11-11 08:30:29', '2024-11-11 08:30:29'),
(80, 'Ireland', 'Irish', '2024-11-11 08:30:29', '2024-11-11 08:30:29'),
(81, 'Israel', 'Israeli', '2024-11-11 08:30:29', '2024-11-11 08:30:29'),
(82, 'Italy', 'Italian', '2024-11-11 08:30:29', '2024-11-11 08:30:29'),
(83, 'Jamaica', 'Jamaican', '2024-11-11 08:30:29', '2024-11-11 08:30:29'),
(84, 'Japan', 'Japanese', '2024-11-11 08:30:29', '2024-11-11 08:30:29'),
(85, 'Jordan', 'Jordanian', '2024-11-11 08:30:29', '2024-11-11 08:30:29'),
(86, 'Kazakhstan', 'Kazakhstani', '2024-11-11 08:30:29', '2024-11-11 08:30:29'),
(87, 'Kenya', 'Kenyan', '2024-11-11 08:30:29', '2024-11-11 08:30:29'),
(88, 'Kiribati', 'I-Kiribati', '2024-11-11 08:30:29', '2024-11-11 08:30:29'),
(89, 'Korea, North', 'North Korean', '2024-11-11 08:30:29', '2024-11-11 08:30:29'),
(90, 'Korea, South', 'South Korean', '2024-11-11 08:30:29', '2024-11-11 08:30:29'),
(91, 'Kuwait', 'Kuwaiti', '2024-11-11 08:30:29', '2024-11-11 08:30:29'),
(92, 'Kyrgyzstan', 'Kyrgyzstani', '2024-11-11 08:30:29', '2024-11-11 08:30:29'),
(93, 'Laos', 'Laotian', '2024-11-11 08:30:29', '2024-11-11 08:30:29'),
(94, 'Latvia', 'Latvian', '2024-11-11 08:30:29', '2024-11-11 08:30:29'),
(95, 'Lebanon', 'Lebanese', '2024-11-11 08:30:29', '2024-11-11 08:30:29'),
(96, 'Lesotho', 'Mosotho', '2024-11-11 08:30:29', '2024-11-11 08:30:29'),
(97, 'Liberia', 'Liberian', '2024-11-11 08:30:29', '2024-11-11 08:30:29'),
(98, 'Libya', 'Libyan', '2024-11-11 08:30:29', '2024-11-11 08:30:29'),
(99, 'Liechtenstein', 'Liechtensteiner', '2024-11-11 08:30:29', '2024-11-11 08:30:29'),
(100, 'Lithuania', 'Lithuanian', '2024-11-11 08:30:29', '2024-11-11 08:30:29'),
(101, 'Luxembourg', 'Luxembourger', '2024-11-11 08:30:29', '2024-11-11 08:30:29'),
(102, 'Madagascar', 'Malagasy', '2024-11-11 08:30:29', '2024-11-11 08:30:29'),
(103, 'Malawi', 'Malawian', '2024-11-11 08:30:29', '2024-11-11 08:30:29'),
(104, 'Malaysia', 'Malaysian', '2024-11-11 08:30:29', '2024-11-11 08:30:29'),
(105, 'Maldives', 'Maldivian', '2024-11-11 08:30:29', '2024-11-11 08:30:29'),
(106, 'Mali', 'Malian', '2024-11-11 08:30:29', '2024-11-11 08:30:29'),
(107, 'Malta', 'Maltese', '2024-11-11 08:30:29', '2024-11-11 08:30:29'),
(108, 'Marshall Islands', 'Marshallese', '2024-11-11 08:30:29', '2024-11-11 08:30:29'),
(109, 'Mauritania', 'Mauritanian', '2024-11-11 08:30:29', '2024-11-11 08:30:29'),
(110, 'Mauritius', 'Mauritian', '2024-11-11 08:30:29', '2024-11-11 08:30:29'),
(111, 'Mexico', 'Mexican', '2024-11-11 08:30:29', '2024-11-11 08:30:29'),
(112, 'Micronesia', 'Micronesian', '2024-11-11 08:30:29', '2024-11-11 08:30:29'),
(113, 'Moldova', 'Moldovan', '2024-11-11 08:30:29', '2024-11-11 08:30:29'),
(114, 'Monaco', 'Monacan', '2024-11-11 08:30:29', '2024-11-11 08:30:29'),
(115, 'Mongolia', 'Mongolian', '2024-11-11 08:30:29', '2024-11-11 08:30:29'),
(116, 'Montenegro', 'Montenegrin', '2024-11-11 08:30:29', '2024-11-11 08:30:29'),
(117, 'Morocco', 'Moroccan', '2024-11-11 08:30:29', '2024-11-11 08:30:29'),
(118, 'Mozambique', 'Mozambican', '2024-11-11 08:30:29', '2024-11-11 08:30:29'),
(119, 'Myanmar', 'Burmese', '2024-11-11 08:30:29', '2024-11-11 08:30:29'),
(120, 'Namibia', 'Namibian', '2024-11-11 08:30:29', '2024-11-11 08:30:29'),
(121, 'Nauru', 'Nauruan', '2024-11-11 08:30:29', '2024-11-11 08:30:29'),
(122, 'Nepal', 'Nepalese', '2024-11-11 08:30:29', '2024-11-11 08:30:29'),
(123, 'Netherlands', 'Dutch', '2024-11-11 08:30:29', '2024-11-11 08:30:29'),
(124, 'New Zealand', 'New Zealander', '2024-11-11 08:30:29', '2024-11-11 08:30:29'),
(125, 'Nicaragua', 'Nicaraguan', '2024-11-11 08:30:29', '2024-11-11 08:30:29'),
(126, 'Niger', 'Nigerien', '2024-11-11 08:30:29', '2024-11-11 08:30:29'),
(127, 'Nigeria', 'Nigerian', '2024-11-11 08:30:29', '2024-11-11 08:30:29'),
(128, 'North Macedonia', 'Macedonian', '2024-11-11 08:30:29', '2024-11-11 08:30:29'),
(129, 'Norway', 'Norwegian', '2024-11-11 08:30:29', '2024-11-11 08:30:29'),
(130, 'Oman', 'Omani', '2024-11-11 08:30:29', '2024-11-11 08:30:29'),
(131, 'Pakistan', 'Pakistani', '2024-11-11 08:30:29', '2024-11-11 08:30:29'),
(132, 'Palau', 'Palauan', '2024-11-11 08:30:29', '2024-11-11 08:30:29'),
(133, 'Palestine', 'Palestinian', '2024-11-11 08:30:29', '2024-11-11 08:30:29'),
(134, 'Panama', 'Panamanian', '2024-11-11 08:30:29', '2024-11-11 08:30:29'),
(135, 'Papua New Guinea', 'Papua New Guinean', '2024-11-11 08:30:29', '2024-11-11 08:30:29'),
(136, 'Paraguay', 'Paraguayan', '2024-11-11 08:30:29', '2024-11-11 08:30:29'),
(137, 'Peru', 'Peruvian', '2024-11-11 08:30:29', '2024-11-11 08:30:29'),
(138, 'Philippines', 'Filipino', '2024-11-11 08:30:29', '2024-11-11 08:30:29'),
(139, 'Poland', 'Polish', '2024-11-11 08:30:29', '2024-11-11 08:30:29'),
(140, 'Portugal', 'Portuguese', '2024-11-11 08:30:29', '2024-11-11 08:30:29'),
(141, 'Qatar', 'Qatari', '2024-11-11 08:30:29', '2024-11-11 08:30:29'),
(142, 'Romania', 'Romanian', '2024-11-11 08:30:29', '2024-11-11 08:30:29'),
(143, 'Russia', 'Russian', '2024-11-11 08:30:29', '2024-11-11 08:30:29'),
(144, 'Rwanda', 'Rwandan', '2024-11-11 08:30:29', '2024-11-11 08:30:29'),
(145, 'Saint Kitts and Nevis', 'Kittitian or Nevisian', '2024-11-11 08:30:29', '2024-11-11 08:30:29'),
(146, 'Saint Lucia', 'Saint Lucian', '2024-11-11 08:30:29', '2024-11-11 08:30:29'),
(147, 'Saint Vincent and the Grenadines', 'Saint Vincentian', '2024-11-11 08:30:29', '2024-11-11 08:30:29'),
(148, 'Samoa', 'Samoan', '2024-11-11 08:30:29', '2024-11-11 08:30:29'),
(149, 'San Marino', 'Sammarinese', '2024-11-11 08:30:29', '2024-11-11 08:30:29'),
(150, 'Sao Tome and Principe', 'Sao Tomean', '2024-11-11 08:30:29', '2024-11-11 08:30:29'),
(151, 'Saudi Arabia', 'Saudi', '2024-11-11 08:30:29', '2024-11-11 08:30:29'),
(152, 'Senegal', 'Senegalese', '2024-11-11 08:30:29', '2024-11-11 08:30:29'),
(153, 'Serbia', 'Serbian', '2024-11-11 08:30:29', '2024-11-11 08:30:29'),
(154, 'Seychelles', 'Seychellois', '2024-11-11 08:30:29', '2024-11-11 08:30:29'),
(155, 'Sierra Leone', 'Sierra Leonean', '2024-11-11 08:30:29', '2024-11-11 08:30:29'),
(156, 'Singapore', 'Singaporean', '2024-11-11 08:30:29', '2024-11-11 08:30:29'),
(157, 'Slovakia', 'Slovak', '2024-11-11 08:30:29', '2024-11-11 08:30:29'),
(158, 'Slovenia', 'Slovenian', '2024-11-11 08:30:29', '2024-11-11 08:30:29'),
(159, 'Solomon Islands', 'Solomon Islander', '2024-11-11 08:30:29', '2024-11-11 08:30:29'),
(160, 'Somalia', 'Somali', '2024-11-11 08:30:29', '2024-11-11 08:30:29'),
(161, 'South Africa', 'South African', '2024-11-11 08:30:29', '2024-11-11 08:30:29'),
(162, 'South Sudan', 'South Sudanese', '2024-11-11 08:30:29', '2024-11-11 08:30:29'),
(163, 'Spain', 'Spanish', '2024-11-11 08:30:29', '2024-11-11 08:30:29'),
(164, 'Sri Lanka', 'Sri Lankan', '2024-11-11 08:30:29', '2024-11-11 08:30:29'),
(165, 'Sudan', 'Sudanese', '2024-11-11 08:30:29', '2024-11-11 08:30:29'),
(166, 'Suriname', 'Surinamese', '2024-11-11 08:30:29', '2024-11-11 08:30:29'),
(167, 'Sweden', 'Swedish', '2024-11-11 08:30:29', '2024-11-11 08:30:29'),
(168, 'Switzerland', 'Swiss', '2024-11-11 08:30:29', '2024-11-11 08:30:29'),
(169, 'Syria', 'Syrian', '2024-11-11 08:30:29', '2024-11-11 08:30:29'),
(170, 'Taiwan', 'Taiwanese', '2024-11-11 08:30:29', '2024-11-11 08:30:29'),
(171, 'Tajikistan', 'Tajik', '2024-11-11 08:30:29', '2024-11-11 08:30:29'),
(172, 'Tanzania', 'Tanzanian', '2024-11-11 08:30:29', '2024-11-11 08:30:29'),
(173, 'Thailand', 'Thai', '2024-11-11 08:30:29', '2024-11-11 08:30:29'),
(174, 'Togo', 'Togolese', '2024-11-11 08:30:29', '2024-11-11 08:30:29'),
(175, 'Tonga', 'Tongan', '2024-11-11 08:30:29', '2024-11-11 08:30:29'),
(176, 'Trinidad and Tobago', 'Trinidadian or Tobagonian', '2024-11-11 08:30:29', '2024-11-11 08:30:29'),
(177, 'Tunisia', 'Tunisian', '2024-11-11 08:30:29', '2024-11-11 08:30:29'),
(178, 'Turkey', 'Turkish', '2024-11-11 08:30:29', '2024-11-11 08:30:29'),
(179, 'Turkmenistan', 'Turkmen', '2024-11-11 08:30:29', '2024-11-11 08:30:29'),
(180, 'Tuvalu', 'Tuvaluan', '2024-11-11 08:30:29', '2024-11-11 08:30:29'),
(181, 'Uganda', 'Ugandan', '2024-11-11 08:30:29', '2024-11-11 08:30:29'),
(182, 'Ukraine', 'Ukrainian', '2024-11-11 08:30:29', '2024-11-11 08:30:29'),
(183, 'United Arab Emirates', 'Emirati', '2024-11-11 08:30:29', '2024-11-11 08:30:29'),
(184, 'United Kingdom', 'British', '2024-11-11 08:30:29', '2024-11-11 08:30:29'),
(185, 'United States', 'American', '2024-11-11 08:30:29', '2024-11-11 08:30:29'),
(186, 'Uruguay', 'Uruguayan', '2024-11-11 08:30:29', '2024-11-11 08:30:29'),
(187, 'Uzbekistan', 'Uzbek', '2024-11-11 08:30:29', '2024-11-11 08:30:29'),
(188, 'Vanuatu', 'Ni-Vanuatu', '2024-11-11 08:30:29', '2024-11-11 08:30:29'),
(189, 'Vatican City', 'Vatican', '2024-11-11 08:30:29', '2024-11-11 08:30:29'),
(190, 'Venezuela', 'Venezuelan', '2024-11-11 08:30:29', '2024-11-11 08:30:29'),
(191, 'Vietnam', 'Vietnamese', '2024-11-11 08:30:29', '2024-11-11 08:30:29'),
(192, 'Yemen', 'Yemeni', '2024-11-11 08:30:29', '2024-11-11 08:30:29'),
(193, 'Zambia', 'Zambian', '2024-11-11 08:30:29', '2024-11-11 08:30:29'),
(194, 'Zimbabwe', 'Zimbabwean', '2024-11-11 08:30:29', '2024-11-11 08:30:29');

-- --------------------------------------------------------

--
-- Table structure for table `contact_type_info`
--

CREATE TABLE `contact_type_info` (
  `id` int(11) NOT NULL,
  `name` varchar(100) NOT NULL
) ENGINE=InnoDB DEFAULT CHARSET=utf8mb4 COLLATE=utf8mb4_general_ci;

--
-- Dumping data for table `contact_type_info`
--

INSERT INTO `contact_type_info` (`id`, `name`) VALUES
(1, 'Cellphone');

-- --------------------------------------------------------

--
-- Table structure for table `departments`
--

CREATE TABLE `departments` (
  `id` int(11) NOT NULL,
  `name` varchar(50) NOT NULL,
  `image_url` text DEFAULT NULL,
  `created_at` timestamp NOT NULL DEFAULT current_timestamp(),
  `updated_at` timestamp NOT NULL DEFAULT current_timestamp()
) ENGINE=InnoDB DEFAULT CHARSET=utf8mb4 COLLATE=utf8mb4_general_ci;

--
-- Dumping data for table `departments`
--

INSERT INTO `departments` (`id`, `name`, `image_url`, `created_at`, `updated_at`) VALUES
(1, 'Admin', NULL, '2024-11-12 01:31:23', '2024-11-12 02:27:39'),
(8, 'CEBSI', NULL, '2025-01-07 00:59:34', '2025-01-07 00:59:34'),
(9, 'Legal', NULL, '2025-01-07 00:59:41', '2025-01-07 00:59:48'),
(10, 'Finance', NULL, '2025-01-07 00:59:57', '2025-01-07 00:59:57'),
(11, 'CFO', NULL, '2025-01-07 01:00:09', '2025-01-07 01:00:09'),
(12, 'Music', NULL, '2025-01-07 03:41:02', '2025-01-07 03:41:02');

-- --------------------------------------------------------

--
-- Table structure for table `designations`
--

CREATE TABLE `designations` (
  `id` int(11) NOT NULL,
  `section_id` int(11) NOT NULL,
  `subsection_id` int(11) NOT NULL,
  `name` varchar(50) NOT NULL,
  `created_at` timestamp NOT NULL DEFAULT current_timestamp() ON UPDATE current_timestamp(),
  `updated_at` timestamp NOT NULL DEFAULT current_timestamp() ON UPDATE current_timestamp()
) ENGINE=InnoDB DEFAULT CHARSET=utf8mb4 COLLATE=utf8mb4_general_ci;

--
-- Dumping data for table `designations`
--

INSERT INTO `designations` (`id`, `section_id`, `subsection_id`, `name`, `created_at`, `updated_at`) VALUES
(1, 2, 1, 'Programmer - PMD IT', '2025-01-08 00:15:23', '2025-01-08 00:15:23'),
(2, 7, 6, 'Graphics Designer', '2025-01-08 00:15:55', '2025-01-08 00:15:55'),
(3, 2, 1, 'Dev Ops - PMD IT', '2025-01-13 13:29:39', '2025-01-13 13:29:39');

-- --------------------------------------------------------

--
-- Table structure for table `districts`
--

CREATE TABLE `districts` (
  `id` int(11) NOT NULL,
  `name` varchar(50) NOT NULL,
  `code` varchar(10) NOT NULL,
  `region` varchar(20) NOT NULL,
  `created_at` timestamp NOT NULL DEFAULT current_timestamp() ON UPDATE current_timestamp(),
  `updated_at` timestamp NOT NULL DEFAULT current_timestamp() ON UPDATE current_timestamp()
) ENGINE=InnoDB DEFAULT CHARSET=utf8mb4 COLLATE=utf8mb4_general_ci;

--
-- Dumping data for table `districts`
--

INSERT INTO `districts` (`id`, `name`, `code`, `region`, `created_at`, `updated_at`) VALUES
(1, 'Abra', 'abr', 'Luzon', '2024-11-29 02:34:44', '2024-11-29 02:34:44'),
(2, 'Zambales North', 'zan', 'Luzon', '2024-11-29 02:34:44', '2024-11-29 02:34:44'),
(3, 'Zambales South', 'zas', 'Luzon', '2024-11-29 02:34:44', '2024-11-29 02:34:44'),
(4, 'Albay', 'alb', 'Luzon', '2024-11-29 02:34:44', '2024-11-29 02:34:44'),
(5, 'Agusan Del Norte', 'agn', 'Mindanao', '2024-11-29 02:34:44', '2024-11-29 02:34:44'),
(6, 'Agusan Del Sur', 'ags', 'Mindanao', '2024-11-29 02:34:44', '2024-11-29 02:34:44'),
(7, 'Aklan', 'akl', 'Visayas', '2024-11-29 02:34:44', '2024-11-29 02:34:44'),
(8, 'Alaminos City, Pangasinan', 'pnw', 'Luzon', '2024-11-29 02:34:44', '2024-11-29 02:34:44'),
(9, 'Antique', 'ant', 'Visayas', '2024-11-29 02:34:44', '2024-11-29 02:34:44'),
(10, 'Aurora', 'aur', 'Luzon', '2024-11-29 02:34:44', '2024-11-29 02:34:44'),
(11, 'Bacolod City, Negros Occidental', 'ngc', 'Visayas', '2024-11-29 02:34:44', '2024-11-29 02:34:44'),
(12, 'Bataan', 'btn', 'Luzon', '2024-11-29 02:34:44', '2024-11-29 02:34:44'),
(13, 'Batac City, Ilocos Norte', 'icc', 'Luzon', '2024-11-29 02:34:44', '2024-11-29 02:34:44'),
(14, 'Batangas', 'btg', 'Luzon', '2024-11-29 02:34:44', '2024-11-29 02:34:44'),
(15, 'Batangas North', 'bgn', 'Luzon', '2024-11-29 02:34:44', '2024-11-29 02:34:44'),
(16, 'Benguet', 'ben', 'Luzon', '2024-11-29 02:34:44', '2024-11-29 02:34:44'),
(17, 'Bislig City, Surigao del Sur', 'srs', 'Mindanao', '2024-11-29 02:34:44', '2024-11-29 02:34:44'),
(18, 'Bogo City, Cebu', 'cbn', 'Visayas', '2024-11-29 02:34:44', '2024-11-29 02:34:44'),
(19, 'Bohol', 'boh', 'Visayas', '2024-11-29 02:34:44', '2024-11-29 02:34:44'),
(20, 'Bongabong, Oriental Mindoro', 'mos', 'Luzon', '2024-11-29 02:34:44', '2024-11-29 02:34:44'),
(21, 'Valencia City, Bukidnon', 'buk', 'Mindanao', '2024-11-29 02:34:44', '2024-11-29 02:34:44'),
(22, 'Don Carlos, Bukidnon', 'dcb', 'Mindanao', '2024-11-29 02:34:44', '2024-11-29 02:34:44'),
(23, 'Bulacan', 'bln', 'Luzon', '2024-11-29 02:34:44', '2024-11-29 02:34:44'),
(24, 'Bulacan East', 'ble', 'Luzon', '2024-11-29 02:34:44', '2024-11-29 02:34:44'),
(25, 'Bulacan North', 'bcn', 'Luzon', '2024-11-29 02:34:44', '2024-11-29 02:34:44'),
(26, 'Bulacan South', 'bls', 'Luzon', '2024-11-29 02:34:44', '2024-11-29 02:34:44'),
(27, 'Bulacan West', 'bcw', 'Luzon', '2024-11-29 02:34:44', '2024-11-29 02:34:44'),
(28, 'Cabanatuan City, Nueva Ecija', 'nec', 'Luzon', '2024-11-29 02:34:44', '2024-11-29 02:34:44'),
(29, 'Cagayan de Oro, Misamis Oriental', 'msr', 'Mindanao', '2024-11-29 02:34:44', '2024-11-29 02:34:44'),
(30, 'Cagayan East', 'cge', 'Luzon', '2024-11-29 02:34:44', '2024-11-29 02:34:44'),
(31, 'Cagayan South', 'cgs', 'Luzon', '2024-11-29 02:34:44', '2024-11-29 02:34:44'),
(32, 'Cagayan West', 'cgw', 'Luzon', '2024-11-29 02:34:44', '2024-11-29 02:34:44'),
(33, 'Calamba City, Laguna', 'lgw', 'Luzon', '2024-11-29 02:34:44', '2024-11-29 02:34:44'),
(34, 'Calamian', 'clm', 'Luzon', '2024-11-29 02:34:44', '2024-11-29 02:34:44'),
(35, 'Caloocan North', 'cln', 'Luzon', '2024-11-29 02:34:44', '2024-11-29 02:34:44'),
(36, 'Candon, Ilocos Sur', 'cis', 'Luzon', '2024-11-29 02:34:44', '2024-11-29 02:34:44'),
(37, 'Camarines Norte', 'cnt', 'Luzon', '2024-11-29 02:34:44', '2024-11-29 02:34:44'),
(38, 'Capas, Tarlac', 'tls', 'Luzon', '2024-11-29 02:34:44', '2024-11-29 02:34:44'),
(39, 'Capiz', 'cap', 'Visayas', '2024-11-29 02:34:44', '2024-11-29 02:34:44'),
(40, 'Carcar City, Cebu', 'cb3', 'Visayas', '2024-11-29 02:34:44', '2024-11-29 02:34:44'),
(41, 'Catanduanes', 'cat', 'Luzon', '2024-11-29 02:34:44', '2024-11-29 02:34:44'),
(42, 'Cavite', 'cvn', 'Luzon', '2024-11-29 02:34:44', '2024-11-29 02:34:44'),
(43, 'Cavite South', 'cvs', 'Luzon', '2024-11-29 02:34:44', '2024-11-29 02:34:44'),
(44, 'Cebu City, Cebu', 'cbs', 'Visayas', '2024-11-29 02:34:44', '2024-11-29 02:34:44'),
(45, 'Central', 'cen', 'Luzon', '2024-11-29 02:34:44', '2024-11-29 02:34:44'),
(46, 'Cotabato Norte', 'ctn', 'Mindanao', '2024-11-29 02:34:44', '2024-11-29 02:34:44'),
(47, 'Cotabato South', 'cts', 'Mindanao', '2024-11-29 02:34:44', '2024-11-29 02:34:44'),
(48, 'Davao City', 'dvc', 'Mindanao', '2024-11-29 02:34:44', '2024-11-29 02:34:44'),
(49, 'Davao del Norte', 'ddn', 'Mindanao', '2024-11-29 02:34:44', '2024-11-29 02:34:44'),
(50, 'Davao del Sur', 'dds', 'Mindanao', '2024-11-29 02:34:44', '2024-11-29 02:34:44'),
(51, 'Davao Oriental', 'dvo', 'Mindanao', '2024-11-29 02:34:44', '2024-11-29 02:34:44'),
(52, 'Dumaguete City, Negros Oriental', 'ng2', 'Visayas', '2024-11-29 02:34:44', '2024-11-29 02:34:44'),
(53, 'Eastern Samar', 'esm', 'Visayas', '2024-11-29 02:34:44', '2024-11-29 02:34:44'),
(54, 'General Santos City', 'gsc', 'Mindanao', '2024-11-29 02:34:44', '2024-11-29 02:34:44'),
(55, 'Iligan City, Lanao del Norte', 'ldn', 'Mindanao', '2024-11-29 02:34:44', '2024-11-29 02:34:44'),
(56, 'Iloilo City', 'ilo', 'Visayas', '2024-11-29 02:34:44', '2024-11-29 02:34:44'),
(57, 'Isabela East', 'ise', 'Luzon', '2024-11-29 02:34:44', '2024-11-29 02:34:44'),
(58, 'Isabela South', 'iss', 'Luzon', '2024-11-29 02:34:44', '2024-11-29 02:34:44'),
(59, 'Isabela West', 'isw', 'Luzon', '2024-11-29 02:34:44', '2024-11-29 02:34:44'),
(60, 'La Union', 'lun', 'Luzon', '2024-11-29 02:34:44', '2024-11-29 02:34:44'),
(61, 'Laguna', 'lag', 'Luzon', '2024-11-29 02:34:44', '2024-11-29 02:34:44'),
(62, 'Leyte East', 'ley', 'Visayas', '2024-11-29 02:34:44', '2024-11-29 02:34:44'),
(63, 'Leyte West', 'le2', 'Visayas', '2024-11-29 02:34:44', '2024-11-29 02:34:44'),
(64, 'Marinduque', 'mar', 'Luzon', '2024-11-29 02:34:44', '2024-11-29 02:34:44'),
(65, 'Metro Manila East', 'mme', 'Luzon', '2024-11-29 02:34:44', '2024-11-29 02:34:44'),
(66, 'Metro Manila North', 'mmn', 'Luzon', '2024-11-29 02:34:44', '2024-11-29 02:34:44'),
(67, 'Metro Manila South', 'mms', 'Luzon', '2024-11-29 02:34:44', '2024-11-29 02:34:44'),
(68, 'Metro Manila West', 'mmw', 'Luzon', '2024-11-29 02:34:44', '2024-11-29 02:34:44'),
(69, 'Misamis Occidental', 'msc', 'Mindanao', '2024-11-29 02:34:44', '2024-11-29 02:34:44'),
(70, 'Negros Occidental', 'ngo', 'Visayas', '2024-11-29 02:34:44', '2024-11-29 02:34:44'),
(71, 'Negros Oriental', 'ngr', 'Visayas', '2024-11-29 02:34:44', '2024-11-29 02:34:44'),
(72, 'Nueva Ecija', 'nec', 'Luzon', '2024-11-29 02:34:44', '2024-11-29 02:34:44'),
(73, 'Nueva Vizcaya', 'nvz', 'Luzon', '2024-11-29 02:34:44', '2024-11-29 02:34:44'),
(74, 'Palawan', 'plw', 'Luzon', '2024-11-29 02:34:44', '2024-11-29 02:34:44'),
(75, 'Pampanga East', 'ppe', 'Luzon', '2024-11-29 02:34:44', '2024-11-29 02:34:44'),
(76, 'Pampanga West', 'ppw', 'Luzon', '2024-11-29 02:34:44', '2024-11-29 02:34:44'),
(77, 'Pangasinan', 'png', 'Luzon', '2024-11-29 02:34:44', '2024-11-29 02:34:44'),
(78, 'Quezon', 'qzn', 'Luzon', '2024-11-29 02:34:44', '2024-11-29 02:34:44'),
(79, 'Rizal', 'riz', 'Luzon', '2024-11-29 02:34:44', '2024-11-29 02:34:44'),
(80, 'Samar', 'smr', 'Visayas', '2024-11-29 02:34:44', '2024-11-29 02:34:44'),
(81, 'Sorsogon', 'sor', 'Luzon', '2024-11-29 02:34:44', '2024-11-29 02:34:44'),
(82, 'South Cotabato', 'sco', 'Mindanao', '2024-11-29 02:34:44', '2024-11-29 02:34:44'),
(83, 'Tarlac', 'trl', 'Luzon', '2024-11-29 02:34:44', '2024-11-29 02:34:44'),
(84, 'Zamboanga City', 'zam', 'Mindanao', '2024-11-29 02:34:44', '2024-11-29 02:34:44');

-- --------------------------------------------------------

--
-- Table structure for table `educational_background`
--

CREATE TABLE `educational_background` (
  `id` bigint(20) NOT NULL,
  `personnel_id` int(11) NOT NULL,
  `level` varchar(50) NOT NULL,
  `startfrom` int(11) DEFAULT NULL,
  `completion_year` int(11) DEFAULT NULL,
  `school` varchar(50) DEFAULT NULL,
  `field_of_study` varchar(50) DEFAULT NULL,
  `degree` varchar(30) DEFAULT NULL,
  `institution` varchar(50) DEFAULT NULL,
  `professional_licensure_examination` varchar(150) DEFAULT NULL,
  `created_at` timestamp NOT NULL DEFAULT current_timestamp(),
  `updated_at` timestamp NOT NULL DEFAULT current_timestamp() ON UPDATE current_timestamp(),
  `certificate_files` longtext CHARACTER SET utf8mb4 COLLATE utf8mb4_bin DEFAULT NULL CHECK (json_valid(`certificate_files`))
) ENGINE=InnoDB DEFAULT CHARSET=utf8mb4 COLLATE=utf8mb4_general_ci;

--
-- Dumping data for table `educational_background`
--

INSERT INTO `educational_background` (`id`, `personnel_id`, `level`, `startfrom`, `completion_year`, `school`, `field_of_study`, `degree`, `institution`, `professional_licensure_examination`, `created_at`, `updated_at`, `certificate_files`) VALUES
(5, 10, 'Undergrad', 1, 1, 'asd', 'asd', '', '', NULL, '2024-12-20 06:27:55', '2024-12-20 07:46:30', NULL);

-- --------------------------------------------------------

--
-- Table structure for table `events`
--

CREATE TABLE `events` (
  `id` int(11) NOT NULL,
  `eventName` varchar(50) NOT NULL,
  `date` date NOT NULL,
  `time` time NOT NULL,
  `location_id` int(11) NOT NULL,
  `recurrence` varchar(20) DEFAULT NULL,
  `created_at` timestamp NOT NULL DEFAULT current_timestamp(),
  `updated_at` timestamp NOT NULL DEFAULT current_timestamp() ON UPDATE current_timestamp()
) ENGINE=InnoDB DEFAULT CHARSET=utf8mb4 COLLATE=utf8mb4_general_ci;

--
-- Dumping data for table `events`
--

INSERT INTO `events` (`id`, `eventName`, `date`, `time`, `location_id`, `recurrence`, `created_at`, `updated_at`) VALUES
(11, 'PANATA', '2024-11-25', '08:30:00', 1, 'weekly', '2024-11-29 05:51:10', '2024-11-29 06:12:36'),
(19, 'PANATA', '2024-12-02', '16:00:00', 3, 'daily', '2024-12-05 03:47:50', '2024-12-05 03:47:50'),
(20, 'PANATA', '2024-12-03', '16:00:00', 3, 'daily', '2024-12-05 03:47:50', '2024-12-05 03:47:50'),
(21, 'PANATA', '2024-12-04', '16:00:00', 3, 'daily', '2024-12-05 03:47:50', '2024-12-05 03:47:50'),
(22, 'PANATA', '2024-12-05', '16:00:00', 3, 'daily', '2024-12-05 03:47:50', '2024-12-05 03:47:50'),
(23, 'PANATA', '2024-12-06', '16:00:00', 3, 'daily', '2024-12-05 03:47:50', '2024-12-05 03:47:50'),
(24, 'PANATA', '2024-12-07', '16:00:00', 3, 'daily', '2024-12-05 03:47:50', '2024-12-05 03:47:50'),
(25, 'PANATA', '2024-12-08', '16:00:00', 3, 'daily', '2024-12-05 03:47:50', '2024-12-05 03:47:50'),
(26, 'TRG MEETING', '2024-12-02', '13:30:00', 1, 'weekly', '2024-12-05 03:48:34', '2024-12-05 03:48:34'),
(27, 'TRG MEETING', '2024-12-09', '13:30:00', 1, 'weekly', '2024-12-05 03:48:34', '2024-12-05 03:48:34'),
(28, 'TRG MEETING', '2024-12-16', '13:30:00', 1, 'weekly', '2024-12-05 03:48:34', '2024-12-05 03:48:34'),
(29, 'TRG MEETING', '2024-12-23', '13:30:00', 1, 'weekly', '2024-12-05 03:48:34', '2024-12-05 03:48:34');

-- --------------------------------------------------------

--
-- Table structure for table `family_members`
--

CREATE TABLE `family_members` (
  `id` bigint(20) NOT NULL,
  `personnel_id` int(10) UNSIGNED NOT NULL,
  `relationship_type` enum('Father','Mother','Sibling','Spouse','Child') NOT NULL,
  `givenname` varchar(50) NOT NULL,
  `middlename` text DEFAULT NULL,
  `lastname` varchar(50) NOT NULL,
  `suffix` text DEFAULT NULL,
  `gender` enum('Male','Female') DEFAULT NULL,
  `bloodtype` varchar(10) DEFAULT NULL,
  `civil_status` varchar(10) DEFAULT NULL,
  `date_of_marriage` date DEFAULT NULL,
  `place_of_marriage` varchar(50) DEFAULT NULL,
  `citizenship` int(11) DEFAULT NULL,
  `nationality` int(11) DEFAULT NULL,
  `date_of_birth` date NOT NULL,
  `contact_number` int(11) DEFAULT NULL,
  `church_duties` varchar(50) DEFAULT NULL,
  `livelihood` varchar(50) DEFAULT NULL,
  `district_id` int(11) DEFAULT NULL,
  `local_congregation` varchar(50) DEFAULT NULL,
  `minister_officiated` varchar(50) DEFAULT NULL,
  `employment_type` varchar(50) DEFAULT NULL,
  `company` varchar(50) DEFAULT NULL,
  `address` varchar(150) DEFAULT NULL,
  `position` varchar(50) DEFAULT NULL,
  `department` varchar(50) DEFAULT NULL,
  `section` varchar(50) DEFAULT NULL,
  `start_date` date DEFAULT NULL,
  `end_date` date DEFAULT NULL,
  `reason_for_leaving` varchar(150) DEFAULT NULL,
  `education_level` varchar(50) DEFAULT NULL,
  `start_year` int(11) DEFAULT NULL,
  `completion_year` int(11) DEFAULT NULL,
  `school` varchar(50) DEFAULT NULL,
  `field_of_study` varchar(50) DEFAULT NULL,
  `degree` varchar(30) DEFAULT NULL,
  `institution` varchar(50) DEFAULT NULL,
  `professional_licensure_examination` varchar(50) DEFAULT NULL,
  `created_at` timestamp NOT NULL DEFAULT current_timestamp(),
  `updated_at` timestamp NOT NULL DEFAULT current_timestamp() ON UPDATE current_timestamp()
) ENGINE=InnoDB DEFAULT CHARSET=utf8mb4 COLLATE=utf8mb4_general_ci;

--
-- Dumping data for table `family_members`
--

INSERT INTO `family_members` (`id`, `personnel_id`, `relationship_type`, `givenname`, `middlename`, `lastname`, `suffix`, `gender`, `bloodtype`, `civil_status`, `date_of_marriage`, `place_of_marriage`, `citizenship`, `nationality`, `date_of_birth`, `contact_number`, `church_duties`, `livelihood`, `district_id`, `local_congregation`, `minister_officiated`, `employment_type`, `company`, `address`, `position`, `department`, `section`, `start_date`, `end_date`, `reason_for_leaving`, `education_level`, `start_year`, `completion_year`, `school`, `field_of_study`, `degree`, `institution`, `professional_licensure_examination`, `created_at`, `updated_at`) VALUES
(75, 10, 'Father', 'Nepthalie12', 'Verano', 'Pareja', 'No Suffix', 'Male', 'A+', 'Cohabitati', '2024-12-18', 'asd', 16, 16, '2024-12-18', 232, 'asd', 'asd', 19, 'asdsad', 'asd', 'Retired', 'asd', 'asd', 'asd', 'asd', 'asd', '2024-12-18', NULL, 'as', 'Post-Doctorate', 2007, 2011, 'asd', 'asd', 'asde', 'asd', 'asd', '2024-12-18 05:44:03', '2025-01-10 02:47:49'),
(172, 10, 'Sibling', 'Christopher', 'Morales', 'Pareja', 'Jr.', 'Male', 'B-', 'Annulled', '2024-12-04', 'frisco', 14, 17, '2024-12-18', 121, 'asd', 'asd', 45, 'test123', 'asd', '', 'asd', 'asd', 'asd', 'asd', 'asd', '2024-12-18', '2024-12-18', 'asd', '', 1, 2, 'asd', 'asd', 'asd', 'asd', 'asd', '2024-12-18 15:53:08', '2024-12-19 15:50:04'),
(173, 10, 'Sibling', 'Lizbeth', 'asd', 'asd', 'Jr.', 'Female', 'A+', '', '0000-00-00', '', 0, 0, '0000-00-00', 123, '', '', 0, '', '', '', '', '', '', '', '', '0000-00-00', '0000-00-00', '', '', 0, 0, '', '', '', '', '', '2024-12-18 16:42:23', '2025-01-10 03:46:38'),
(174, 10, 'Spouse', 'JAI', 'M', 'RAMOS', 'No Suffix', 'Female', 'A+', 'Married', '2024-12-19', 'asd', 15, 0, '2024-12-19', 1212, '', '', 0, '', '', 'Casual', 'aas', 'dsa', 'asd', 'asd', 'dsa', '2024-12-19', '2024-12-24', '', 'Professional Degree', 2011, 2019, 'asd', 'asd', 'asd', 'asd', 'asdadsa', '2024-12-18 17:43:21', '2025-01-08 02:13:11'),
(175, 10, 'Child', 'Child 11', 'ads', 'asd', 'No Suffix', 'Female', 'A+', 'Cohabitati', '2024-12-19', 'asd', 15, 14, '2024-12-19', 123, 'asd', 'asd', 20, 'asd', 'asd', 'Contract', 'asd', 'asd', 'asd', 'asd', 'asd', '2024-12-05', '2024-12-03', '', 'Primary Education', 1, 12, 'asd', 'asd', 'asd', 'asd', '1asdas', '2024-12-18 18:04:44', '2024-12-19 16:46:50'),
(176, 10, 'Child', 'Child 2', '', 'asd', '', 'Male', '', '', '0000-00-00', '', 0, 0, '0000-00-00', 0, '', '', 0, '', '', '', '', '', '', '', '', '0000-00-00', '0000-00-00', '', '', 0, 0, '', '', '', '', '', '2024-12-18 18:11:33', '2024-12-19 15:55:57'),
(177, 10, 'Mother', 'Alicia', 'Luha', 'Morales', 'No Suffix', 'Female', 'A-', '', '0000-00-00', '', 0, 0, '2024-12-20', 121, '', '', 0, '', '', '', '', '', '', '', '', '0000-00-00', '0000-00-00', '', '', 0, 0, '', '', '', '', '', '2024-12-19 16:10:01', '2024-12-19 17:06:50'),
(179, 10, 'Sibling', 'Paul John', 'asd', 'Pareja', 'No Suffix', 'Male', 'A+', 'Single', '0000-00-00', '', 0, 0, '1991-10-19', 1212, '', '', 0, '', '', '', '', '', '', '', '', '0000-00-00', '0000-00-00', '', '', 0, 0, '', '', '', '', '', '2024-12-19 16:59:24', '2025-01-10 02:48:07'),
(188, 10, 'Sibling', 'test1', 'test1', 'test1', '', 'Male', '', '', NULL, '', 0, 0, '2025-01-10', 0, '', '', 0, '', '', '', '', '', '', '', '', NULL, NULL, '', '', 0, 0, '', '', '', '', '', '2025-01-10 02:48:29', '2025-01-10 02:48:39'),
(189, 10, 'Sibling', 'test2', 'test2', 'test2', '', 'Female', '', '', NULL, '', 0, 0, '0000-00-00', 0, '', '', 0, '', '', '', '', '', '', '', '', NULL, NULL, '', '', 0, 0, '', '', '', '', '', '2025-01-10 02:49:07', '2025-01-10 03:47:00'),
(190, 10, 'Sibling', 'test3', 'test3', 'test3', '', 'Male', '', '', NULL, '', 0, 0, '2025-01-10', 0, '', '', 0, '', '', '', '', '', '', '', '', NULL, NULL, '', '', 0, 0, '', '', '', '', '', '2025-01-10 03:10:17', '2025-01-10 03:10:17'),
(195, 37, 'Father', 'qwewqewqeq', 'eeeeeeweqqwewqeqqeweqqe', 'wqwqeweqqqqqqqq', NULL, 'Male', NULL, NULL, NULL, NULL, NULL, NULL, '2025-01-10', NULL, NULL, NULL, NULL, NULL, NULL, NULL, NULL, NULL, NULL, NULL, NULL, NULL, NULL, NULL, NULL, NULL, NULL, NULL, NULL, NULL, NULL, NULL, '2025-01-10 03:57:07', '2025-01-10 03:57:07'),
(196, 37, 'Mother', 'ewqqeeqeq', 'rqeqqeweqe', 'eqeqwqqqqqwewqe', NULL, 'Female', NULL, NULL, NULL, NULL, NULL, NULL, '2025-01-10', 1234456576, NULL, NULL, NULL, NULL, NULL, NULL, NULL, NULL, NULL, NULL, NULL, NULL, NULL, NULL, NULL, NULL, NULL, NULL, NULL, NULL, NULL, NULL, '2025-01-10 03:57:28', '2025-01-10 03:57:28'),
(197, 37, 'Sibling', 'qwertyt', 'weqrtr', 'qwertyt', 'Jr.', 'Male', '', 'Annulled', NULL, '', 0, 1, '2025-01-10', 0, '', '', 0, '', '', '', '', '', '', '', '', NULL, NULL, '', 'Primary Education', 0, 0, '', '', '', '', '', '2025-01-10 03:58:13', '2025-01-10 03:58:13'),
(201, 37, 'Spouse', 'dffghghvhghfdfsa', 'waersdfhgcgvgs', 'ffghgfgdfsaffgfg', NULL, NULL, NULL, NULL, NULL, '', NULL, NULL, '2025-01-10', 0, NULL, NULL, NULL, NULL, NULL, NULL, NULL, NULL, NULL, NULL, NULL, NULL, NULL, NULL, NULL, NULL, NULL, NULL, NULL, NULL, NULL, NULL, '2025-01-10 04:37:04', '2025-01-10 04:37:04');

-- --------------------------------------------------------

--
-- Table structure for table `government_issued_id`
--

CREATE TABLE `government_issued_id` (
  `id` int(11) NOT NULL,
  `name` varchar(250) NOT NULL
) ENGINE=InnoDB DEFAULT CHARSET=utf8mb4 COLLATE=utf8mb4_general_ci;

--
-- Dumping data for table `government_issued_id`
--

INSERT INTO `government_issued_id` (`id`, `name`) VALUES
(1, 'Barangay ID'),
(2, 'Chief Executive Officer (CEO) ID'),
(3, 'Drivers License'),
(4, 'Government Service Insurance System (GSIS) e-Card'),
(5, 'National ID (Philippine Identification System or PhilSys)'),
(6, 'OFW ID (Overseas Filipino Worker ID)'),
(7, 'Philippine Health Insurance Corporation (PhilHealth) ID'),
(8, 'Philippine Passport'),
(9, 'Philippine Statistics Authority (PSA) Birth Certificate'),
(10, 'Postal ID'),
(11, 'PWD ID (Persons with Disabilities)'),
(12, 'Seafarers ID'),
(13, 'Senior Citizens ID'),
(14, 'Social Security System (SSS) ID'),
(15, 'Tax Identification Number (TIN) ID'),
(16, 'Unified Multi-Purpose ID (UMID)'),
(17, 'Voters ID');

-- --------------------------------------------------------

--
-- Table structure for table `group_permission_mappings`
--

CREATE TABLE `group_permission_mappings` (
  `group_id` bigint(20) NOT NULL,
  `permission_id` bigint(20) NOT NULL,
  `category_id` bigint(20) NOT NULL,
  `accessrights` int(11) NOT NULL
) ENGINE=InnoDB DEFAULT CHARSET=utf8mb4 COLLATE=utf8mb4_general_ci;

--
-- Dumping data for table `group_permission_mappings`
--

INSERT INTO `group_permission_mappings` (`group_id`, `permission_id`, `category_id`, `accessrights`) VALUES
(1, 1, 4, 1),
(1, 2, 1, 1),
(1, 3, 4, 1),
(1, 4, 5, 1),
(1, 5, 5, 1),
(1, 6, 5, 1),
(1, 7, 5, 1),
(1, 8, 5, 1),
(1, 9, 5, 1),
(1, 10, 5, 1),
(1, 11, 4, 1),
(1, 12, 4, 1),
(1, 13, 4, 1),
(1, 14, 4, 1),
(1, 15, 4, 1),
(1, 16, 3, 1),
(1, 17, 3, 1),
(1, 18, 3, 1),
(1, 19, 2, 1),
(1, 20, 5, 1),
(1, 21, 3, 1),
(1, 22, 2, 1),
(1, 23, 4, 1),
(1, 24, 5, 1),
(1, 25, 5, 1),
(1, 26, 5, 1),
(1, 28, 4, 1),
(1, 29, 4, 1),
(1, 30, 7, 1),
(1, 31, 7, 1),
(1, 32, 7, 1),
(1, 33, 7, 1),
(1, 34, 7, 1),
(1, 35, 7, 1),
(1, 36, 7, 1),
(1, 37, 7, 1),
(1, 38, 7, 1),
(1, 39, 4, 1),
(1, 40, 4, 1),
(1, 41, 4, 1),
(1, 42, 4, 1),
(1, 43, 4, 1),
(1, 44, 4, 1),
(1, 45, 4, 1),
(2, 1, 4, 1),
(2, 14, 4, 1),
(2, 15, 4, 1),
(2, 17, 3, 1),
(2, 19, 2, 1),
(2, 21, 3, 1),
(2, 22, 2, 1),
(2, 40, 4, 1),
(3, 1, 4, 1),
(3, 2, 4, 0),
(3, 8, 5, 0),
(3, 14, 4, 1),
(3, 17, 3, 1),
(3, 20, 5, 0),
(3, 21, 3, 1),
(3, 22, 2, 1),
(13, 19, 2, 1),
(13, 21, 3, 1),
(13, 22, 2, 1),
(13, 29, 7, 1),
(13, 30, 7, 1),
(13, 31, 7, 1),
(13, 32, 7, 1),
(13, 33, 7, 1),
(13, 34, 7, 1),
(13, 35, 7, 1),
(13, 36, 7, 1),
(13, 37, 7, 1),
(13, 38, 7, 1);

-- --------------------------------------------------------

--
-- Table structure for table `languages`
--

CREATE TABLE `languages` (
  `id` int(11) NOT NULL,
  `country_name` varchar(50) NOT NULL,
  `name` varchar(50) NOT NULL,
  `created_at` timestamp NOT NULL DEFAULT current_timestamp() ON UPDATE current_timestamp(),
  `updated_at` timestamp NOT NULL DEFAULT current_timestamp() ON UPDATE current_timestamp()
) ENGINE=InnoDB DEFAULT CHARSET=utf8mb4 COLLATE=utf8mb4_general_ci;

--
-- Dumping data for table `languages`
--

INSERT INTO `languages` (`id`, `country_name`, `name`, `created_at`, `updated_at`) VALUES
(1, 'Philippines', 'Tagalog', '2024-11-12 07:33:32', '2024-11-12 07:33:32'),
(2, 'USA', 'English', '2024-11-12 07:42:35', '2024-11-12 07:42:35'),
(3, 'China', 'Chinese', '2024-11-13 01:06:18', '2024-11-13 01:06:18');

-- --------------------------------------------------------

--
-- Table structure for table `ldap_users`
--

CREATE TABLE `ldap_users` (
  `id` int(11) NOT NULL,
  `cn` varchar(25) NOT NULL,
  `gidNumber` int(11) DEFAULT NULL,
  `givenName` varchar(25) NOT NULL,
  `homeDirectory` varchar(50) DEFAULT NULL,
  `mail` varchar(50) DEFAULT NULL,
  `sn` varchar(25) NOT NULL,
  `uid` varchar(25) NOT NULL,
  `uidNumber` int(11) DEFAULT NULL,
  `userPassword` varchar(255) NOT NULL,
  `created_at` datetime NOT NULL,
  `updated_at` datetime NOT NULL
) ENGINE=InnoDB DEFAULT CHARSET=utf8mb4 COLLATE=utf8mb4_general_ci;

-- --------------------------------------------------------

--
-- Table structure for table `locations`
--

CREATE TABLE `locations` (
  `id` int(11) NOT NULL,
  `name` varchar(50) NOT NULL,
  `created_at` timestamp NOT NULL DEFAULT current_timestamp(),
  `updated_at` timestamp NOT NULL DEFAULT current_timestamp() ON UPDATE current_timestamp()
) ENGINE=InnoDB DEFAULT CHARSET=utf8mb4 COLLATE=utf8mb4_general_ci;

--
-- Dumping data for table `locations`
--

INSERT INTO `locations` (`id`, `name`, `created_at`, `updated_at`) VALUES
(1, 'MPH', '2024-11-29 05:13:47', '2024-11-29 05:58:14'),
(3, 'Chapel 1', '2024-11-29 06:03:30', '2024-11-29 06:03:30'),
(4, 'Chapel 2', '2024-12-03 07:51:05', '2024-12-03 07:51:05');

-- --------------------------------------------------------

--
-- Table structure for table `login_attempts`
--

CREATE TABLE `login_attempts` (
  `id` int(11) NOT NULL,
  `username` varchar(191) NOT NULL,
  `remote_ip` varchar(45) DEFAULT NULL,
  `user_agent` varchar(191) DEFAULT NULL,
  `successful` tinyint(1) NOT NULL,
  `created_at` timestamp NULL DEFAULT NULL,
  `updated_at` timestamp NULL DEFAULT NULL
) ENGINE=MyISAM DEFAULT CHARSET=utf8mb4 COLLATE=utf8mb4_general_ci;

--
-- Dumping data for table `login_attempts`
--

INSERT INTO `login_attempts` (`id`, `username`, `remote_ip`, `user_agent`, `successful`, `created_at`, `updated_at`) VALUES
(1, 'admin', '192.168.1.7', 'Mozilla/5.0 (Windows NT 10.0; Win64; x64) AppleWebKit/537.36 (KHTML, like Gecko) Chrome/109.0.0.0 Safari/537.36', 1, '2023-02-04 20:24:55', NULL),
(2, 'admin', '192.168.1.7', 'Mozilla/5.0 (Windows NT 10.0; Win64; x64) AppleWebKit/537.36 (KHTML, like Gecko) Chrome/109.0.0.0 Safari/537.36', 1, '2023-02-05 01:54:09', NULL),
(3, 'admin', '192.168.1.7', 'Mozilla/5.0 (Windows NT 10.0; Win64; x64) AppleWebKit/537.36 (KHTML, like Gecko) Chrome/109.0.0.0 Safari/537.36', 1, '2023-02-05 04:12:06', NULL),
(4, 'admin', '172.18.124.93', 'Mozilla/5.0 (Windows NT 10.0; Win64; x64) AppleWebKit/537.36 (KHTML, like Gecko) Chrome/109.0.0.0 Safari/537.36', 1, '2023-02-05 17:55:48', NULL),
(5, 'admin', '172.18.124.93', 'Mozilla/5.0 (Windows NT 10.0; Win64; x64) AppleWebKit/537.36 (KHTML, like Gecko) Chrome/109.0.0.0 Safari/537.36', 1, '2023-02-06 20:35:43', NULL),
(6, 'admin', '172.18.124.93', 'Mozilla/5.0 (Windows NT 10.0; Win64; x64) AppleWebKit/537.36 (KHTML, like Gecko) Chrome/109.0.0.0 Safari/537.36', 1, '2023-02-06 21:04:46', NULL),
(7, 'admin', '172.18.124.93', 'Mozilla/5.0 (Windows NT 10.0; Win64; x64) AppleWebKit/537.36 (KHTML, like Gecko) Chrome/109.0.0.0 Safari/537.36', 1, '2023-02-07 17:04:55', NULL),
(8, 'admin', '172.18.124.93', 'Mozilla/5.0 (Windows NT 10.0; Win64; x64) AppleWebKit/537.36 (KHTML, like Gecko) Chrome/109.0.0.0 Safari/537.36', 1, '2023-02-08 19:34:42', NULL),
(9, 'admin', '172.18.124.93', 'Mozilla/5.0 (Windows NT 10.0; Win64; x64) AppleWebKit/537.36 (KHTML, like Gecko) Chrome/109.0.0.0 Safari/537.36', 1, '2023-02-08 19:38:28', NULL),
(10, 'admin', '172.18.124.93', 'Mozilla/5.0 (Windows NT 10.0; Win64; x64) AppleWebKit/537.36 (KHTML, like Gecko) Chrome/109.0.0.0 Safari/537.36', 1, '2023-02-09 19:36:25', NULL),
(11, 'admin', '172.18.124.93', 'Mozilla/5.0 (Windows NT 10.0; Win64; x64) AppleWebKit/537.36 (KHTML, like Gecko) Chrome/109.0.0.0 Safari/537.36', 1, '2023-02-09 23:38:53', NULL),
(12, 'admin', '172.18.124.93', 'Mozilla/5.0 (Windows NT 10.0; Win64; x64) AppleWebKit/537.36 (KHTML, like Gecko) Chrome/109.0.0.0 Safari/537.36', 1, '2023-02-12 21:39:28', NULL),
(13, 'admin', '172.18.124.93', 'Mozilla/5.0 (Windows NT 10.0; Win64; x64) AppleWebKit/537.36 (KHTML, like Gecko) Chrome/110.0.0.0 Safari/537.36', 1, '2023-03-02 17:02:50', NULL),
(14, 'admin', '172.18.124.93', 'Mozilla/5.0 (Windows NT 10.0; Win64; x64) AppleWebKit/537.36 (KHTML, like Gecko) Chrome/110.0.0.0 Safari/537.36', 1, '2023-03-05 23:32:16', NULL),
(15, 'admin', '172.18.124.93', 'Mozilla/5.0 (Windows NT 10.0; Win64; x64) AppleWebKit/537.36 (KHTML, like Gecko) Chrome/110.0.0.0 Safari/537.36', 1, '2023-03-06 18:30:00', NULL),
(16, 'admin', '172.18.124.93', 'Mozilla/5.0 (Windows NT 10.0; Win64; x64) AppleWebKit/537.36 (KHTML, like Gecko) Chrome/110.0.0.0 Safari/537.36', 1, '2023-03-06 23:13:12', NULL),
(17, 'admin', '172.18.124.93', 'Mozilla/5.0 (Windows NT 10.0; Win64; x64) AppleWebKit/537.36 (KHTML, like Gecko) Chrome/110.0.0.0 Safari/537.36', 1, '2023-03-06 23:18:21', NULL),
(18, 'admin', '172.20.10.9', 'Mozilla/5.0 (Windows NT 10.0; Win64; x64) AppleWebKit/537.36 (KHTML, like Gecko) Chrome/110.0.0.0 Safari/537.36', 1, '2023-03-07 07:24:59', NULL),
(19, 'admin', '172.18.124.93', 'Mozilla/5.0 (Windows NT 10.0; Win64; x64) AppleWebKit/537.36 (KHTML, like Gecko) Chrome/110.0.0.0 Safari/537.36', 1, '2023-03-07 18:38:24', NULL),
(20, 'admin', '172.18.124.93', 'Mozilla/5.0 (Windows NT 10.0; Win64; x64) AppleWebKit/537.36 (KHTML, like Gecko) Chrome/110.0.0.0 Safari/537.36', 1, '2023-03-07 20:39:53', NULL),
(21, 'admin', '172.18.124.93', 'Mozilla/5.0 (Windows NT 10.0; Win64; x64) AppleWebKit/537.36 (KHTML, like Gecko) Chrome/110.0.0.0 Safari/537.36', 1, '2023-03-07 21:37:26', NULL),
(22, 'admin', '172.18.124.93', 'Mozilla/5.0 (Windows NT 10.0; Win64; x64) AppleWebKit/537.36 (KHTML, like Gecko) Chrome/110.0.0.0 Safari/537.36', 1, '2023-03-07 21:46:48', NULL),
(23, 'admin', '172.18.124.121', 'Mozilla/5.0 (Windows NT 10.0; Win64; x64) AppleWebKit/537.36 (KHTML, like Gecko) Chrome/111.0.0.0 Safari/537.36', 1, '2023-03-13 16:46:14', NULL),
(24, 'admin', '172.18.124.121', 'Mozilla/5.0 (Windows NT 10.0; Win64; x64) AppleWebKit/537.36 (KHTML, like Gecko) Chrome/111.0.0.0 Safari/537.36', 1, '2023-03-14 20:31:28', NULL),
(25, 'fmpareja', '172.18.124.121', 'Mozilla/5.0 (Windows NT 10.0; Win64; x64) AppleWebKit/537.36 (KHTML, like Gecko) Chrome/111.0.0.0 Safari/537.36', 1, '2023-03-21 16:35:57', NULL),
(26, 'admin', '172.18.124.121', 'Mozilla/5.0 (Windows NT 10.0; Win64; x64) AppleWebKit/537.36 (KHTML, like Gecko) Chrome/111.0.0.0 Safari/537.36', 1, '2023-03-21 16:36:11', NULL),
(27, 'admin', '172.18.124.121', 'Mozilla/5.0 (Windows NT 10.0; Win64; x64) AppleWebKit/537.36 (KHTML, like Gecko) Chrome/111.0.0.0 Safari/537.36', 1, '2023-03-23 16:35:11', NULL),
(28, 'fmpareja', '172.18.124.121', 'Mozilla/5.0 (Windows NT 10.0; Win64; x64) AppleWebKit/537.36 (KHTML, like Gecko) Chrome/111.0.0.0 Safari/537.36', 1, '2023-03-23 19:34:54', NULL),
(29, 'fmpareja', '172.18.124.121', 'Mozilla/5.0 (Windows NT 10.0; Win64; x64) AppleWebKit/537.36 (KHTML, like Gecko) Chrome/111.0.0.0 Safari/537.36', 1, '2023-03-23 19:35:09', NULL),
(30, 'admin', '172.18.124.121', 'Mozilla/5.0 (Windows NT 10.0; Win64; x64) AppleWebKit/537.36 (KHTML, like Gecko) Chrome/111.0.0.0 Safari/537.36', 1, '2023-03-23 19:35:15', NULL),
(31, 'admin', '172.18.124.121', 'Mozilla/5.0 (Windows NT 10.0; Win64; x64) AppleWebKit/537.36 (KHTML, like Gecko) Chrome/111.0.0.0 Safari/537.36', 1, '2023-03-23 21:12:25', NULL),
(32, 'kamaro', '172.18.124.121', 'Mozilla/5.0 (Windows NT 10.0; Win64; x64) AppleWebKit/537.36 (KHTML, like Gecko) Chrome/111.0.0.0 Safari/537.36', 1, '2023-03-23 21:17:32', NULL),
(33, 'admin', '172.18.124.121', 'Mozilla/5.0 (Windows NT 10.0; Win64; x64) AppleWebKit/537.36 (KHTML, like Gecko) Chrome/111.0.0.0 Safari/537.36', 1, '2023-03-23 22:30:27', NULL),
(34, 'kamaro', '172.20.10.9', 'Mozilla/5.0 (Windows NT 10.0; Win64; x64) AppleWebKit/537.36 (KHTML, like Gecko) Chrome/111.0.0.0 Safari/537.36', 1, '2023-03-24 07:39:38', NULL),
(35, 'admin', '172.20.10.9', 'Mozilla/5.0 (Windows NT 10.0; Win64; x64) AppleWebKit/537.36 (KHTML, like Gecko) Chrome/111.0.0.0 Safari/537.36', 1, '2023-03-24 07:40:22', NULL),
(36, 'admin', '169.254.189.25', 'Mozilla/5.0 (Windows NT 10.0; Win64; x64) AppleWebKit/537.36 (KHTML, like Gecko) Chrome/111.0.0.0 Safari/537.36', 1, '2023-03-25 07:20:14', NULL),
(37, 'admin', '169.254.189.25', 'Mozilla/5.0 (Windows NT 10.0; Win64; x64) AppleWebKit/537.36 (KHTML, like Gecko) Chrome/111.0.0.0 Safari/537.36', 1, '2023-04-02 06:54:34', NULL),
(38, 'admin', '172.18.124.121', 'Mozilla/5.0 (Windows NT 10.0; Win64; x64) AppleWebKit/537.36 (KHTML, like Gecko) Chrome/111.0.0.0 Safari/537.36', 1, '2023-04-02 22:31:28', NULL),
(39, 'admin', '172.18.124.121', 'Mozilla/5.0 (Windows NT 10.0; Win64; x64) AppleWebKit/537.36 (KHTML, like Gecko) Chrome/111.0.0.0 Safari/537.36', 1, '2023-04-02 22:37:53', NULL),
(40, 'admin', '172.18.124.121', 'Mozilla/5.0 (Windows NT 10.0; Win64; x64) AppleWebKit/537.36 (KHTML, like Gecko) Chrome/111.0.0.0 Safari/537.36 Edg/111.0.1661.54', 1, '2023-04-03 18:33:24', NULL),
(41, 'fmpareja', '172.18.124.121', 'Mozilla/5.0 (Windows NT 10.0; Win64; x64) AppleWebKit/537.36 (KHTML, like Gecko) Chrome/111.0.0.0 Safari/537.36 Edg/111.0.1661.54', 1, '2023-04-03 20:31:23', NULL),
(42, 'admin', '172.18.124.121', 'Mozilla/5.0 (Windows NT 10.0; Win64; x64) AppleWebKit/537.36 (KHTML, like Gecko) Chrome/111.0.0.0 Safari/537.36 Edg/111.0.1661.54', 1, '2023-04-03 20:31:32', NULL),
(43, 'admin', '172.18.124.121', 'Mozilla/5.0 (Windows NT 10.0; Win64; x64) AppleWebKit/537.36 (KHTML, like Gecko) Chrome/111.0.0.0 Safari/537.36 Edg/111.0.1661.54', 1, '2023-04-04 15:50:21', NULL),
(44, 'fmpareja', '172.18.124.121', 'Mozilla/5.0 (Windows NT 10.0; Win64; x64) AppleWebKit/537.36 (KHTML, like Gecko) Chrome/111.0.0.0 Safari/537.36 Edg/111.0.1661.54', 1, '2023-04-05 00:01:37', NULL),
(45, 'admin', '172.18.124.121', 'Mozilla/5.0 (Windows NT 10.0; Win64; x64) AppleWebKit/537.36 (KHTML, like Gecko) Chrome/111.0.0.0 Safari/537.36 Edg/111.0.1661.54', 1, '2023-04-05 00:01:49', NULL),
(46, 'fmpareja', '172.18.124.121', 'Mozilla/5.0 (Windows NT 10.0; Win64; x64) AppleWebKit/537.36 (KHTML, like Gecko) Chrome/111.0.0.0 Safari/537.36', 1, '2023-04-05 00:27:44', NULL),
(47, 'fmpareja', '172.18.124.121', 'Mozilla/5.0 (Windows NT 10.0; Win64; x64) AppleWebKit/537.36 (KHTML, like Gecko) Chrome/111.0.0.0 Safari/537.36', 1, '2023-04-06 15:52:51', NULL),
(48, 'admin', '172.18.124.121', 'Mozilla/5.0 (Windows NT 10.0; Win64; x64) AppleWebKit/537.36 (KHTML, like Gecko) Chrome/111.0.0.0 Safari/537.36', 1, '2023-04-06 15:53:05', NULL),
(49, 'fmpareja', '172.18.124.121', 'Mozilla/5.0 (Windows NT 10.0; Win64; x64) AppleWebKit/537.36 (KHTML, like Gecko) Chrome/111.0.0.0 Safari/537.36', 1, '2023-04-06 15:54:44', NULL),
(50, 'admin', '172.18.124.121', 'Mozilla/5.0 (Windows NT 10.0; Win64; x64) AppleWebKit/537.36 (KHTML, like Gecko) Chrome/111.0.0.0 Safari/537.36', 1, '2023-04-06 16:20:50', NULL),
(51, 'fmpareja', '172.18.124.121', 'Mozilla/5.0 (Windows NT 10.0; Win64; x64) AppleWebKit/537.36 (KHTML, like Gecko) Chrome/111.0.0.0 Safari/537.36', 1, '2023-04-06 16:22:54', NULL),
(52, 'admin', '169.254.189.25', 'Mozilla/5.0 (Windows NT 10.0; Win64; x64) AppleWebKit/537.36 (KHTML, like Gecko) Chrome/111.0.0.0 Safari/537.36', 1, '2023-04-07 19:19:40', NULL),
(53, 'test', '169.254.189.25', 'Mozilla/5.0 (Windows NT 10.0; Win64; x64) AppleWebKit/537.36 (KHTML, like Gecko) Chrome/111.0.0.0 Safari/537.36', 1, '2023-04-07 23:00:37', NULL),
(54, 'admin', '169.254.189.25', 'Mozilla/5.0 (Windows NT 10.0; Win64; x64) AppleWebKit/537.36 (KHTML, like Gecko) Chrome/111.0.0.0 Safari/537.36', 1, '2023-04-07 23:00:49', NULL),
(55, 'test', '169.254.189.25', 'Mozilla/5.0 (Windows NT 10.0; Win64; x64) AppleWebKit/537.36 (KHTML, like Gecko) Chrome/111.0.0.0 Safari/537.36 Edg/111.0.1661.62', 1, '2023-04-07 23:32:39', NULL),
(56, 'fmpareja', '169.254.189.25', 'Mozilla/5.0 (Windows NT 10.0; Win64; x64) AppleWebKit/537.36 (KHTML, like Gecko) Chrome/111.0.0.0 Safari/537.36', 1, '2023-04-09 08:28:31', NULL),
(57, 'kamaro123', '169.254.189.25', 'Mozilla/5.0 (Windows NT 10.0; Win64; x64) AppleWebKit/537.36 (KHTML, like Gecko) Chrome/111.0.0.0 Safari/537.36', 1, '2023-04-09 08:31:58', NULL),
(58, 'admin', '169.254.189.25', 'Mozilla/5.0 (Windows NT 10.0; Win64; x64) AppleWebKit/537.36 (KHTML, like Gecko) Chrome/111.0.0.0 Safari/537.36', 1, '2023-04-09 08:36:10', NULL),
(59, 'fmpareja', '169.254.189.25', 'Mozilla/5.0 (Windows NT 10.0; Win64; x64) AppleWebKit/537.36 (KHTML, like Gecko) Chrome/111.0.0.0 Safari/537.36', 1, '2023-04-09 09:00:03', NULL),
(60, 'admin', '169.254.189.25', 'Mozilla/5.0 (Windows NT 10.0; Win64; x64) AppleWebKit/537.36 (KHTML, like Gecko) Chrome/111.0.0.0 Safari/537.36', 1, '2023-04-09 09:00:14', NULL),
(61, 'fmpareja', '169.254.189.25', 'Mozilla/5.0 (Windows NT 10.0; Win64; x64) AppleWebKit/537.36 (KHTML, like Gecko) Chrome/111.0.0.0 Safari/537.36', 1, '2023-04-09 09:01:37', NULL),
(62, 'test', '169.254.189.25', 'Mozilla/5.0 (Windows NT 10.0; Win64; x64) AppleWebKit/537.36 (KHTML, like Gecko) Chrome/111.0.0.0 Safari/537.36', 1, '2023-04-09 09:39:11', NULL),
(63, 'fmpareja', '169.254.189.25', 'Mozilla/5.0 (Windows NT 10.0; Win64; x64) AppleWebKit/537.36 (KHTML, like Gecko) Chrome/111.0.0.0 Safari/537.36', 1, '2023-04-09 09:39:38', NULL),
(64, 'test', '169.254.189.25', 'Mozilla/5.0 (Windows NT 10.0; Win64; x64) AppleWebKit/537.36 (KHTML, like Gecko) Chrome/111.0.0.0 Safari/537.36', 1, '2023-04-09 09:40:21', NULL),
(65, 'fmpareja', '169.254.189.25', 'Mozilla/5.0 (Windows NT 10.0; Win64; x64) AppleWebKit/537.36 (KHTML, like Gecko) Chrome/111.0.0.0 Safari/537.36', 1, '2023-04-09 09:41:25', NULL),
(66, 'admin', '169.254.189.25', 'Mozilla/5.0 (Windows NT 10.0; Win64; x64) AppleWebKit/537.36 (KHTML, like Gecko) Chrome/111.0.0.0 Safari/537.36', 1, '2023-04-09 09:41:39', NULL),
(67, 'admin', '172.18.124.121', 'Mozilla/5.0 (Windows NT 10.0; Win64; x64) AppleWebKit/537.36 (KHTML, like Gecko) Chrome/111.0.0.0 Safari/537.36', 1, '2023-04-11 18:15:12', NULL),
(68, 'fmpareja', '172.18.124.121', 'Mozilla/5.0 (Windows NT 10.0; Win64; x64) AppleWebKit/537.36 (KHTML, like Gecko) Chrome/111.0.0.0 Safari/537.36', 1, '2023-04-11 18:15:31', NULL),
(69, 'fmpareja', '172.18.124.121', 'Mozilla/5.0 (Windows NT 10.0; Win64; x64) AppleWebKit/537.36 (KHTML, like Gecko) Chrome/111.0.0.0 Safari/537.36', 1, '2023-04-11 21:26:32', NULL),
(70, 'atg', '172.18.124.121', 'Mozilla/5.0 (Windows NT 10.0; Win64; x64) AppleWebKit/537.36 (KHTML, like Gecko) Chrome/112.0.0.0 Safari/537.36 Edg/112.0.1722.34', 1, '2023-04-11 21:27:20', NULL),
(71, 'fmpareja', '172.18.124.121', 'Mozilla/5.0 (Windows NT 10.0; Win64; x64) AppleWebKit/537.36 (KHTML, like Gecko) Chrome/111.0.0.0 Safari/537.36', 1, '2023-04-12 18:26:04', NULL),
(72, 'admin', '172.18.124.121', 'Mozilla/5.0 (Windows NT 10.0; Win64; x64) AppleWebKit/537.36 (KHTML, like Gecko) Chrome/111.0.0.0 Safari/537.36', 1, '2023-04-12 19:40:41', NULL),
(73, 'admin', '172.18.124.121', 'Mozilla/5.0 (Windows NT 10.0; Win64; x64) AppleWebKit/537.36 (KHTML, like Gecko) Chrome/111.0.0.0 Safari/537.36', 1, '2023-04-12 19:43:28', NULL),
(74, 'admin', '172.18.124.121', 'Mozilla/5.0 (Windows NT 10.0; Win64; x64) AppleWebKit/537.36 (KHTML, like Gecko) Chrome/111.0.0.0 Safari/537.36', 1, '2023-04-12 19:44:14', NULL),
(75, 'admin', '172.18.124.121', 'Mozilla/5.0 (Windows NT 10.0; Win64; x64) AppleWebKit/537.36 (KHTML, like Gecko) Chrome/111.0.0.0 Safari/537.36', 1, '2023-04-12 19:44:40', NULL),
(76, 'admin', '172.18.124.121', 'Mozilla/5.0 (Windows NT 10.0; Win64; x64) AppleWebKit/537.36 (KHTML, like Gecko) Chrome/111.0.0.0 Safari/537.36', 1, '2023-04-12 19:44:48', NULL),
(77, 'admin', '172.18.124.121', 'Mozilla/5.0 (Windows NT 10.0; Win64; x64) AppleWebKit/537.36 (KHTML, like Gecko) Chrome/111.0.0.0 Safari/537.36', 1, '2023-04-12 19:45:33', NULL),
(78, 'admin', '172.18.124.121', 'Mozilla/5.0 (Windows NT 10.0; Win64; x64) AppleWebKit/537.36 (KHTML, like Gecko) Chrome/111.0.0.0 Safari/537.36', 1, '2023-04-12 19:46:20', NULL),
(79, 'admin', '172.18.124.121', 'Mozilla/5.0 (Windows NT 10.0; Win64; x64) AppleWebKit/537.36 (KHTML, like Gecko) Chrome/111.0.0.0 Safari/537.36', 1, '2023-04-12 19:47:40', NULL),
(80, 'admin', '172.18.124.121', 'Mozilla/5.0 (Windows NT 10.0; Win64; x64) AppleWebKit/537.36 (KHTML, like Gecko) Chrome/111.0.0.0 Safari/537.36', 1, '2023-04-12 19:48:30', NULL),
(81, 'admin', '172.18.124.121', 'Mozilla/5.0 (Windows NT 10.0; Win64; x64) AppleWebKit/537.36 (KHTML, like Gecko) Chrome/111.0.0.0 Safari/537.36', 1, '2023-04-12 19:48:47', NULL),
(82, 'admin', '172.18.124.121', 'Mozilla/5.0 (Windows NT 10.0; Win64; x64) AppleWebKit/537.36 (KHTML, like Gecko) Chrome/111.0.0.0 Safari/537.36', 1, '2023-04-12 19:58:19', NULL),
(83, 'admin', '172.18.124.121', 'Mozilla/5.0 (Windows NT 10.0; Win64; x64) AppleWebKit/537.36 (KHTML, like Gecko) Chrome/111.0.0.0 Safari/537.36', 1, '2023-04-12 19:58:42', NULL),
(84, 'admin', '172.18.124.121', 'Mozilla/5.0 (Windows NT 10.0; Win64; x64) AppleWebKit/537.36 (KHTML, like Gecko) Chrome/111.0.0.0 Safari/537.36', 1, '2023-04-12 19:59:21', NULL),
(85, 'admin', '172.18.124.121', 'Mozilla/5.0 (Windows NT 10.0; Win64; x64) AppleWebKit/537.36 (KHTML, like Gecko) Chrome/111.0.0.0 Safari/537.36', 1, '2023-04-12 20:00:15', NULL),
(86, 'admin', '172.18.124.121', 'Mozilla/5.0 (Windows NT 10.0; Win64; x64) AppleWebKit/537.36 (KHTML, like Gecko) Chrome/111.0.0.0 Safari/537.36', 1, '2023-04-12 20:01:00', NULL),
(87, 'fmpareja', '172.18.124.121', 'Mozilla/5.0 (Windows NT 10.0; Win64; x64) AppleWebKit/537.36 (KHTML, like Gecko) Chrome/112.0.0.0 Safari/537.36 Edg/112.0.1722.39', 1, '2023-04-12 20:01:47', NULL),
(88, 'admin', '172.18.124.121', 'Mozilla/5.0 (Windows NT 10.0; Win64; x64) AppleWebKit/537.36 (KHTML, like Gecko) Chrome/111.0.0.0 Safari/537.36', 1, '2023-04-12 20:03:59', NULL),
(89, 'admin', '172.18.124.121', 'Mozilla/5.0 (Windows NT 10.0; Win64; x64) AppleWebKit/537.36 (KHTML, like Gecko) Chrome/111.0.0.0 Safari/537.36', 1, '2023-04-12 20:04:25', NULL),
(90, 'admin', '172.18.124.121', 'Mozilla/5.0 (Windows NT 10.0; Win64; x64) AppleWebKit/537.36 (KHTML, like Gecko) Chrome/111.0.0.0 Safari/537.36', 1, '2023-04-12 20:05:17', NULL),
(91, 'admin', '172.18.124.121', 'Mozilla/5.0 (Windows NT 10.0; Win64; x64) AppleWebKit/537.36 (KHTML, like Gecko) Chrome/111.0.0.0 Safari/537.36', 1, '2023-04-12 20:06:14', NULL),
(92, 'admin', '172.18.124.121', 'Mozilla/5.0 (Windows NT 10.0; Win64; x64) AppleWebKit/537.36 (KHTML, like Gecko) Chrome/111.0.0.0 Safari/537.36', 1, '2023-04-12 20:06:41', NULL),
(93, 'admin', '172.18.124.121', 'Mozilla/5.0 (Windows NT 10.0; Win64; x64) AppleWebKit/537.36 (KHTML, like Gecko) Chrome/111.0.0.0 Safari/537.36', 1, '2023-04-12 20:07:21', NULL),
(94, 'admin', '172.18.124.121', 'Mozilla/5.0 (Windows NT 10.0; Win64; x64) AppleWebKit/537.36 (KHTML, like Gecko) Chrome/111.0.0.0 Safari/537.36', 1, '2023-04-12 20:08:20', NULL),
(95, 'admin', '172.18.124.121', 'Mozilla/5.0 (Windows NT 10.0; Win64; x64) AppleWebKit/537.36 (KHTML, like Gecko) Chrome/111.0.0.0 Safari/537.36', 1, '2023-04-12 20:10:12', NULL),
(96, 'admin', '172.18.124.121', 'Mozilla/5.0 (Windows NT 10.0; Win64; x64) AppleWebKit/537.36 (KHTML, like Gecko) Chrome/111.0.0.0 Safari/537.36', 1, '2023-04-12 20:10:29', NULL),
(97, 'admin', '172.18.124.121', 'Mozilla/5.0 (Windows NT 10.0; Win64; x64) AppleWebKit/537.36 (KHTML, like Gecko) Chrome/111.0.0.0 Safari/537.36', 1, '2023-04-12 20:13:58', NULL),
(98, 'admin', '172.18.124.121', 'Mozilla/5.0 (Windows NT 10.0; Win64; x64) AppleWebKit/537.36 (KHTML, like Gecko) Chrome/111.0.0.0 Safari/537.36', 1, '2023-04-12 20:14:24', NULL),
(99, 'admin', '172.18.124.121', 'Mozilla/5.0 (Windows NT 10.0; Win64; x64) AppleWebKit/537.36 (KHTML, like Gecko) Chrome/111.0.0.0 Safari/537.36', 1, '2023-04-12 20:15:12', NULL),
(100, 'admin', '172.18.124.121', 'Mozilla/5.0 (Windows NT 10.0; Win64; x64) AppleWebKit/537.36 (KHTML, like Gecko) Chrome/111.0.0.0 Safari/537.36', 1, '2023-04-12 20:36:35', NULL),
(101, 'admin', '172.18.124.121', 'Mozilla/5.0 (Windows NT 10.0; Win64; x64) AppleWebKit/537.36 (KHTML, like Gecko) Chrome/111.0.0.0 Safari/537.36', 1, '2023-04-12 20:52:11', NULL),
(102, 'admin', '172.18.124.121', 'Mozilla/5.0 (Windows NT 10.0; Win64; x64) AppleWebKit/537.36 (KHTML, like Gecko) Chrome/111.0.0.0 Safari/537.36', 1, '2023-04-12 21:25:39', NULL),
(103, 'admin', '172.18.124.121', 'Mozilla/5.0 (Windows NT 10.0; Win64; x64) AppleWebKit/537.36 (KHTML, like Gecko) Chrome/111.0.0.0 Safari/537.36', 1, '2023-04-12 21:39:56', NULL),
(104, 'admin', '172.18.124.121', 'Mozilla/5.0 (Windows NT 10.0; Win64; x64) AppleWebKit/537.36 (KHTML, like Gecko) Chrome/111.0.0.0 Safari/537.36', 1, '2023-04-12 21:42:15', NULL),
(105, 'admin', '172.18.124.121', 'Mozilla/5.0 (Windows NT 10.0; Win64; x64) AppleWebKit/537.36 (KHTML, like Gecko) Chrome/111.0.0.0 Safari/537.36', 1, '2023-04-12 21:44:13', NULL),
(106, 'fmpareja', '172.18.124.121', 'Mozilla/5.0 (Windows NT 10.0; Win64; x64) AppleWebKit/537.36 (KHTML, like Gecko) Chrome/112.0.0.0 Safari/537.36 Edg/112.0.1722.39', 1, '2023-04-12 21:44:55', NULL),
(107, 'fmpareja', '172.18.124.121', 'Mozilla/5.0 (Windows NT 10.0; Win64; x64) AppleWebKit/537.36 (KHTML, like Gecko) Chrome/112.0.0.0 Safari/537.36 Edg/112.0.1722.39', 1, '2023-04-12 21:49:18', NULL),
(108, 'admin', '192.168.56.1', 'Mozilla/5.0 (Windows NT 10.0; Win64; x64) AppleWebKit/537.36 (KHTML, like Gecko) Chrome/111.0.0.0 Safari/537.36', 1, '2023-04-13 17:17:09', NULL),
(109, 'admin', '192.168.56.1', 'Mozilla/5.0 (Windows NT 10.0; Win64; x64) AppleWebKit/537.36 (KHTML, like Gecko) Chrome/111.0.0.0 Safari/537.36', 1, '2023-04-13 17:17:23', NULL),
(110, 'fmpareja', '192.168.56.1', 'Mozilla/5.0 (Windows NT 10.0; Win64; x64) AppleWebKit/537.36 (KHTML, like Gecko) Chrome/111.0.0.0 Safari/537.36', 1, '2023-04-13 17:17:44', NULL),
(111, 'fmpareja', '192.168.56.1', 'Mozilla/5.0 (Windows NT 10.0; Win64; x64) AppleWebKit/537.36 (KHTML, like Gecko) Chrome/111.0.0.0 Safari/537.36', 1, '2023-04-13 23:17:02', NULL),
(112, 'admin', '192.168.56.1', 'Mozilla/5.0 (Windows NT 10.0; Win64; x64) AppleWebKit/537.36 (KHTML, like Gecko) Chrome/111.0.0.0 Safari/537.36', 1, '2023-04-13 23:20:36', NULL),
(113, 'fmpareja', '192.168.56.1', 'Mozilla/5.0 (Windows NT 10.0; Win64; x64) AppleWebKit/537.36 (KHTML, like Gecko) Chrome/111.0.0.0 Safari/537.36', 1, '2023-04-13 23:20:47', NULL),
(114, 'fmpareja', '192.168.56.1', 'Mozilla/5.0 (Windows NT 10.0; Win64; x64) AppleWebKit/537.36 (KHTML, like Gecko) Chrome/111.0.0.0 Safari/537.36', 1, '2023-04-15 19:42:58', NULL),
(115, 'fmpareja', '192.168.56.1', 'Mozilla/5.0 (Windows NT 10.0; Win64; x64) AppleWebKit/537.36 (KHTML, like Gecko) Chrome/111.0.0.0 Safari/537.36', 1, '2023-04-17 18:58:45', NULL),
(116, 'fmpareja', '192.168.56.1', 'Mozilla/5.0 (Windows NT 10.0; Win64; x64) AppleWebKit/537.36 (KHTML, like Gecko) Chrome/113.0.0.0 Safari/537.36', 1, '2023-06-01 17:45:58', NULL),
(117, 'fmpareja', '192.168.56.1', 'Mozilla/5.0 (Windows NT 10.0; Win64; x64) AppleWebKit/537.36 (KHTML, like Gecko) Chrome/114.0.0.0 Safari/537.36', 1, '2023-06-08 16:16:58', NULL),
(118, 'fmpareja', '192.168.56.1', 'Mozilla/5.0 (Windows NT 10.0; Win64; x64) AppleWebKit/537.36 (KHTML, like Gecko) Chrome/114.0.0.0 Safari/537.36', 1, '2023-07-03 14:30:13', NULL),
(119, 'fmpareja', '192.168.56.1', 'Mozilla/5.0 (Windows NT 10.0; Win64; x64) AppleWebKit/537.36 (KHTML, like Gecko) Chrome/114.0.0.0 Safari/537.36', 1, '2023-07-03 18:46:11', NULL),
(120, 'fmpareja', '192.168.56.1', 'Mozilla/5.0 (Windows NT 10.0; Win64; x64) AppleWebKit/537.36 (KHTML, like Gecko) Chrome/114.0.0.0 Safari/537.36', 1, '2023-07-03 19:57:23', NULL),
(121, 'fmpareja', '192.168.56.1', 'Mozilla/5.0 (Windows NT 10.0; Win64; x64) AppleWebKit/537.36 (KHTML, like Gecko) Chrome/114.0.0.0 Safari/537.36', 1, '2023-07-03 19:57:48', NULL),
(122, 'fmpareja', '192.168.56.1', 'Mozilla/5.0 (Windows NT 10.0; Win64; x64) AppleWebKit/537.36 (KHTML, like Gecko) Chrome/114.0.0.0 Safari/537.36', 1, '2023-07-03 23:24:07', NULL),
(123, 'fmpareja', '192.168.56.1', 'Mozilla/5.0 (Windows NT 10.0; Win64; x64) AppleWebKit/537.36 (KHTML, like Gecko) Chrome/114.0.0.0 Safari/537.36', 1, '2023-07-09 20:20:21', NULL),
(124, 'atg', '192.168.56.1', 'Mozilla/5.0 (Windows NT 10.0; Win64; x64) AppleWebKit/537.36 (KHTML, like Gecko) Chrome/114.0.0.0 Safari/537.36', 1, '2023-07-09 20:21:40', NULL),
(125, 'fmpareja', '192.168.56.1', 'Mozilla/5.0 (Windows NT 10.0; Win64; x64) AppleWebKit/537.36 (KHTML, like Gecko) Chrome/114.0.0.0 Safari/537.36', 1, '2023-07-09 20:49:25', NULL),
(126, 'fmpareja', '192.168.56.1', 'Mozilla/5.0 (Windows NT 10.0; Win64; x64) AppleWebKit/537.36 (KHTML, like Gecko) Chrome/114.0.0.0 Safari/537.36', 1, '2023-07-09 21:35:57', NULL),
(127, 'fmpareja', '192.168.56.1', 'Mozilla/5.0 (Windows NT 10.0; Win64; x64) AppleWebKit/537.36 (KHTML, like Gecko) Chrome/114.0.0.0 Safari/537.36', 1, '2023-07-09 22:50:23', NULL),
(128, 'fmpareja', '192.168.56.1', 'Mozilla/5.0 (Windows NT 10.0; Win64; x64) AppleWebKit/537.36 (KHTML, like Gecko) Chrome/114.0.0.0 Safari/537.36', 1, '2023-07-12 20:55:22', NULL),
(129, 'fmpareja', '192.168.56.1', 'Mozilla/5.0 (Windows NT 10.0; Win64; x64) AppleWebKit/537.36 (KHTML, like Gecko) Chrome/114.0.0.0 Safari/537.36', 1, '2023-07-12 21:19:58', NULL),
(130, 'fmpareja', '192.168.56.1', 'Mozilla/5.0 (Windows NT 10.0; Win64; x64) AppleWebKit/537.36 (KHTML, like Gecko) Chrome/114.0.0.0 Safari/537.36', 1, '2023-07-12 21:47:41', NULL),
(131, 'fmpareja', '192.168.56.1', 'Mozilla/5.0 (Windows NT 10.0; Win64; x64) AppleWebKit/537.36 (KHTML, like Gecko) Chrome/114.0.0.0 Safari/537.36', 1, '2023-07-12 21:49:31', NULL),
(132, 'fmpareja', '192.168.56.1', 'Mozilla/5.0 (Windows NT 10.0; Win64; x64) AppleWebKit/537.36 (KHTML, like Gecko) Chrome/114.0.0.0 Safari/537.36', 1, '2023-07-12 21:51:44', NULL),
(133, 'fmpareja', '192.168.56.1', 'Mozilla/5.0 (Windows NT 10.0; Win64; x64) AppleWebKit/537.36 (KHTML, like Gecko) Chrome/114.0.0.0 Safari/537.36', 1, '2023-07-12 22:12:50', NULL),
(134, 'fmpareja', '192.168.56.1', 'Mozilla/5.0 (Windows NT 10.0; Win64; x64) AppleWebKit/537.36 (KHTML, like Gecko) Chrome/114.0.0.0 Safari/537.36', 1, '2023-07-12 22:28:09', NULL),
(135, 'fmpareja', '192.168.56.1', 'Mozilla/5.0 (Windows NT 10.0; Win64; x64) AppleWebKit/537.36 (KHTML, like Gecko) Chrome/114.0.0.0 Safari/537.36', 1, '2023-07-12 22:33:59', NULL),
(136, 'fmpareja', '192.168.56.1', 'Mozilla/5.0 (Windows NT 10.0; Win64; x64) AppleWebKit/537.36 (KHTML, like Gecko) Chrome/114.0.0.0 Safari/537.36', 1, '2023-07-12 22:36:42', NULL),
(137, 'fmpareja', '192.168.56.1', 'Mozilla/5.0 (Windows NT 10.0; Win64; x64) AppleWebKit/537.36 (KHTML, like Gecko) Chrome/114.0.0.0 Safari/537.36', 1, '2023-07-12 22:37:05', NULL),
(138, 'fmpareja', '192.168.56.1', 'Mozilla/5.0 (Windows NT 10.0; Win64; x64) AppleWebKit/537.36 (KHTML, like Gecko) Chrome/114.0.0.0 Safari/537.36', 1, '2023-07-12 23:15:20', NULL),
(139, 'admin', '192.168.56.1', 'Mozilla/5.0 (Windows NT 10.0; Win64; x64) AppleWebKit/537.36 (KHTML, like Gecko) Chrome/114.0.0.0 Safari/537.36 Edg/114.0.1823.79', 1, '2023-07-13 17:58:08', NULL),
(140, 'kyrtjurada', '192.168.56.1', 'Mozilla/5.0 (Windows NT 10.0; Win64; x64) AppleWebKit/537.36 (KHTML, like Gecko) Chrome/114.0.0.0 Safari/537.36 Edg/114.0.1823.79', 1, '2023-07-13 18:30:05', NULL),
(141, 'admin', '192.168.56.1', 'Mozilla/5.0 (Windows NT 10.0; Win64; x64) AppleWebKit/537.36 (KHTML, like Gecko) Chrome/114.0.0.0 Safari/537.36 Edg/114.0.1823.79', 1, '2023-07-13 18:35:54', NULL),
(142, 'admin', '192.168.56.1', 'Mozilla/5.0 (Windows NT 10.0; Win64; x64) AppleWebKit/537.36 (KHTML, like Gecko) Chrome/114.0.0.0 Safari/537.36 Edg/114.0.1823.79', 1, '2023-07-13 18:50:29', NULL),
(143, 'admin', '192.168.56.1', 'Mozilla/5.0 (Windows NT 10.0; Win64; x64) AppleWebKit/537.36 (KHTML, like Gecko) Chrome/114.0.0.0 Safari/537.36 Edg/114.0.1823.79', 1, '2023-07-13 18:52:33', NULL),
(144, 'admin', '192.168.56.1', 'Mozilla/5.0 (Windows NT 10.0; Win64; x64) AppleWebKit/537.36 (KHTML, like Gecko) Chrome/114.0.0.0 Safari/537.36 Edg/114.0.1823.79', 1, '2023-07-13 19:06:08', NULL),
(145, 'admin', '192.168.56.1', 'Mozilla/5.0 (Windows NT 10.0; Win64; x64) AppleWebKit/537.36 (KHTML, like Gecko) Chrome/114.0.0.0 Safari/537.36 Edg/114.0.1823.79', 1, '2023-07-13 19:08:38', NULL),
(146, 'admin', '192.168.56.1', 'Mozilla/5.0 (Windows NT 10.0; Win64; x64) AppleWebKit/537.36 (KHTML, like Gecko) Chrome/114.0.0.0 Safari/537.36 Edg/114.0.1823.79', 1, '2023-07-13 19:46:16', NULL),
(147, 'admin', '192.168.56.1', 'Mozilla/5.0 (Windows NT 10.0; Win64; x64) AppleWebKit/537.36 (KHTML, like Gecko) Chrome/114.0.0.0 Safari/537.36 Edg/114.0.1823.79', 1, '2023-07-16 18:52:24', NULL),
(148, 'fmpareja', '192.168.56.1', 'Mozilla/5.0 (Windows NT 10.0; Win64; x64) AppleWebKit/537.36 (KHTML, like Gecko) Chrome/114.0.0.0 Safari/537.36 Edg/114.0.1823.79', 1, '2023-07-16 18:52:42', NULL),
(149, 'fmpareja', '192.168.56.1', 'Mozilla/5.0 (Windows NT 10.0; Win64; x64) AppleWebKit/537.36 (KHTML, like Gecko) Chrome/114.0.0.0 Safari/537.36 Edg/114.0.1823.79', 1, '2023-07-17 17:56:43', NULL),
(150, 'fmpareja', '192.168.56.1', 'Mozilla/5.0 (Windows NT 10.0; Win64; x64) AppleWebKit/537.36 (KHTML, like Gecko) Chrome/114.0.0.0 Safari/537.36 Edg/114.0.1823.79', 1, '2023-07-17 22:02:15', NULL),
(151, 'fmpareja', '192.168.56.1', 'Mozilla/5.0 (Windows NT 10.0; Win64; x64) AppleWebKit/537.36 (KHTML, like Gecko) Chrome/115.0.0.0 Safari/537.36', 1, '2023-07-27 21:37:54', NULL),
(152, 'admin', '192.168.56.1', 'Mozilla/5.0 (Windows NT 10.0; Win64; x64) AppleWebKit/537.36 (KHTML, like Gecko) Chrome/115.0.0.0 Safari/537.36 Edg/115.0.1901.188', 1, '2023-08-08 23:10:28', NULL),
(153, 'fmpareja', '192.168.56.1', 'Mozilla/5.0 (Windows NT 10.0; Win64; x64) AppleWebKit/537.36 (KHTML, like Gecko) Chrome/115.0.0.0 Safari/537.36 Edg/115.0.1901.200', 1, '2023-08-10 17:33:27', NULL),
(154, 'admin', '192.168.56.1', 'Mozilla/5.0 (Windows NT 10.0; Win64; x64) AppleWebKit/537.36 (KHTML, like Gecko) Chrome/116.0.0.0 Safari/537.36', 1, '2023-09-05 23:27:41', NULL),
(155, 'admin', '192.168.56.1', 'Mozilla/5.0 (Windows NT 10.0; Win64; x64) AppleWebKit/537.36 (KHTML, like Gecko) Chrome/116.0.0.0 Safari/537.36', 1, '2023-09-07 19:25:25', NULL),
(156, 'admin', '192.168.56.1', 'Mozilla/5.0 (Windows NT 10.0; Win64; x64) AppleWebKit/537.36 (KHTML, like Gecko) Chrome/116.0.0.0 Safari/537.36', 1, '2023-09-11 17:07:08', NULL),
(157, 'admin', '192.168.56.1', 'Mozilla/5.0 (Windows NT 10.0; Win64; x64) AppleWebKit/537.36 (KHTML, like Gecko) Chrome/116.0.0.0 Safari/537.36 Edg/116.0.1938.69', 1, '2023-09-11 17:18:59', NULL),
(158, 'admin', '192.168.56.1', 'Mozilla/5.0 (Windows NT 10.0; Win64; x64) AppleWebKit/537.36 (KHTML, like Gecko) Chrome/116.0.0.0 Safari/537.36', 1, '2023-09-12 19:58:39', NULL),
(159, 'admin', '192.168.56.1', 'Mozilla/5.0 (Windows NT 10.0; Win64; x64) AppleWebKit/537.36 (KHTML, like Gecko) Chrome/116.0.0.0 Safari/537.36 Edg/116.0.1938.76', 1, '2023-09-12 20:22:45', NULL),
(160, 'admin', '192.168.56.1', 'Mozilla/5.0 (Windows NT 10.0; Win64; x64) AppleWebKit/537.36 (KHTML, like Gecko) Chrome/120.0.0.0 Safari/537.36', 1, '2023-12-22 00:26:33', NULL),
(161, 'admin', '192.168.56.1', 'Mozilla/5.0 (Windows NT 10.0; Win64; x64) AppleWebKit/537.36 (KHTML, like Gecko) Chrome/120.0.0.0 Safari/537.36', 1, '2023-12-26 15:28:46', NULL);

-- --------------------------------------------------------

--
-- Table structure for table `nationalities`
--

CREATE TABLE `nationalities` (
  `id` int(11) NOT NULL,
  `country_name` varchar(100) NOT NULL,
  `nationality` varchar(100) NOT NULL,
  `created_at` timestamp NOT NULL DEFAULT current_timestamp(),
  `updated_at` timestamp NOT NULL DEFAULT current_timestamp()
) ENGINE=InnoDB DEFAULT CHARSET=utf8mb4 COLLATE=utf8mb4_general_ci;

--
-- Dumping data for table `nationalities`
--

INSERT INTO `nationalities` (`id`, `country_name`, `nationality`, `created_at`, `updated_at`) VALUES
(1, 'Afghanistan', 'Afghan', '2024-11-11 08:30:57', '2024-11-11 08:30:57'),
(2, 'Albania', 'Albanian', '2024-11-11 08:30:57', '2024-11-11 08:30:57'),
(3, 'Algeria', 'Algerian', '2024-11-11 08:30:57', '2024-11-11 08:30:57'),
(4, 'Andorra', 'Andorran', '2024-11-11 08:30:57', '2024-11-11 08:30:57'),
(5, 'Angola', 'Angolan', '2024-11-11 08:30:57', '2024-11-11 08:30:57'),
(6, 'Antigua and Barbuda', 'Antiguan or Barbudan', '2024-11-11 08:30:57', '2024-11-11 08:30:57'),
(7, 'Argentina', 'Argentine', '2024-11-11 08:30:57', '2024-11-11 08:30:57'),
(8, 'Armenia', 'Armenian', '2024-11-11 08:30:57', '2024-11-11 08:30:57'),
(9, 'Australia', 'Australian', '2024-11-11 08:30:57', '2024-11-11 08:30:57'),
(10, 'Austria', 'Austrian', '2024-11-11 08:30:57', '2024-11-11 08:30:57'),
(11, 'Azerbaijan', 'Azerbaijani', '2024-11-11 08:30:57', '2024-11-11 08:30:57'),
(12, 'Bahamas', 'Bahamian', '2024-11-11 08:30:57', '2024-11-11 08:30:57'),
(13, 'Bahrain', 'Bahraini', '2024-11-11 08:30:57', '2024-11-11 08:30:57'),
(14, 'Bangladesh', 'Bangladeshi', '2024-11-11 08:30:57', '2024-11-11 08:30:57'),
(15, 'Barbados', 'Barbadian', '2024-11-11 08:30:57', '2024-11-11 08:30:57'),
(16, 'Belarus', 'Belarusian', '2024-11-11 08:30:57', '2024-11-11 08:30:57'),
(17, 'Belgium', 'Belgian', '2024-11-11 08:30:57', '2024-11-11 08:30:57'),
(18, 'Belize', 'Belizean', '2024-11-11 08:30:57', '2024-11-11 08:30:57'),
(19, 'Benin', 'Beninese', '2024-11-11 08:30:57', '2024-11-11 08:30:57'),
(20, 'Bhutan', 'Bhutanese', '2024-11-11 08:30:57', '2024-11-11 08:30:57'),
(21, 'Bolivia', 'Bolivian', '2024-11-11 08:30:57', '2024-11-11 08:30:57'),
(22, 'Bosnia and Herzegovina', 'Bosnian', '2024-11-11 08:30:57', '2024-11-11 08:30:57'),
(23, 'Botswana', 'Botswana', '2024-11-11 08:30:57', '2024-11-11 08:30:57'),
(24, 'Brazil', 'Brazilian', '2024-11-11 08:30:57', '2024-11-11 08:30:57'),
(25, 'Brunei', 'Bruneian', '2024-11-11 08:30:57', '2024-11-11 08:30:57'),
(26, 'Bulgaria', 'Bulgarian', '2024-11-11 08:30:57', '2024-11-11 08:30:57'),
(27, 'Burkina Faso', 'Burkinabe', '2024-11-11 08:30:57', '2024-11-11 08:30:57'),
(28, 'Burundi', 'Burundian', '2024-11-11 08:30:57', '2024-11-11 08:30:57'),
(29, 'Cabo Verde', 'Cape Verdean', '2024-11-11 08:30:57', '2024-11-11 08:30:57'),
(30, 'Cambodia', 'Cambodian', '2024-11-11 08:30:57', '2024-11-11 08:30:57'),
(31, 'Cameroon', 'Cameroonian', '2024-11-11 08:30:57', '2024-11-11 08:30:57'),
(32, 'Canada', 'Canadian', '2024-11-11 08:30:57', '2024-11-11 08:30:57'),
(33, 'Central African Republic', 'Central African', '2024-11-11 08:30:57', '2024-11-11 08:30:57'),
(34, 'Chad', 'Chadian', '2024-11-11 08:30:57', '2024-11-11 08:30:57'),
(35, 'Chile', 'Chilean', '2024-11-11 08:30:57', '2024-11-11 08:30:57'),
(36, 'China', 'Chinese', '2024-11-11 08:30:57', '2024-11-11 08:30:57'),
(37, 'Colombia', 'Colombian', '2024-11-11 08:30:57', '2024-11-11 08:30:57'),
(38, 'Comoros', 'Comoran', '2024-11-11 08:30:57', '2024-11-11 08:30:57'),
(39, 'Congo, Democratic Republic of the', 'Congolese', '2024-11-11 08:30:57', '2024-11-11 08:30:57'),
(40, 'Congo, Republic of the', 'Congolese', '2024-11-11 08:30:57', '2024-11-11 08:30:57'),
(41, 'Costa Rica', 'Costa Rican', '2024-11-11 08:30:57', '2024-11-11 08:30:57'),
(42, 'Croatia', 'Croatian', '2024-11-11 08:30:57', '2024-11-11 08:30:57'),
(43, 'Cuba', 'Cuban', '2024-11-11 08:30:57', '2024-11-11 08:30:57'),
(44, 'Cyprus', 'Cypriot', '2024-11-11 08:30:57', '2024-11-11 08:30:57'),
(45, 'Czech Republic', 'Czech', '2024-11-11 08:30:57', '2024-11-11 08:30:57'),
(46, 'Denmark', 'Danish', '2024-11-11 08:30:57', '2024-11-11 08:30:57'),
(47, 'Djibouti', 'Djiboutian', '2024-11-11 08:30:57', '2024-11-11 08:30:57'),
(48, 'Dominica', 'Dominican', '2024-11-11 08:30:57', '2024-11-11 08:30:57'),
(49, 'Dominican Republic', 'Dominican', '2024-11-11 08:30:57', '2024-11-11 08:30:57'),
(50, 'Ecuador', 'Ecuadorian', '2024-11-11 08:30:57', '2024-11-11 08:30:57'),
(51, 'Egypt', 'Egyptian', '2024-11-11 08:30:57', '2024-11-11 08:30:57'),
(52, 'El Salvador', 'Salvadoran', '2024-11-11 08:30:57', '2024-11-11 08:30:57'),
(53, 'Equatorial Guinea', 'Equatoguinean', '2024-11-11 08:30:57', '2024-11-11 08:30:57'),
(54, 'Eritrea', 'Eritrean', '2024-11-11 08:30:57', '2024-11-11 08:30:57'),
(55, 'Estonia', 'Estonian', '2024-11-11 08:30:57', '2024-11-11 08:30:57'),
(56, 'Eswatini', 'Swazi', '2024-11-11 08:30:57', '2024-11-11 08:30:57'),
(57, 'Ethiopia', 'Ethiopian', '2024-11-11 08:30:57', '2024-11-11 08:30:57'),
(58, 'Fiji', 'Fijian', '2024-11-11 08:30:57', '2024-11-11 08:30:57'),
(59, 'Finland', 'Finnish', '2024-11-11 08:30:57', '2024-11-11 08:30:57'),
(60, 'France', 'French', '2024-11-11 08:30:57', '2024-11-11 08:30:57'),
(61, 'Gabon', 'Gabonese', '2024-11-11 08:30:57', '2024-11-11 08:30:57'),
(62, 'Gambia', 'Gambian', '2024-11-11 08:30:57', '2024-11-11 08:30:57'),
(63, 'Georgia', 'Georgian', '2024-11-11 08:30:57', '2024-11-11 08:30:57'),
(64, 'Germany', 'German', '2024-11-11 08:30:57', '2024-11-11 08:30:57'),
(65, 'Ghana', 'Ghanaian', '2024-11-11 08:30:57', '2024-11-11 08:30:57'),
(66, 'Greece', 'Greek', '2024-11-11 08:30:57', '2024-11-11 08:30:57'),
(67, 'Grenada', 'Grenadian', '2024-11-11 08:30:57', '2024-11-11 08:30:57'),
(68, 'Guatemala', 'Guatemalan', '2024-11-11 08:30:57', '2024-11-11 08:30:57'),
(69, 'Guinea', 'Guinean', '2024-11-11 08:30:57', '2024-11-11 08:30:57'),
(70, 'Guinea-Bissau', 'Guinea-Bissauan', '2024-11-11 08:30:57', '2024-11-11 08:30:57'),
(71, 'Guyana', 'Guyanese', '2024-11-11 08:30:57', '2024-11-11 08:30:57'),
(72, 'Haiti', 'Haitian', '2024-11-11 08:30:57', '2024-11-11 08:30:57'),
(73, 'Honduras', 'Honduran', '2024-11-11 08:30:57', '2024-11-11 08:30:57'),
(74, 'Hungary', 'Hungarian', '2024-11-11 08:30:57', '2024-11-11 08:30:57'),
(75, 'Iceland', 'Icelander', '2024-11-11 08:30:57', '2024-11-11 08:30:57'),
(76, 'India', 'Indian', '2024-11-11 08:30:57', '2024-11-11 08:30:57'),
(77, 'Indonesia', 'Indonesian', '2024-11-11 08:30:57', '2024-11-11 08:30:57'),
(78, 'Iran', 'Iranian', '2024-11-11 08:30:57', '2024-11-11 08:30:57'),
(79, 'Iraq', 'Iraqi', '2024-11-11 08:30:57', '2024-11-11 08:30:57'),
(80, 'Ireland', 'Irish', '2024-11-11 08:30:57', '2024-11-11 08:30:57'),
(81, 'Israel', 'Israeli', '2024-11-11 08:30:57', '2024-11-11 08:30:57'),
(82, 'Italy', 'Italian', '2024-11-11 08:30:57', '2024-11-11 08:30:57'),
(83, 'Jamaica', 'Jamaican', '2024-11-11 08:30:57', '2024-11-11 08:30:57'),
(84, 'Japan', 'Japanese', '2024-11-11 08:30:57', '2024-11-11 08:30:57'),
(85, 'Jordan', 'Jordanian', '2024-11-11 08:30:57', '2024-11-11 08:30:57'),
(86, 'Kazakhstan', 'Kazakhstani', '2024-11-11 08:30:57', '2024-11-11 08:30:57'),
(87, 'Kenya', 'Kenyan', '2024-11-11 08:30:57', '2024-11-11 08:30:57'),
(88, 'Kiribati', 'I-Kiribati', '2024-11-11 08:30:57', '2024-11-11 08:30:57'),
(89, 'Korea, North', 'North Korean', '2024-11-11 08:30:57', '2024-11-11 08:30:57'),
(90, 'Korea, South', 'South Korean', '2024-11-11 08:30:57', '2024-11-11 08:30:57'),
(91, 'Kuwait', 'Kuwaiti', '2024-11-11 08:30:57', '2024-11-11 08:30:57'),
(92, 'Kyrgyzstan', 'Kyrgyzstani', '2024-11-11 08:30:57', '2024-11-11 08:30:57'),
(93, 'Laos', 'Laotian', '2024-11-11 08:30:57', '2024-11-11 08:30:57'),
(94, 'Latvia', 'Latvian', '2024-11-11 08:30:57', '2024-11-11 08:30:57'),
(95, 'Lebanon', 'Lebanese', '2024-11-11 08:30:57', '2024-11-11 08:30:57'),
(96, 'Lesotho', 'Mosotho', '2024-11-11 08:30:57', '2024-11-11 08:30:57'),
(97, 'Liberia', 'Liberian', '2024-11-11 08:30:57', '2024-11-11 08:30:57'),
(98, 'Libya', 'Libyan', '2024-11-11 08:30:57', '2024-11-11 08:30:57'),
(99, 'Liechtenstein', 'Liechtensteiner', '2024-11-11 08:30:57', '2024-11-11 08:30:57'),
(100, 'Lithuania', 'Lithuanian', '2024-11-11 08:30:57', '2024-11-11 08:30:57'),
(101, 'Luxembourg', 'Luxembourger', '2024-11-11 08:30:57', '2024-11-11 08:30:57'),
(102, 'Madagascar', 'Malagasy', '2024-11-11 08:30:57', '2024-11-11 08:30:57'),
(103, 'Malawi', 'Malawian', '2024-11-11 08:30:57', '2024-11-11 08:30:57'),
(104, 'Malaysia', 'Malaysian', '2024-11-11 08:30:57', '2024-11-11 08:30:57'),
(105, 'Maldives', 'Maldivian', '2024-11-11 08:30:57', '2024-11-11 08:30:57'),
(106, 'Mali', 'Malian', '2024-11-11 08:30:57', '2024-11-11 08:30:57'),
(107, 'Malta', 'Maltese', '2024-11-11 08:30:57', '2024-11-11 08:30:57'),
(108, 'Marshall Islands', 'Marshallese', '2024-11-11 08:30:57', '2024-11-11 08:30:57'),
(109, 'Mauritania', 'Mauritanian', '2024-11-11 08:30:57', '2024-11-11 08:30:57'),
(110, 'Mauritius', 'Mauritian', '2024-11-11 08:30:57', '2024-11-11 08:30:57'),
(111, 'Mexico', 'Mexican', '2024-11-11 08:30:57', '2024-11-11 08:30:57'),
(112, 'Micronesia', 'Micronesian', '2024-11-11 08:30:57', '2024-11-11 08:30:57'),
(113, 'Moldova', 'Moldovan', '2024-11-11 08:30:57', '2024-11-11 08:30:57'),
(114, 'Monaco', 'Monacan', '2024-11-11 08:30:57', '2024-11-11 08:30:57'),
(115, 'Mongolia', 'Mongolian', '2024-11-11 08:30:57', '2024-11-11 08:30:57'),
(116, 'Montenegro', 'Montenegrin', '2024-11-11 08:30:57', '2024-11-11 08:30:57'),
(117, 'Morocco', 'Moroccan', '2024-11-11 08:30:57', '2024-11-11 08:30:57'),
(118, 'Mozambique', 'Mozambican', '2024-11-11 08:30:57', '2024-11-11 08:30:57'),
(119, 'Myanmar', 'Burmese', '2024-11-11 08:30:57', '2024-11-11 08:30:57'),
(120, 'Namibia', 'Namibian', '2024-11-11 08:30:57', '2024-11-11 08:30:57'),
(121, 'Nauru', 'Nauruan', '2024-11-11 08:30:57', '2024-11-11 08:30:57'),
(122, 'Nepal', 'Nepalese', '2024-11-11 08:30:57', '2024-11-11 08:30:57'),
(123, 'Netherlands', 'Dutch', '2024-11-11 08:30:57', '2024-11-11 08:30:57'),
(124, 'New Zealand', 'New Zealander', '2024-11-11 08:30:57', '2024-11-11 08:30:57'),
(125, 'Nicaragua', 'Nicaraguan', '2024-11-11 08:30:57', '2024-11-11 08:30:57'),
(126, 'Niger', 'Nigerien', '2024-11-11 08:30:57', '2024-11-11 08:30:57'),
(127, 'Nigeria', 'Nigerian', '2024-11-11 08:30:57', '2024-11-11 08:30:57'),
(128, 'North Macedonia', 'Macedonian', '2024-11-11 08:30:57', '2024-11-11 08:30:57'),
(129, 'Norway', 'Norwegian', '2024-11-11 08:30:57', '2024-11-11 08:30:57'),
(130, 'Oman', 'Omani', '2024-11-11 08:30:57', '2024-11-11 08:30:57'),
(131, 'Pakistan', 'Pakistani', '2024-11-11 08:30:57', '2024-11-11 08:30:57'),
(132, 'Palau', 'Palauan', '2024-11-11 08:30:57', '2024-11-11 08:30:57'),
(133, 'Palestine', 'Palestinian', '2024-11-11 08:30:57', '2024-11-11 08:30:57'),
(134, 'Panama', 'Panamanian', '2024-11-11 08:30:57', '2024-11-11 08:30:57'),
(135, 'Papua New Guinea', 'Papua New Guinean', '2024-11-11 08:30:57', '2024-11-11 08:30:57'),
(136, 'Paraguay', 'Paraguayan', '2024-11-11 08:30:57', '2024-11-11 08:30:57'),
(137, 'Peru', 'Peruvian', '2024-11-11 08:30:57', '2024-11-11 08:30:57'),
(138, 'Philippines', 'Filipino', '2024-11-11 08:30:57', '2024-11-11 08:30:57'),
(139, 'Poland', 'Polish', '2024-11-11 08:30:57', '2024-11-11 08:30:57'),
(140, 'Portugal', 'Portuguese', '2024-11-11 08:30:57', '2024-11-11 08:30:57'),
(141, 'Qatar', 'Qatari', '2024-11-11 08:30:57', '2024-11-11 08:30:57'),
(142, 'Romania', 'Romanian', '2024-11-11 08:30:57', '2024-11-11 08:30:57'),
(143, 'Russia', 'Russian', '2024-11-11 08:30:57', '2024-11-11 08:30:57'),
(144, 'Rwanda', 'Rwandan', '2024-11-11 08:30:57', '2024-11-11 08:30:57'),
(145, 'Saint Kitts and Nevis', 'Kittitian or Nevisian', '2024-11-11 08:30:57', '2024-11-11 08:30:57'),
(146, 'Saint Lucia', 'Saint Lucian', '2024-11-11 08:30:57', '2024-11-11 08:30:57'),
(147, 'Saint Vincent and the Grenadines', 'Saint Vincentian', '2024-11-11 08:30:57', '2024-11-11 08:30:57'),
(148, 'Samoa', 'Samoan', '2024-11-11 08:30:57', '2024-11-11 08:30:57'),
(149, 'San Marino', 'Sammarinese', '2024-11-11 08:30:57', '2024-11-11 08:30:57'),
(150, 'Sao Tome and Principe', 'Sao Tomean', '2024-11-11 08:30:57', '2024-11-11 08:30:57'),
(151, 'Saudi Arabia', 'Saudi', '2024-11-11 08:30:57', '2024-11-11 08:30:57'),
(152, 'Senegal', 'Senegalese', '2024-11-11 08:30:57', '2024-11-11 08:30:57'),
(153, 'Serbia', 'Serbian', '2024-11-11 08:30:57', '2024-11-11 08:30:57'),
(154, 'Seychelles', 'Seychellois', '2024-11-11 08:30:57', '2024-11-11 08:30:57'),
(155, 'Sierra Leone', 'Sierra Leonean', '2024-11-11 08:30:57', '2024-11-11 08:30:57'),
(156, 'Singapore', 'Singaporean', '2024-11-11 08:30:57', '2024-11-11 08:30:57'),
(157, 'Slovakia', 'Slovak', '2024-11-11 08:30:57', '2024-11-11 08:30:57'),
(158, 'Slovenia', 'Slovenian', '2024-11-11 08:30:57', '2024-11-11 08:30:57'),
(159, 'Solomon Islands', 'Solomon Islander', '2024-11-11 08:30:57', '2024-11-11 08:30:57'),
(160, 'Somalia', 'Somali', '2024-11-11 08:30:57', '2024-11-11 08:30:57'),
(161, 'South Africa', 'South African', '2024-11-11 08:30:57', '2024-11-11 08:30:57'),
(162, 'South Sudan', 'South Sudanese', '2024-11-11 08:30:57', '2024-11-11 08:30:57'),
(163, 'Spain', 'Spanish', '2024-11-11 08:30:57', '2024-11-11 08:30:57'),
(164, 'Sri Lanka', 'Sri Lankan', '2024-11-11 08:30:57', '2024-11-11 08:30:57'),
(165, 'Sudan', 'Sudanese', '2024-11-11 08:30:57', '2024-11-11 08:30:57'),
(166, 'Suriname', 'Surinamese', '2024-11-11 08:30:57', '2024-11-11 08:30:57'),
(167, 'Sweden', 'Swedish', '2024-11-11 08:30:57', '2024-11-11 08:30:57'),
(168, 'Switzerland', 'Swiss', '2024-11-11 08:30:57', '2024-11-11 08:30:57'),
(169, 'Syria', 'Syrian', '2024-11-11 08:30:57', '2024-11-11 08:30:57'),
(170, 'Taiwan', 'Taiwanese', '2024-11-11 08:30:57', '2024-11-11 08:30:57'),
(171, 'Tajikistan', 'Tajik', '2024-11-11 08:30:57', '2024-11-11 08:30:57'),
(172, 'Tanzania', 'Tanzanian', '2024-11-11 08:30:57', '2024-11-11 08:30:57'),
(173, 'Thailand', 'Thai', '2024-11-11 08:30:57', '2024-11-11 08:30:57'),
(174, 'Togo', 'Togolese', '2024-11-11 08:30:57', '2024-11-11 08:30:57'),
(175, 'Tonga', 'Tongan', '2024-11-11 08:30:57', '2024-11-11 08:30:57'),
(176, 'Trinidad and Tobago', 'Trinidadian or Tobagonian', '2024-11-11 08:30:57', '2024-11-11 08:30:57'),
(177, 'Tunisia', 'Tunisian', '2024-11-11 08:30:57', '2024-11-11 08:30:57'),
(178, 'Turkey', 'Turkish', '2024-11-11 08:30:57', '2024-11-11 08:30:57'),
(179, 'Turkmenistan', 'Turkmen', '2024-11-11 08:30:57', '2024-11-11 08:30:57'),
(180, 'Tuvalu', 'Tuvaluan', '2024-11-11 08:30:57', '2024-11-11 08:30:57'),
(181, 'Uganda', 'Ugandan', '2024-11-11 08:30:57', '2024-11-11 08:30:57'),
(182, 'Ukraine', 'Ukrainian', '2024-11-11 08:30:57', '2024-11-11 08:30:57'),
(183, 'United Arab Emirates', 'Emirati', '2024-11-11 08:30:57', '2024-11-11 08:30:57'),
(184, 'United Kingdom', 'British', '2024-11-11 08:30:57', '2024-11-11 08:30:57'),
(185, 'United States', 'American', '2024-11-11 08:30:57', '2024-11-11 08:30:57'),
(186, 'Uruguay', 'Uruguayan', '2024-11-11 08:30:57', '2024-11-11 08:30:57'),
(187, 'Uzbekistan', 'Uzbek', '2024-11-11 08:30:57', '2024-11-11 08:30:57'),
(188, 'Vanuatu', 'Ni-Vanuatu', '2024-11-11 08:30:57', '2024-11-11 08:30:57'),
(189, 'Vatican City', 'Vatican', '2024-11-11 08:30:57', '2024-11-11 08:30:57'),
(190, 'Venezuela', 'Venezuelan', '2024-11-11 08:30:57', '2024-11-11 08:30:57'),
(191, 'Vietnam', 'Vietnamese', '2024-11-11 08:30:57', '2024-11-11 08:30:57'),
(192, 'Yemen', 'Yemeni', '2024-11-11 08:30:57', '2024-11-11 08:30:57'),
(193, 'Zambia', 'Zambian', '2024-11-11 08:30:57', '2024-11-11 08:30:57'),
(194, 'Zimbabwe', 'Zimbabwean', '2024-11-11 08:30:57', '2024-11-11 08:30:57');

-- --------------------------------------------------------

--
-- Table structure for table `navgroup`
--

CREATE TABLE `navgroup` (
  `groupid` int(11) DEFAULT NULL,
  `navid` int(11) DEFAULT NULL,
  `status` int(11) DEFAULT NULL
) ENGINE=MyISAM DEFAULT CHARSET=utf8mb4 COLLATE=utf8mb4_general_ci;

--
-- Dumping data for table `navgroup`
--

INSERT INTO `navgroup` (`groupid`, `navid`, `status`) VALUES
(2, 1, NULL),
(2, 2, NULL),
(2, 3, NULL),
(2, 4, NULL),
(2, 5, NULL),
(2, 6, NULL),
(2, 7, NULL);

-- --------------------------------------------------------

--
-- Table structure for table `navigationlist`
--

CREATE TABLE `navigationlist` (
  `ID` int(11) NOT NULL,
  `NavigationName` varchar(50) NOT NULL,
  `PageName` varchar(50) NOT NULL,
  `NavType` int(11) NOT NULL,
  `ParentID` int(11) NOT NULL,
  `Icon` varchar(50) NOT NULL
) ENGINE=MyISAM DEFAULT CHARSET=utf8mb4 COLLATE=utf8mb4_general_ci;

--
-- Dumping data for table `navigationlist`
--

INSERT INTO `navigationlist` (`ID`, `NavigationName`, `PageName`, `NavType`, `ParentID`, `Icon`) VALUES
(1, 'Navigation Pages', '', 0, 0, ''),
(2, 'Account Pages', '', 0, 0, ''),
(3, 'Navigation', 'Navigation', 1, 1, 'menu'),
(4, 'Application List', 'appmgmtlist', 1, 1, 'apps'),
(5, 'Profile', 'profile', 1, 2, 'person'),
(7, 'Users', 'OnlineUsers', 1, 2, 'group'),
(26, 'Settings', '', 0, 0, ''),
(27, 'Groups', 'groupsmgmt', 1, 26, 'group'),
(28, 'Login Attempts', 'loginattempts', 1, 26, 'login');

-- --------------------------------------------------------

--
-- Table structure for table `permission_categories`
--

CREATE TABLE `permission_categories` (
  `id` bigint(20) NOT NULL,
  `name` varchar(255) NOT NULL,
  `description` text DEFAULT NULL,
  `created_at` timestamp NOT NULL DEFAULT current_timestamp(),
  `updated_at` timestamp NOT NULL DEFAULT current_timestamp() ON UPDATE current_timestamp()
) ENGINE=InnoDB DEFAULT CHARSET=utf8mb4 COLLATE=utf8mb4_general_ci;

--
-- Dumping data for table `permission_categories`
--

INSERT INTO `permission_categories` (`id`, `name`, `description`, `created_at`, `updated_at`) VALUES
(2, 'Home', 'View Home', '2024-11-27 05:53:14', '2024-11-27 05:53:33'),
(3, 'Profile', 'View Profile', '2024-11-27 05:53:26', '2024-11-27 05:53:26'),
(4, 'Settings', 'View Settings', '2024-11-27 05:55:38', '2024-11-27 05:55:38'),
(5, 'Managements', 'View Managements', '2024-11-27 05:55:54', '2024-11-27 05:55:54'),
(6, 'Global', 'View Global', '2024-11-28 02:05:52', '2024-11-28 02:05:52'),
(7, 'Progress', 'View Progress', '2025-01-03 02:34:49', '2025-01-03 02:34:49');

-- --------------------------------------------------------

--
-- Table structure for table `permission_category_mappings`
--

CREATE TABLE `permission_category_mappings` (
  `id` bigint(20) NOT NULL,
  `permission_id` bigint(20) NOT NULL,
  `category_id` bigint(20) NOT NULL,
  `created_at` timestamp NOT NULL DEFAULT current_timestamp(),
  `updated_at` timestamp NOT NULL DEFAULT current_timestamp() ON UPDATE current_timestamp()
) ENGINE=InnoDB DEFAULT CHARSET=utf8mb4 COLLATE=utf8mb4_general_ci;

--
-- Dumping data for table `permission_category_mappings`
--

INSERT INTO `permission_category_mappings` (`id`, `permission_id`, `category_id`, `created_at`, `updated_at`) VALUES
(1, 1, 4, '2024-11-27 06:37:53', '2024-11-29 04:15:09'),
(2, 2, 4, '2024-11-27 06:42:16', '2024-11-28 02:14:03'),
(3, 3, 4, '2024-11-27 06:44:27', '2024-11-27 06:44:27'),
(4, 4, 5, '2024-11-28 02:14:30', '2024-11-28 02:14:30'),
(5, 5, 5, '2024-11-28 02:14:39', '2024-11-28 02:14:39'),
(6, 6, 5, '2024-11-28 02:14:47', '2024-11-28 02:14:47'),
(7, 7, 5, '2024-11-28 02:14:55', '2024-11-28 02:14:55'),
(8, 8, 5, '2024-11-28 02:15:06', '2024-11-28 02:15:06'),
(9, 9, 5, '2024-11-28 02:15:20', '2024-11-28 02:15:20'),
(10, 10, 5, '2024-11-28 02:15:26', '2024-11-28 02:15:26'),
(11, 11, 4, '2024-11-28 02:18:43', '2024-11-28 02:18:43'),
(12, 12, 4, '2024-11-28 02:18:56', '2024-11-28 02:18:56'),
(13, 13, 4, '2024-11-28 02:19:12', '2024-11-28 02:19:12'),
(14, 14, 4, '2024-11-28 02:19:35', '2024-11-28 02:19:35'),
(15, 15, 4, '2024-11-28 02:20:14', '2024-11-28 02:20:14'),
(16, 16, 3, '2024-11-28 02:29:25', '2024-11-28 02:29:25'),
(17, 17, 3, '2024-11-28 02:29:46', '2024-11-28 02:29:46'),
(18, 18, 3, '2024-11-28 02:29:58', '2024-11-28 02:29:58'),
(19, 19, 2, '2024-11-28 02:44:58', '2024-11-28 03:06:07'),
(20, 20, 5, '2024-11-30 07:11:34', '2024-11-30 07:11:34'),
(21, 21, 3, '2024-11-30 07:13:29', '2024-11-30 07:13:29'),
(22, 22, 2, '2024-11-30 07:13:50', '2024-11-30 07:13:50'),
(23, 23, 4, '2024-11-30 07:16:10', '2024-11-30 07:16:10'),
(24, 24, 5, '2024-11-30 07:24:05', '2024-11-30 07:24:05'),
(25, 25, 5, '2024-11-30 07:24:33', '2024-11-30 07:24:33'),
(26, 26, 5, '2024-11-30 07:24:58', '2024-11-30 07:24:58'),
(27, 27, 6, '2024-12-02 03:20:54', '2024-12-02 03:20:54'),
(28, 28, 4, '2024-12-02 07:07:53', '2024-12-02 07:07:53'),
(29, 29, 7, '2024-12-27 06:03:02', '2025-01-03 02:45:30'),
(30, 30, 7, '2025-01-03 02:35:39', '2025-01-03 02:35:39'),
(31, 31, 7, '2025-01-03 02:35:54', '2025-01-03 02:35:54'),
(32, 32, 7, '2025-01-03 02:36:15', '2025-01-03 02:36:15'),
(33, 33, 7, '2025-01-03 02:36:30', '2025-01-03 02:36:30'),
(34, 34, 7, '2025-01-03 02:36:52', '2025-01-03 02:36:52'),
(35, 35, 7, '2025-01-03 02:37:11', '2025-01-03 02:37:11'),
(36, 36, 7, '2025-01-03 02:37:29', '2025-01-03 02:37:29'),
(37, 37, 7, '2025-01-03 02:37:44', '2025-01-03 02:37:44'),
(38, 38, 7, '2025-01-03 02:40:23', '2025-01-03 02:40:23'),
(39, 39, 4, '2025-01-08 04:54:35', '2025-01-08 04:54:35'),
(40, 40, 4, '2025-01-08 04:55:00', '2025-01-08 04:55:00'),
(41, 41, 4, '2025-01-08 04:55:24', '2025-01-08 04:55:24'),
(42, 42, 4, '2025-01-08 04:55:56', '2025-01-08 04:55:56'),
(43, 43, 4, '2025-01-08 04:56:33', '2025-01-08 04:56:33'),
(44, 44, 4, '2025-01-08 04:57:14', '2025-01-08 04:57:14'),
(45, 45, 4, '2025-01-08 05:02:11', '2025-01-08 05:02:11');

-- --------------------------------------------------------

--
-- Table structure for table `permission_definitions`
--

CREATE TABLE `permission_definitions` (
  `id` bigint(20) NOT NULL,
  `name` varchar(255) NOT NULL,
  `description` text DEFAULT NULL,
  `created_at` timestamp NOT NULL DEFAULT current_timestamp(),
  `updated_at` timestamp NOT NULL DEFAULT current_timestamp() ON UPDATE current_timestamp()
) ENGINE=InnoDB DEFAULT CHARSET=utf8mb4 COLLATE=utf8mb4_general_ci;

--
-- Dumping data for table `permission_definitions`
--

INSERT INTO `permission_definitions` (`id`, `name`, `description`, `created_at`, `updated_at`) VALUES
(1, '*settings.view', 'View Settings', '2024-11-26 07:47:38', '2024-11-30 07:13:12'),
(2, 'apps.view', 'View Application', '2024-11-27 06:29:58', '2024-11-28 02:59:08'),
(3, 'suguan.view', 'View Suguan', '2024-11-27 06:44:27', '2024-11-28 02:59:16'),
(4, 'department.view', 'View Department', '2024-11-28 02:14:30', '2024-11-28 03:01:12'),
(5, 'section.view', 'View Section', '2024-11-28 02:14:39', '2024-11-28 03:01:06'),
(6, 'subsection.view', 'View Subsection', '2024-11-28 02:14:47', '2024-11-28 03:01:01'),
(7, 'designation.view', 'View Designation', '2024-11-28 02:14:55', '2024-11-28 03:00:52'),
(8, 'district.view', 'View District', '2024-11-28 02:15:06', '2024-11-28 03:00:43'),
(9, 'citizenship.view', 'View Citizenships', '2024-11-28 02:15:20', '2024-11-28 03:00:36'),
(10, 'nationality.view', 'View Nationalies', '2024-11-28 02:15:26', '2024-11-28 03:00:34'),
(11, 'groups.view', 'View Groups', '2024-11-28 02:18:43', '2024-11-30 07:27:50'),
(12, 'permission.view', 'View Permission', '2024-11-28 02:18:56', '2024-11-28 02:59:29'),
(13, 'categories.view', 'View Categories', '2024-11-28 02:19:12', '2024-11-28 02:59:35'),
(14, 'events.view', 'View Events', '2024-11-28 02:19:35', '2024-11-28 02:59:41'),
(15, 'personnels.view', 'View Personnel', '2024-11-28 02:20:14', '2025-01-08 04:55:05'),
(16, 'profile.changepassword', 'Change user password', '2024-11-28 02:29:25', '2024-11-28 03:00:02'),
(17, 'profile.edit', 'Edit user profile', '2024-11-28 02:29:46', '2024-11-28 03:00:10'),
(18, 'profile.download_pdf', 'Download PDF file', '2024-11-28 02:29:58', '2024-11-28 03:00:19'),
(19, 'home.search', 'Search Apps', '2024-11-28 02:44:58', '2024-11-28 03:01:23'),
(20, '*management.view', 'View Management', '2024-11-30 07:11:34', '2024-11-30 07:11:44'),
(21, '*profile.view', 'View Profile', '2024-11-30 07:13:29', '2024-11-30 07:13:29'),
(22, '*home.view', 'View Home', '2024-11-30 07:13:50', '2024-11-30 07:13:50'),
(23, 'eventlocations.view', 'View Event Location', '2024-11-30 07:16:10', '2024-11-30 07:16:10'),
(24, 'language.view', 'View Language', '2024-11-30 07:24:05', '2024-11-30 07:24:05'),
(25, 'contact.view', 'View Contact', '2024-11-30 07:24:33', '2024-11-30 07:24:33'),
(26, 'issued_id.view', 'View Issued ID', '2024-11-30 07:24:58', '2024-11-30 07:24:58'),
(27, 'test', '', '2024-12-02 03:20:54', '2024-12-02 03:20:54'),
(28, 'reminders.view', 'View Reminders', '2024-12-02 07:07:53', '2024-12-02 07:07:53'),
(29, 'progresstracking.view', 'View Progress View', '2024-12-27 06:03:02', '2024-12-27 06:03:02'),
(30, 'sectionchief.view', 'View Section Chief', '2025-01-03 02:35:39', '2025-01-03 02:35:39'),
(31, 'adminoffice.view', 'View Admin Office', '2025-01-03 02:35:54', '2025-01-03 02:35:54'),
(32, 'securityoverseer.view', 'View Security Overseer', '2025-01-03 02:36:15', '2025-01-03 02:36:15'),
(33, 'pmdit.view', 'View PMD IT', '2025-01-03 02:36:30', '2025-01-03 02:36:30'),
(34, 'kd.view', 'View Karl Dematera', '2025-01-03 02:36:52', '2025-01-03 02:36:52'),
(35, 'mc.view', 'View Marco Cervantes', '2025-01-03 02:37:11', '2025-01-03 02:37:11'),
(36, 'atgapproval.view', 'View ATG Approval', '2025-01-03 02:37:29', '2025-01-03 02:37:29'),
(37, 'personneloffice.view', 'View Personnel Office', '2025-01-03 02:37:44', '2025-01-03 02:37:44'),
(38, '*progress.view', 'View Progress', '2025-01-03 02:40:23', '2025-01-03 02:40:23'),
(39, 'personnels.syncfromldap', 'Sync Personnel from LDAP', '2025-01-08 04:54:35', '2025-01-08 04:54:35'),
(40, 'personnels.preview', 'Preview Personnel', '2025-01-08 04:55:00', '2025-01-08 04:55:00'),
(41, 'personnels.edit', 'Edit Personnel', '2025-01-08 04:55:24', '2025-01-08 04:55:24'),
(42, 'personnels.info', 'View Personnel Info', '2025-01-08 04:55:56', '2025-01-08 04:55:56'),
(43, 'personnels.sync_to_users', 'Sync Personnel to Users list', '2025-01-08 04:56:33', '2025-01-08 04:56:33'),
(44, 'personnels.newly_enrolled_personnel', 'View Newly Enrolled Personnel', '2025-01-08 04:57:14', '2025-01-08 04:57:14'),
(45, 'personnels.delete', 'Delete Personnel', '2025-01-08 05:02:11', '2025-01-08 05:02:11');

-- --------------------------------------------------------

--
-- Table structure for table `permission_groups`
--

CREATE TABLE `permission_groups` (
  `id` int(10) UNSIGNED NOT NULL,
  `name` varchar(191) NOT NULL,
  `permissions` text DEFAULT NULL,
  `created_at` timestamp NULL DEFAULT NULL,
  `updated_at` timestamp NULL DEFAULT NULL
) ENGINE=InnoDB DEFAULT CHARSET=utf8mb4 COLLATE=utf8mb4_general_ci;

--
-- Dumping data for table `permission_groups`
--

INSERT INTO `permission_groups` (`id`, `name`, `permissions`, `created_at`, `updated_at`) VALUES
(2, 'ADMIN', '{\"superuser\":\"0\",\"admin\":\"1\",\"import\":\"0\",\"reports.view\":\"0\",\"assets.view\":\"0\",\"assets.create\":\"0\",\"assets.edit\":\"0\",\"assets.delete\":\"0\",\"assets.checkin\":\"0\",\"assets.checkout\":\"0\",\"assets.audit\":\"0\",\"assets.view.requestable\":\"0\",\"accessories.view\":\"1\",\"accessories.create\":\"1\",\"accessories.edit\":\"1\",\"accessories.delete\":\"1\",\"accessories.checkout\":\"1\",\"accessories.checkin\":\"1\",\"consumables.view\":\"1\",\"consumables.create\":\"1\",\"consumables.edit\":\"1\",\"consumables.delete\":\"1\",\"consumables.checkout\":\"1\",\"licenses.view\":\"1\",\"licenses.create\":\"1\",\"licenses.edit\":\"1\",\"licenses.delete\":\"1\",\"licenses.checkout\":\"1\",\"licenses.keys\":\"1\",\"licenses.files\":\"1\",\"components.view\":\"1\",\"components.create\":\"1\",\"components.edit\":\"1\",\"components.delete\":\"1\",\"components.checkout\":\"1\",\"components.checkin\":\"1\",\"kits.view\":\"1\",\"kits.create\":\"1\",\"kits.edit\":\"1\",\"kits.delete\":\"1\",\"users.view\":\"1\",\"users.create\":\"1\",\"users.edit\":\"1\",\"users.delete\":\"1\",\"models.view\":\"1\",\"models.create\":\"1\",\"models.edit\":\"1\",\"models.delete\":\"1\",\"categories.view\":\"1\",\"categories.create\":\"1\",\"categories.edit\":\"1\",\"categories.delete\":\"1\",\"departments.view\":\"1\",\"departments.create\":\"1\",\"departments.edit\":\"1\",\"departments.delete\":\"1\",\"statuslabels.view\":\"1\",\"statuslabels.create\":\"1\",\"statuslabels.edit\":\"1\",\"statuslabels.delete\":\"1\",\"customfields.view\":\"1\",\"customfields.create\":\"1\",\"customfields.edit\":\"1\",\"customfields.delete\":\"1\",\"suppliers.view\":\"1\",\"suppliers.create\":\"1\",\"suppliers.edit\":\"1\",\"suppliers.delete\":\"1\",\"manufacturers.view\":\"1\",\"manufacturers.create\":\"1\",\"manufacturers.edit\":\"1\",\"manufacturers.delete\":\"1\",\"depreciations.view\":\"1\",\"depreciations.create\":\"1\",\"depreciations.edit\":\"1\",\"depreciations.delete\":\"1\",\"locations.view\":\"1\",\"locations.create\":\"1\",\"locations.edit\":\"1\",\"locations.delete\":\"1\",\"companies.view\":\"1\",\"companies.create\":\"1\",\"companies.edit\":\"1\",\"companies.delete\":\"1\",\"self.two_factor\":\"1\",\"self.api\":\"1\",\"self.edit_location\":\"1\",\"self.checkout_assets\":\"1\"}', '2022-10-01 03:09:56', '2022-10-05 07:38:50'),
(5, 'USR', NULL, '2022-10-01 03:09:56', '2023-04-11 20:05:40'),
(16, 'SUPERUSER', NULL, '2023-04-09 08:58:22', NULL),
(17, 'ATG-GROUP', NULL, '2023-04-11 21:24:10', NULL);

-- --------------------------------------------------------

--
-- Table structure for table `personnels`
--

CREATE TABLE `personnels` (
  `personnel_id` bigint(20) NOT NULL,
  `reference_number` varchar(25) NOT NULL,
  `enrollment_progress` varchar(255) DEFAULT NULL,
  `personnel_progress` varchar(255) DEFAULT NULL,
  `gender` varchar(50) DEFAULT NULL,
  `civil_status` varchar(50) DEFAULT NULL,
  `wedding_anniversary` date DEFAULT NULL,
  `givenname` varchar(50) DEFAULT NULL,
  `middlename` text DEFAULT NULL,
  `surname_maiden` varchar(50) DEFAULT NULL,
  `surname_husband` varchar(50) DEFAULT NULL,
  `suffix` text DEFAULT NULL,
  `nickname` varchar(50) DEFAULT NULL,
  `registered_local_congregation` varchar(50) DEFAULT NULL,
  `date_of_birth` date DEFAULT NULL,
  `place_of_birth` varchar(50) DEFAULT NULL,
  `datejoined` datetime DEFAULT NULL,
  `language_id` int(11) DEFAULT NULL,
  `bloodtype` varchar(10) DEFAULT NULL,
  `email_address` varchar(50) DEFAULT NULL,
  `citizenship` int(11) DEFAULT NULL,
  `nationality` int(11) DEFAULT NULL,
  `department_id` int(11) DEFAULT NULL,
  `section_id` int(11) DEFAULT NULL,
  `subsection_id` int(11) DEFAULT NULL,
  `designation_id` int(11) DEFAULT NULL,
  `district_id` int(11) DEFAULT NULL,
  `local_congregation` varchar(50) DEFAULT NULL,
  `personnel_type` varchar(50) DEFAULT NULL,
  `district_assignment_id` int(11) DEFAULT NULL,
  `local_congregation_assignment` varchar(50) DEFAULT NULL,
  `assigned_number` int(11) DEFAULT NULL,
  `m_status` varchar(50) DEFAULT NULL,
  `panunumpa_date` datetime DEFAULT NULL,
  `ordination_date` datetime DEFAULT NULL,
  `created_at` timestamp NOT NULL DEFAULT current_timestamp(),
  `updated_at` timestamp NOT NULL DEFAULT current_timestamp() ON UPDATE current_timestamp()
) ENGINE=InnoDB DEFAULT CHARSET=utf8mb4 COLLATE=utf8mb4_general_ci;

--
-- Dumping data for table `personnels`
--

INSERT INTO `personnels` (`personnel_id`, `reference_number`, `enrollment_progress`, `personnel_progress`, `gender`, `civil_status`, `wedding_anniversary`, `givenname`, `middlename`, `surname_maiden`, `surname_husband`, `suffix`, `nickname`, `registered_local_congregation`, `date_of_birth`, `place_of_birth`, `datejoined`, `language_id`, `bloodtype`, `email_address`, `citizenship`, `nationality`, `department_id`, `section_id`, `subsection_id`, `designation_id`, `district_id`, `local_congregation`, `personnel_type`, `district_assignment_id`, `local_congregation_assignment`, `assigned_number`, `m_status`, `panunumpa_date`, `ordination_date`, `created_at`, `updated_at`) VALUES
(10, 'ENR-2412-EP1-8972', '2', '1', 'Male', 'Single', NULL, 'Felix', 'Morales', '', 'Pareja', 'No Suffix', 'Chok', 'Bonifacio Drive', '1990-11-09', 'San Francisco Delmonte, Quezon City', '2022-08-22 00:00:00', 1, 'O+', 'felixpareja.pmdit07@gmail.com', 138, 138, 1, 2, 1, 1, 45, 'Tandang Sora', 'Regular', 35, 'Maligaya', 20149, 'May Destino', '2022-09-16 00:00:00', NULL, '2024-12-09 04:43:34', '2025-01-14 08:35:35'),
(36, 'ENR-2501-EP1-5540', '1', 'Enrollment', 'Male', 'Single', NULL, 'Michael', NULL, NULL, 'Shohdy', NULL, NULL, NULL, '1992-01-08', NULL, '0000-00-00 00:00:00', NULL, NULL, 'abc@yahoo.com', NULL, NULL, NULL, 0, 0, 0, NULL, NULL, 'Regular', NULL, NULL, NULL, 'May Destino', '2025-01-08 00:00:00', NULL, '2025-01-08 04:34:30', '2025-01-08 05:11:00'),
(37, 'ENR-2501-EP1-3640', '1', 'Enrollment', 'Male', 'Single', NULL, 'Roland Kim', 'Sato', NULL, 'Amaro', NULL, NULL, NULL, '2025-01-08', NULL, '0000-00-00 00:00:00', NULL, NULL, 'kim@yahoo.com', NULL, NULL, 1, 2, 1, 1, NULL, NULL, 'Regular', NULL, NULL, NULL, 'Fulltime', '2019-02-07 00:00:00', NULL, '2025-01-08 05:15:21', '2025-01-10 06:00:27');

-- --------------------------------------------------------

--
-- Table structure for table `personnel_address`
--

CREATE TABLE `personnel_address` (
  `id` int(11) NOT NULL,
  `personnel_id` int(11) NOT NULL,
  `address_type` varchar(50) NOT NULL,
  `name` varchar(250) NOT NULL,
  `created_at` timestamp NOT NULL DEFAULT current_timestamp(),
  `updated_at` timestamp NOT NULL DEFAULT current_timestamp() ON UPDATE current_timestamp()
) ENGINE=InnoDB DEFAULT CHARSET=utf8mb4 COLLATE=utf8mb4_general_ci;

--
-- Dumping data for table `personnel_address`
--

INSERT INTO `personnel_address` (`id`, `personnel_id`, `address_type`, `name`, `created_at`, `updated_at`) VALUES
(1, 20, 'Home Address', '160 Tandang Sora Avenue, Quezon City', '2024-12-05 07:51:56', '2024-12-20 04:45:24'),
(2, 20, 'Provincial Address', 'fede', '2024-12-20 04:45:45', '2024-12-20 04:45:45'),
(3, 10, 'Home Address', 'green condo', '2024-12-20 04:48:02', '2024-12-20 07:28:53'),
(5, 20, 'Work Address', 'wwww', '2024-12-20 06:58:59', '2024-12-20 06:58:59'),
(6, 39, 'Home Address', '12werthhghgmnnm', '2025-01-10 00:28:46', '2025-01-10 00:28:46'),
(7, 43, 'Home Address', 'asda', '2025-01-10 03:52:32', '2025-01-10 03:52:32');

-- --------------------------------------------------------

--
-- Table structure for table `personnel_contacts`
--

CREATE TABLE `personnel_contacts` (
  `id` bigint(20) NOT NULL,
  `personnel_id` int(11) NOT NULL,
  `contactype_id` int(11) NOT NULL,
  `contact_info` varchar(30) NOT NULL,
  `created_at` timestamp NOT NULL DEFAULT current_timestamp(),
  `updated_at` timestamp NOT NULL DEFAULT current_timestamp() ON UPDATE current_timestamp()
) ENGINE=InnoDB DEFAULT CHARSET=utf8mb4 COLLATE=utf8mb4_general_ci;

--
-- Dumping data for table `personnel_contacts`
--

INSERT INTO `personnel_contacts` (`id`, `personnel_id`, `contactype_id`, `contact_info`, `created_at`, `updated_at`) VALUES
(1, 20, 1, '09063258273', '2024-12-19 20:04:50', '2024-12-20 04:39:07'),
(2, 20, 1, '123', '2024-12-19 20:09:33', '2024-12-19 20:09:33'),
(3, 20, 1, '1234', '2024-12-20 04:47:49', '2024-12-20 07:16:15'),
(4, 20, 1, '2222', '2024-12-20 06:58:47', '2024-12-20 07:34:40'),
(5, 13, 1, '12121', '2024-12-21 14:09:01', '2024-12-21 14:09:01'),
(6, 26, 1, 'asd', '2024-12-21 15:24:35', '2024-12-21 15:24:35'),
(7, 10, 1, '09063258273', '2025-01-09 12:31:49', '2025-01-09 12:31:49'),
(8, 39, 1, '123456789', '2025-01-10 00:28:20', '2025-01-10 00:28:20'),
(9, 43, 1, '12321', '2025-01-10 03:52:37', '2025-01-10 03:52:37'),
(10, 45, 1, '091674741149', '2025-01-10 05:51:35', '2025-01-10 05:51:35');

-- --------------------------------------------------------

--
-- Table structure for table `personnel_documents`
--

CREATE TABLE `personnel_documents` (
  `id` int(11) NOT NULL,
  `document_id` int(11) NOT NULL,
  `personnel_id` int(11) NOT NULL,
  `document_type_id` int(11) DEFAULT NULL,
  `file_name` varchar(255) DEFAULT NULL,
  `file_path` varchar(255) DEFAULT NULL,
  `uploaded_by` int(11) DEFAULT NULL,
  `upload_date` timestamp NOT NULL DEFAULT current_timestamp(),
  `description` text DEFAULT NULL,
  `expiration_date` date DEFAULT NULL,
  `status` enum('active','expired') DEFAULT NULL
) ENGINE=InnoDB DEFAULT CHARSET=utf8mb4 COLLATE=utf8mb4_general_ci;

-- --------------------------------------------------------

--
-- Table structure for table `personnel_gov_id`
--

CREATE TABLE `personnel_gov_id` (
  `id` int(11) NOT NULL,
  `personnel_id` int(11) NOT NULL,
  `gov_id` varchar(20) NOT NULL,
  `gov_issued_id` varchar(50) NOT NULL
) ENGINE=InnoDB DEFAULT CHARSET=utf8mb4 COLLATE=utf8mb4_general_ci;

--
-- Dumping data for table `personnel_gov_id`
--

INSERT INTO `personnel_gov_id` (`id`, `personnel_id`, `gov_id`, `gov_issued_id`) VALUES
(1, 20, '9', '12331122'),
(3, 20, '17', '222'),
(4, 20, '14', '1111'),
(10, 20, '14', '12'),
(12, 10, '12', '321'),
(13, 10, '11', 'asa'),
(14, 20, '17', '222444'),
(15, 20, '16', '3312'),
(16, 10, '12', '55'),
(17, 39, '11', '12343re4321'),
(18, 43, '16', '121');

-- --------------------------------------------------------

--
-- Table structure for table `personnel_images`
--

CREATE TABLE `personnel_images` (
  `id` int(11) NOT NULL,
  `personnel_id` int(11) NOT NULL,
  `type` varchar(25) NOT NULL,
  `image_url` text NOT NULL,
  `created_at` timestamp NOT NULL DEFAULT current_timestamp(),
  `updated_at` timestamp NOT NULL DEFAULT current_timestamp() ON UPDATE current_timestamp()
) ENGINE=InnoDB DEFAULT CHARSET=utf8mb4 COLLATE=utf8mb4_general_ci;

--
-- Dumping data for table `personnel_images`
--

INSERT INTO `personnel_images` (`id`, `personnel_id`, `type`, `image_url`, `created_at`, `updated_at`) VALUES
(1, 20, '2x2 Picture', 'data:image/jpeg;base64,/9j/4AAQSkZJRgABAQEAYABgAAD/2wBDAAoHBwkHBgoJCAkLCwoMDxkQDw4ODx4WFxIZJCAmJSMgIyIoLTkwKCo2KyIjMkQyNjs9QEBAJjBGS0U+Sjk/QD3/2wBDAQsLCw8NDx0QEB09KSMpPT09PT09PT09PT09PT09PT09PT09PT09PT09PT09PT09PT09PT09PT09PT09PT09PT3/wAARCAC0ALQDASIAAhEBAxEB/8QAHwAAAQUBAQEBAQEAAAAAAAAAAAECAwQFBgcICQoL/8QAtRAAAgEDAwIEAwUFBAQAAAF9AQIDAAQRBRIhMUEGE1FhByJxFDKBkaEII0KxwRVS0fAkM2JyggkKFhcYGRolJicoKSo0NTY3ODk6Q0RFRkdISUpTVFVWV1hZWmNkZWZnaGlqc3R1dnd4eXqDhIWGh4iJipKTlJWWl5iZmqKjpKWmp6ipqrKztLW2t7i5usLDxMXGx8jJytLT1NXW19jZ2uHi4+Tl5ufo6erx8vP09fb3+Pn6/8QAHwEAAwEBAQEBAQEBAQAAAAAAAAECAwQFBgcICQoL/8QAtREAAgECBAQDBAcFBAQAAQJ3AAECAxEEBSExBhJBUQdhcRMiMoEIFEKRobHBCSMzUvAVYnLRChYkNOEl8RcYGRomJygpKjU2Nzg5OkNERUZHSElKU1RVVldYWVpjZGVmZ2hpanN0dXZ3eHl6goOEhYaHiImKkpOUlZaXmJmaoqOkpaanqKmqsrO0tba3uLm6wsPExcbHyMnK0tPU1dbX2Nna4uPk5ebn6Onq8vP09fb3+Pn6/9oADAMBAAIRAxEAPwD2SiiloAKSlooASigtgZJwBWHqPiWKEmOzAlfoXP3R9PWonUjBXky4U5Tdoo2pJEiQvI6oo6sxwBWTdeJbSHIhDTt/s8L+ZrmLm8nvH33ErOe2eg+g7VDXDPGN/Ajthg0vjZsT+Jr2T/VCOEew3H9f8Koy6nezZ8y6mIPYNgfkKq0VzSqzluzpjShHZCkknJJJ9TSUUVmaEkU80BzFLIh/2WIq5DruoQ4xcFx6OA3/ANes+iqjOUdmTKEZbo6G28VMCBdW4I/vRn+h/wAa2LPVbS9wIZhvP8DcN+VcNRXRDFzjvqc88JCW2h6LS1x1j4gurTCSHz4vRjyPof8AGumsdSt9Qj3QPyOqHhl+orupV4VNtziqUJ099i1RRmlrYxEpaKKAEooooAKWkooAWobm5itIWlmcIi9SaLm5jtYHmmbaijk1xepalLqU+9/ljX7iZ4Uf41hWrKkvM3o0XVfkT6prU2okxpmO37Jnlvr/AIVmUUV5U5ubvI9SEFBWiFFFGKkoKKKMUAFFFGKACiiigAooxRigAp8UrwSCSJ2R16Mp5plFPYNzrNI15bzEFxhJ+xHR/wDA+1bVec/jXU6Frf2nbbXTfvh9xz/H7H3/AJ16GHxPN7s9zzsRhuX3obG7RSUtdpxiUUUUAFBOASeB70Vh+JdRMMAtI2w8oy5HZfT8aipNQi5MunBzkooyda1Q6hcbIz/o8Z+Qf3j/AHqzKKK8ac3N8zPYhBQXKi9pWlSapMwDeXCn33xz9B710kfh3TkUAwFz6s5Jo8OxqmiwlerlmP1yas6hqEWmwCaYOVLBQEGTnH/1q9PD4ePKna7Z5uIxEuZ62SIf7A03/n1H/fTf40f2Bpv/AD6j/vpv8aq/8JVZf887j/vkf40f8JVZf887j/vkf410/Vl/J+By/Wv7/wCJa/sDTf8An1H/AH03+NH9gab/AM+o/wC+m/xqr/wldl/zzuP++R/jR/wlVl/zzuP++R/jR9WX8n4B9a/v/iWv7A03/n1H/fTf40f2Bpv/AD6j/vpv8aq/8JVZf887j/vkf40f8JVZf887j/vkf40fVl/J+AfWv7/4lr+wNN/59R/303+NH9gab/z6j/vpv8aq/wDCV2X/ADzuP++R/jR/wlVl/wA87j/vkf40fVl/J+AfWv7/AOJa/sDTf+fUf99N/jR/YGm/8+o/76b/ABqr/wAJVZf887j/AL5H+NH/AAlVl/zzuP8Avkf40fVl/J+AfWv7/wCJa/sDTf8An1H/AH03+NUr7wxC0ZayJjkA4Rmyrfn0qWLxNZzTRxLHOGdgoyoxknHrWxUTw8bWlGxpDEyesZXPO2UozKwIYHBB7GgEqQQSCDkEdRWh4gRY9Zn2jAba34kc1nV4048snHsexCXNFPudlomqDULbbIQJ4+HHr71qVwNjePY3aTx/wnkf3h3Fd1DKk8KSxncjjcp9q9PDVfaRs90eZiaXs5XWzH0UUV0nONkkWKNnc4VQWJ9AK4K8uWvLuSd+rnOPQdh+VdP4luvJ04RKfmmbH4Dk/wBK5KvOxk7tQPQwcLJzCjvRR3riO07XQP8AkCW30P8A6Eaq+Kv+QXH/ANdh/I1a0D/kCW30P/oRqr4q/wCQXH/12H8jXvYXaHyPBxX2/mclRRSV6h5AtFFFABRRRQAUUVdtNONwgkkYoh6ADk1lVrQox5puxpTpSqy5YIpUVoT6VsQtC5Yj+Fu/0rPpUa9OsrwY6tGdJ2miex/5CNr/ANdk/wDQhXoFef2P/IRtf+uyf+hCvQKyxO6OjCbM47xF/wAhmX/dX+VZdaniP/kMy/7q/wAqy6+drfxJep9JR/hxCul8L3u6OSzc8p86fTuPz/nXNVZ0+6+x38M2flVsN/ung0UZ8k0xVoc8GjvKKKK9k8c5LxNP5mprH2iQDHuef8Kx6tanL52qXL5yDIQD7Dj+lVa8WrLmm2ezSjywSCjvRR3rM0O10D/kCW30P/oRqr4q/wCQXH/12H8jVrQP+QJbfQ/+hGqvir/kFx/9dh/I172F2h8jwcV9v5nJUUUV6h5AUUUlAC0UUUAB6V0UZUxoV+6QMfSudq1bahJbrswHQdAe1efj8NOvFcm6O3BYiNGT5tmbfeudmKmeQr90scfTNWp9UklQoiiMEYJzk1SqMvws6N5T6lY3Ewq2jDoT2P8AyEbX/rsn/oQr0CvP7H/kI2v/AF2T/wBCFegV0YndE4TZnHeIv+QzL/ur/KsutTxF/wAhmX/dX+VZdfO1v4kvU+ko/wAOIUEZGPWiisjQ7jSZzc6VbyE5bZtY+44P8qKzPDl6sOnNG5xtkOM+mAf60V69OqnBXPIqU2ptI5onJJPU0UUV5B64Ud6KO9AHa6B/yBLb6H/0I1V8Vf8AILj/AOuw/kataB/yBLb6H/0I1V8Vf8guP/rsP5Gvewu0PkeDivt/M5KiimSypBE8srbY0GWNemeQR3d5FYwebMTjoqjqx9BXPz+IbyRz5WyFOwVQT+ZqpqF9JqFyZW4UcIn90VVrGU29jrp0klrua9v4iuY2H2gLKnfjaR9MV0FvcR3UKywtuRvzHsa4ir2laibCf5smF/vj09xRGb6hUpJq8TrqKRWDqGUgqRkEdCKWtzkCiiigCex/5CNr/wBdk/8AQhXoFef2P/IRtf8Arsn/AKEK9ArkxO6O3CbM47xF/wAhmX/dX+VZdaniL/kMy/7q/wAqy6+drfxJep9JR/hxCiiisjQcsjqMKSBRSA4oouFh88Xk3MsR6o5X8jUdaGuw+TrE/o5Dj8R/jms+qnHlk0TCXNFMKO9FHepKO10D/kCW30P/AKEaq+Kv+QXH/wBdh/I1a0D/AJAlt9D/AOhGqvir/kFx/wDXYfyNe9hdofI8HFfb+ZyQ5rl9a1T7bL5UJ/0eM8H++fX/AAq5r2p7Q1lA3P8Ay2Yf+g/4/lXP13Tl0Rw0adveYtFFJWR0C0lLSUAbWh6n5TC1nb92x/dsf4T6fQ10VcHWwniCZNPEQB+0D5RKew9frWsZ2VmYVaTbvE1NT1ePT/3aqJLj+6Twn1/wrOt/EkolH2mJDGepQYI/xrFJLMSxJJOST1NJSc3cpUYpWZ6DpzrLe2bxsGRpUII7jcK9CrxvwnqPk6ta2sp/dyTpsJ/hbcOPx/nXslY13ezNKEOW6OO8Rf8AIZl/3V/lWXWp4i/5DMv+6v8AKsuvn638SXqfQ0f4cQooorI0NHTtMN9A8gz8r7f0B/rRW/4bi8rRo2I5kZn/AFwP0FFejTwsZQTZ51XFSjNpFDxVbkNb3AHUGNj+o/rXPV3Oq2f23TpYgPnxuT/eHSuGrDFw5Z37m+EnzQt2CjvRR3rlOo7XQP8AkCW30P8A6EayPiBevY+HUkiH7xp1RW/u5Vuf0rX0D/kCW30P/oRqv4n8P/8ACR6alobk2+yUS7wm7OARjGR617lB2jF+h4lZXlJeZ4qcnk8n1pK9C/4VSv8A0GH/APAcf/FUf8KpX/oMP/4Dj/4qunniYcrPPqSvQv8AhVK/9Bh//Acf/FUf8KpX/oMP/wCAw/8AiqOeIcrPPaK9C/4VSv8A0GH/APAcf/FUf8KpX/oMP/4Dj/4qjniHKzz6kr0L/hVK/wDQYf8A8Bx/8VR/wqlf+gw//gOP/iqOeIcrPPaK9C/4VSv/AEGH/wDAcf8AxVH/AAqlf+gw/wD4Dj/4qjniHKzitF/5D+m/9fcP/oYr3auFsvhktnqFtdf2s7+RMku37OBu2kHGc+1d3Wc2nsXFNHG+Iv8AkMy/7q/yrLrU8Rf8hmX/AHV/lWXXh1v4kvU9uj/DiFKFZyEQZZiFA9zwKStXw7afadUEjD5IBvP+90H9T+FTCPPJRKnLki5HWW8C29vHCv3Y1Cj8BRUlFe2lbQ8TcK4/xBYfZL8yIP3U2WHse4/r+NdhVXUrFNQs3hbg9Vb+63Y1jXpe0hbqbUKvs536HCUd6fLE8ErxSLtdDgj3pleQeutTtdA/5Alt9D/6Ea0K57wtqaPHJYSMBLExaMH+JTzx9Dmuhr2KLTpqx41ZNVHcWkpaStTMWkpaKACkpaKACiiigBKKWigApKWo5po4InllcJGgyzE8AUAcj4i/5DMv+6v8qy6mu77+0ryW6wQsjHaD/dHA/QVDXi1WnNtHtUlaCTAnAz/Ku10Sw+waequMSyfPJ9fT8BWH4d003Vz9qlX9zCflB/if/AfzrrK7MJSt77OLF1b+4goooruOIKKKWgDF17SPtkfn26/v0HIH8Y/xrk69GrC1vQvtJa5tVxN1ZB/H7/X+dcWJw/N78dzsw2I5fclscfPE5dZYSVkXoVOD+B9asp4o1iFQhuN2OPnjBP54pCCpIIII4IPakrijUlDY7ZU4z3JP+Et1f/nsn/foUf8ACW6v/wA9k/79Co6Kv6xPuT9Xh2JP+Et1f/nsn/foUf8ACW6v/wA9k/79Co6KPrE+4fV4diT/AIS3V/8Ansn/AH6FH/CW6v8A89k/79Co6KPrE+4fV4diT/hLdX/57J/36FH/AAlur/8APZP+/QqOij6xPuH1eHYk/wCEt1f/AJ7J/wB+hR/wlur/APPZP+/QqOij6xPuH1eHYk/4S3V/+eyf9+hVW5v9R1cgXU7sgOcY2qPwHepqKTrTas2NUYLVIRVCKFHQDFXNN06TUrrykysa8yP/AHR/iaNO02bUp9kXyxqfnkI4X/E+1dnZ2cVjbrDAuFHUnqT6n3rShQdR80tjOvXVNcsdx8EEdtCkUShUQYAFS0UV6iVjy9xKKKKACiiloAKSlpKAMzVNEh1Ab1xHOP4wOD9R3rlbyxnsZNlxGVPZuob6Gu9pksMc8ZjlRXQ9VYZFc1XDRqarRnTSxMqej1R57RXS3vhdWy9lJsP/ADzfkfgeo/WsO60+6syfPgdV/vAZX8xXnzozhujvhWhPZlaigHPSisjUKKKKACiiigAooUF3CICzHoqjJ/KtW08O3tzgyqLdPV+W/If1qowlP4UTKcYfEzKJA61s6Z4dmuiJLsNDD129Hb/AfrW5YaJaWGHVDJKP+WknJ/D0rQrupYS2sziq4u+kCOCCO2iWKFFSNRwoFSUUtdyVjh3EpaSloASiiigAooooAWkoooAKKKKAFpO1FFAFO40mxuSTLbR7j/Eo2n8xWXe+HbSGMvG8y8dNwI/UUUVy4iEbXsdOHnK9rnOSKFkKjoKQjFFFeWeojQ0zTor5sSPIv+6R/hW/F4b0+Llo3lP/AE0cn9OlFFduGhGT1RxYmco7M0YbeG3XbDEka+iKBUlFFeja2x597hS0UUAJRRRQAUtFFACUUUUAf//Z', '2024-12-19 19:08:25', '2024-12-19 19:33:18'),
(3, 20, '2x2 Picture', 'data:image/jpeg;base64,/9j/4AAQSkZJRgABAQEAYABgAAD/2wBDAAoHBwkHBgoJCAkLCwoMDxkQDw4ODx4WFxIZJCAmJSMgIyIoLTkwKCo2KyIjMkQyNjs9QEBAJjBGS0U+Sjk/QD3/2wBDAQsLCw8NDx0QEB09KSMpPT09PT09PT09PT09PT09PT09PT09PT09PT09PT09PT09PT09PT09PT09PT09PT09PT3/wAARCAC0ALQDASIAAhEBAxEB/8QAHwAAAQUBAQEBAQEAAAAAAAAAAAECAwQFBgcICQoL/8QAtRAAAgEDAwIEAwUFBAQAAAF9AQIDAAQRBRIhMUEGE1FhByJxFDKBkaEII0KxwRVS0fAkM2JyggkKFhcYGRolJicoKSo0NTY3ODk6Q0RFRkdISUpTVFVWV1hZWmNkZWZnaGlqc3R1dnd4eXqDhIWGh4iJipKTlJWWl5iZmqKjpKWmp6ipqrKztLW2t7i5usLDxMXGx8jJytLT1NXW19jZ2uHi4+Tl5ufo6erx8vP09fb3+Pn6/8QAHwEAAwEBAQEBAQEBAQAAAAAAAAECAwQFBgcICQoL/8QAtREAAgECBAQDBAcFBAQAAQJ3AAECAxEEBSExBhJBUQdhcRMiMoEIFEKRobHBCSMzUvAVYnLRChYkNOEl8RcYGRomJygpKjU2Nzg5OkNERUZHSElKU1RVVldYWVpjZGVmZ2hpanN0dXZ3eHl6goOEhYaHiImKkpOUlZaXmJmaoqOkpaanqKmqsrO0tba3uLm6wsPExcbHyMnK0tPU1dbX2Nna4uPk5ebn6Onq8vP09fb3+Pn6/9oADAMBAAIRAxEAPwD2SiiloAKSlooASigtgZJwBWHqPiWKEmOzAlfoXP3R9PWonUjBXky4U5Tdoo2pJEiQvI6oo6sxwBWTdeJbSHIhDTt/s8L+ZrmLm8nvH33ErOe2eg+g7VDXDPGN/Ajthg0vjZsT+Jr2T/VCOEew3H9f8Koy6nezZ8y6mIPYNgfkKq0VzSqzluzpjShHZCkknJJJ9TSUUVmaEkU80BzFLIh/2WIq5DruoQ4xcFx6OA3/ANes+iqjOUdmTKEZbo6G28VMCBdW4I/vRn+h/wAa2LPVbS9wIZhvP8DcN+VcNRXRDFzjvqc88JCW2h6LS1x1j4gurTCSHz4vRjyPof8AGumsdSt9Qj3QPyOqHhl+orupV4VNtziqUJ099i1RRmlrYxEpaKKAEooooAKWkooAWobm5itIWlmcIi9SaLm5jtYHmmbaijk1xepalLqU+9/ljX7iZ4Uf41hWrKkvM3o0XVfkT6prU2okxpmO37Jnlvr/AIVmUUV5U5ubvI9SEFBWiFFFGKkoKKKMUAFFFGKACiiigAooxRigAp8UrwSCSJ2R16Mp5plFPYNzrNI15bzEFxhJ+xHR/wDA+1bVec/jXU6Frf2nbbXTfvh9xz/H7H3/AJ16GHxPN7s9zzsRhuX3obG7RSUtdpxiUUUUAFBOASeB70Vh+JdRMMAtI2w8oy5HZfT8aipNQi5MunBzkooyda1Q6hcbIz/o8Z+Qf3j/AHqzKKK8ac3N8zPYhBQXKi9pWlSapMwDeXCn33xz9B710kfh3TkUAwFz6s5Jo8OxqmiwlerlmP1yas6hqEWmwCaYOVLBQEGTnH/1q9PD4ePKna7Z5uIxEuZ62SIf7A03/n1H/fTf40f2Bpv/AD6j/vpv8aq/8JVZf887j/vkf40f8JVZf887j/vkf410/Vl/J+By/Wv7/wCJa/sDTf8An1H/AH03+NH9gab/AM+o/wC+m/xqr/wldl/zzuP++R/jR/wlVl/zzuP++R/jR9WX8n4B9a/v/iWv7A03/n1H/fTf40f2Bpv/AD6j/vpv8aq/8JVZf887j/vkf40f8JVZf887j/vkf40fVl/J+AfWv7/4lr+wNN/59R/303+NH9gab/z6j/vpv8aq/wDCV2X/ADzuP++R/jR/wlVl/wA87j/vkf40fVl/J+AfWv7/AOJa/sDTf+fUf99N/jR/YGm/8+o/76b/ABqr/wAJVZf887j/AL5H+NH/AAlVl/zzuP8Avkf40fVl/J+AfWv7/wCJa/sDTf8An1H/AH03+NUr7wxC0ZayJjkA4Rmyrfn0qWLxNZzTRxLHOGdgoyoxknHrWxUTw8bWlGxpDEyesZXPO2UozKwIYHBB7GgEqQQSCDkEdRWh4gRY9Zn2jAba34kc1nV4048snHsexCXNFPudlomqDULbbIQJ4+HHr71qVwNjePY3aTx/wnkf3h3Fd1DKk8KSxncjjcp9q9PDVfaRs90eZiaXs5XWzH0UUV0nONkkWKNnc4VQWJ9AK4K8uWvLuSd+rnOPQdh+VdP4luvJ04RKfmmbH4Dk/wBK5KvOxk7tQPQwcLJzCjvRR3riO07XQP8AkCW30P8A6Eaq+Kv+QXH/ANdh/I1a0D/kCW30P/oRqr4q/wCQXH/12H8jXvYXaHyPBxX2/mclRRSV6h5AtFFFABRRRQAUUVdtNONwgkkYoh6ADk1lVrQox5puxpTpSqy5YIpUVoT6VsQtC5Yj+Fu/0rPpUa9OsrwY6tGdJ2miex/5CNr/ANdk/wDQhXoFef2P/IRtf+uyf+hCvQKyxO6OjCbM47xF/wAhmX/dX+VZdaniP/kMy/7q/wAqy6+drfxJep9JR/hxCul8L3u6OSzc8p86fTuPz/nXNVZ0+6+x38M2flVsN/ung0UZ8k0xVoc8GjvKKKK9k8c5LxNP5mprH2iQDHuef8Kx6tanL52qXL5yDIQD7Dj+lVa8WrLmm2ezSjywSCjvRR3rM0O10D/kCW30P/oRqr4q/wCQXH/12H8jVrQP+QJbfQ/+hGqvir/kFx/9dh/I172F2h8jwcV9v5nJUUUV6h5AUUUlAC0UUUAB6V0UZUxoV+6QMfSudq1bahJbrswHQdAe1efj8NOvFcm6O3BYiNGT5tmbfeudmKmeQr90scfTNWp9UklQoiiMEYJzk1SqMvws6N5T6lY3Ewq2jDoT2P8AyEbX/rsn/oQr0CvP7H/kI2v/AF2T/wBCFegV0YndE4TZnHeIv+QzL/ur/KsutTxF/wAhmX/dX+VZdfO1v4kvU+ko/wAOIUEZGPWiisjQ7jSZzc6VbyE5bZtY+44P8qKzPDl6sOnNG5xtkOM+mAf60V69OqnBXPIqU2ptI5onJJPU0UUV5B64Ud6KO9AHa6B/yBLb6H/0I1V8Vf8AILj/AOuw/kataB/yBLb6H/0I1V8Vf8guP/rsP5Gvewu0PkeDivt/M5KiimSypBE8srbY0GWNemeQR3d5FYwebMTjoqjqx9BXPz+IbyRz5WyFOwVQT+ZqpqF9JqFyZW4UcIn90VVrGU29jrp0klrua9v4iuY2H2gLKnfjaR9MV0FvcR3UKywtuRvzHsa4ir2laibCf5smF/vj09xRGb6hUpJq8TrqKRWDqGUgqRkEdCKWtzkCiiigCex/5CNr/wBdk/8AQhXoFef2P/IRtf8Arsn/AKEK9ArkxO6O3CbM47xF/wAhmX/dX+VZdaniL/kMy/7q/wAqy6+drfxJep9JR/hxCiiisjQcsjqMKSBRSA4oouFh88Xk3MsR6o5X8jUdaGuw+TrE/o5Dj8R/jms+qnHlk0TCXNFMKO9FHepKO10D/kCW30P/AKEaq+Kv+QXH/wBdh/I1a0D/AJAlt9D/AOhGqvir/kFx/wDXYfyNe9hdofI8HFfb+ZyQ5rl9a1T7bL5UJ/0eM8H++fX/AAq5r2p7Q1lA3P8Ay2Yf+g/4/lXP13Tl0Rw0adveYtFFJWR0C0lLSUAbWh6n5TC1nb92x/dsf4T6fQ10VcHWwniCZNPEQB+0D5RKew9frWsZ2VmYVaTbvE1NT1ePT/3aqJLj+6Twn1/wrOt/EkolH2mJDGepQYI/xrFJLMSxJJOST1NJSc3cpUYpWZ6DpzrLe2bxsGRpUII7jcK9CrxvwnqPk6ta2sp/dyTpsJ/hbcOPx/nXslY13ezNKEOW6OO8Rf8AIZl/3V/lWXWp4i/5DMv+6v8AKsuvn638SXqfQ0f4cQooorI0NHTtMN9A8gz8r7f0B/rRW/4bi8rRo2I5kZn/AFwP0FFejTwsZQTZ51XFSjNpFDxVbkNb3AHUGNj+o/rXPV3Oq2f23TpYgPnxuT/eHSuGrDFw5Z37m+EnzQt2CjvRR3rlOo7XQP8AkCW30P8A6EayPiBevY+HUkiH7xp1RW/u5Vuf0rX0D/kCW30P/oRqv4n8P/8ACR6alobk2+yUS7wm7OARjGR617lB2jF+h4lZXlJeZ4qcnk8n1pK9C/4VSv8A0GH/APAcf/FUf8KpX/oMP/4Dj/4qunniYcrPPqSvQv8AhVK/9Bh//Acf/FUf8KpX/oMP/wCAw/8AiqOeIcrPPaK9C/4VSv8A0GH/APAcf/FUf8KpX/oMP/4Dj/4qjniHKzz6kr0L/hVK/wDQYf8A8Bx/8VR/wqlf+gw//gOP/iqOeIcrPPaK9C/4VSv/AEGH/wDAcf8AxVH/AAqlf+gw/wD4Dj/4qjniHKzitF/5D+m/9fcP/oYr3auFsvhktnqFtdf2s7+RMku37OBu2kHGc+1d3Wc2nsXFNHG+Iv8AkMy/7q/yrLrU8Rf8hmX/AHV/lWXXh1v4kvU9uj/DiFKFZyEQZZiFA9zwKStXw7afadUEjD5IBvP+90H9T+FTCPPJRKnLki5HWW8C29vHCv3Y1Cj8BRUlFe2lbQ8TcK4/xBYfZL8yIP3U2WHse4/r+NdhVXUrFNQs3hbg9Vb+63Y1jXpe0hbqbUKvs536HCUd6fLE8ErxSLtdDgj3pleQeutTtdA/5Alt9D/6Ea0K57wtqaPHJYSMBLExaMH+JTzx9Dmuhr2KLTpqx41ZNVHcWkpaStTMWkpaKACkpaKACiiigBKKWigApKWo5po4InllcJGgyzE8AUAcj4i/5DMv+6v8qy6mu77+0ryW6wQsjHaD/dHA/QVDXi1WnNtHtUlaCTAnAz/Ku10Sw+waequMSyfPJ9fT8BWH4d003Vz9qlX9zCflB/if/AfzrrK7MJSt77OLF1b+4goooruOIKKKWgDF17SPtkfn26/v0HIH8Y/xrk69GrC1vQvtJa5tVxN1ZB/H7/X+dcWJw/N78dzsw2I5fclscfPE5dZYSVkXoVOD+B9asp4o1iFQhuN2OPnjBP54pCCpIIII4IPakrijUlDY7ZU4z3JP+Et1f/nsn/foUf8ACW6v/wA9k/79Co6Kv6xPuT9Xh2JP+Et1f/nsn/foUf8ACW6v/wA9k/79Co6KPrE+4fV4diT/AIS3V/8Ansn/AH6FH/CW6v8A89k/79Co6KPrE+4fV4diT/hLdX/57J/36FH/AAlur/8APZP+/QqOij6xPuH1eHYk/wCEt1f/AJ7J/wB+hR/wlur/APPZP+/QqOij6xPuH1eHYk/4S3V/+eyf9+hVW5v9R1cgXU7sgOcY2qPwHepqKTrTas2NUYLVIRVCKFHQDFXNN06TUrrykysa8yP/AHR/iaNO02bUp9kXyxqfnkI4X/E+1dnZ2cVjbrDAuFHUnqT6n3rShQdR80tjOvXVNcsdx8EEdtCkUShUQYAFS0UV6iVjy9xKKKKACiiloAKSlpKAMzVNEh1Ab1xHOP4wOD9R3rlbyxnsZNlxGVPZuob6Gu9pksMc8ZjlRXQ9VYZFc1XDRqarRnTSxMqej1R57RXS3vhdWy9lJsP/ADzfkfgeo/WsO60+6syfPgdV/vAZX8xXnzozhujvhWhPZlaigHPSisjUKKKKACiiigAooUF3CICzHoqjJ/KtW08O3tzgyqLdPV+W/If1qowlP4UTKcYfEzKJA61s6Z4dmuiJLsNDD129Hb/AfrW5YaJaWGHVDJKP+WknJ/D0rQrupYS2sziq4u+kCOCCO2iWKFFSNRwoFSUUtdyVjh3EpaSloASiiigAooooAWkoooAKKKKAFpO1FFAFO40mxuSTLbR7j/Eo2n8xWXe+HbSGMvG8y8dNwI/UUUVy4iEbXsdOHnK9rnOSKFkKjoKQjFFFeWeojQ0zTor5sSPIv+6R/hW/F4b0+Llo3lP/AE0cn9OlFFduGhGT1RxYmco7M0YbeG3XbDEka+iKBUlFFeja2x597hS0UUAJRRRQAUtFFACUUUUAf//Z', '2024-12-19 19:11:41', '2024-12-19 19:11:41');
INSERT INTO `personnel_images` (`id`, `personnel_id`, `type`, `image_url`, `created_at`, `updated_at`) VALUES
(4, 13, '2x2 Picture', 'data:image/png;base64,iVBORw0KGgoAAAANSUhEUgAAEAAAABAABAMAAAAAjTkkAAAAD1BMVEUAAAAuvVkuvVkuvVkuvVnMZv3KAAAABHRSTlMAQIC/o1TdDAAAdiRJREFUeNrs3Ylx48yuBlCQdgBT8gSgX6MAbJUDsEnkH9N7V7Mv3imJ3TgnBpW6CXxABwAAAAAAAAAAAAAAAAAAAAAAAAAAAAAAAAAAAAAAAAAAAAAAAAAAAAAAAAAAAAAAAAAAAAAAAAAAAAAAAAAAAAAAAAAAAAAAAAAAAAAAAAAAAAAAAAAAAAAAAAAAAAAAAAAAAAAAAAAAAAAAAAAAAAAAAAAAAAAAAAAAAAAAAAAAAAAAAAAAAAAAAAAAAAAAAAAAAAAAAAAAAAAAAAAAAAAAAAAAAAAAAAAAAAAAAAAAAAAAAAAAAAAAAAAAAAAAAAAAAAAAAAAAAAAAAAAAAAAAAAAAAAAAAAAAAAAAAAAAAAAAAAAAAAAAAAAAAAAAAAAAAAAAAAAAAAAAAAAAAAAAAAAAAAAAAAAAAAAAAAAAAAAAAAAAAAAAAAAAAAAAAAAAAAAAAAAAAAAAAAAAAAAAAAAAAAAAAAAAAAAAAAAAAAAAAAAAAAAAAAAAAAAAAAAAAAAAAAAAAAAAAAAAAAAAAAAAAAAAAAAAAAAAAAAAAAAAAAAAAAAAAAAAAAAAAAAAAAAAAAAAAAAAAAAAAAAAAAAAAAAAAAAAAAAAAAAAAAAAAAAAAAAAAAAAAAAAAAAAAAAAAAAAAAAAAAAAAAAAAAAAAAAAAAAAAAAAAAAAAAAAAAAAAAAAAAAAAAAAAAAAAAAAAAAAAAAAAABnNu6+uc9XmnffBQDQjt3/fMmlHNZ9GwAA3/p5Use7wH8BAFzceKzvn9mFagIAwOZY57+kY17gUwAAZzAca/0rMu122wAATuX40b9Ss2sAACxtPHb61+8gHAAAi9gcP/tbMosGAMAHjL+d/QVuAQAg6pftm+wNAIDXf/jvsyNKAQDwkmPYrz+TEQEAeMIvVf8KlwAAYPPj8C9xCQAANseyfxmTTAAA0v7HwF85B/uCAND0L2nWDQCgoLHHur9CAACI/P2gEAAAf3b9sS8QgM4NCv//NmkGANAHbX93AAAYtf1fNlsRAEAXnP7uAAA4/XEHAEDqD3kAAJz+uAMAYN6fg/0AADRm8yVZgD2BALRjEPtbzqwVAEATNP6XNmkFALByo9L/SZgMBKBM6h9TAQDI/XGQCASgSu4PiUAAdP45SAMAcAli/4YCAGDw8V9tKAAANtb9no9AIABq/8w6AQCUrP1jJgCAMxvV/qvNBADARu1/NSZhAADOw86f3wgDAGDlH8IAAEj+YTMAAJJ/yAMC4PjHciAA7PzDSAAA5v5wBQDA8Y8rAACOf7wXDIDjH7uBAHD8M2sEAPBvjn9ZAABw/LsCAMDo+G+TKwAAtv4xWRAMQL/HP94IAMCLf7gCAOD4ZxcA8Jxd0iWbgQB42iZpjuWAABj8x0wgAKL/mAkEQPaPQwDAT45/aUAAZP+QBgTA1n9EAQDozCD71ytRAAAs/kEUAACT/8y2AgC0QPUfUQAAjP7hjSAAVP/RBwBA9R99AABU/9EHAED1H30AANV/OOgDABTa+w/2AgHY+48wIADCf3gfAADhP4QBARD+QxEAAOE/hAEB8PmPMCAAPv9RBADA7B+KAACY/UMRAACf/ygCAODzH0UAAHz+owgAgM9/FAEA8PmPIgAANwnfKQIAWP0HigAAVv+BIgCAz39QBADw+Q/zNgBogM9/FnYIAC7M8B+KAADY/YMsIACDz386zwICIP2HIgAAhv+QBQSQ/gNZQADpP9AGAFD+B1lAAOk/0AYAUP4HWUAAw/+gDQCg/A/aAABvpPyPNgAAyv9oAwCg/I82AADK/2gDAKD8jzYAAGPC2VkKBKD8D3cBQL3d/zAFAKfj6V+0AQC4Saj2RDAAyv8szDwggOk/MA8IYPoPBAEAtP9BEABA+x8EAQC0/xEEAED7H0EAALT/EQQAQPsfQQAAtP8RBABA+x9BAAA2CaslCADg7X+4CwDqvf0PUwBQL/4HsyggQL34H4gCAtj+gyggAOJ/iAICYPsfooAAiP9hKyAAo/Of1hgGABD/B8MAAP3F/8EwAID4PxgGABD/B8MAAOL/GAYAQPwfwwAAiP/jZQAANgmNMw4IYPwPDAMAGP/DDQAA438YBwRgcP5zPm4AAMb/wTgggPF/cAMAMP4PFgIAOP/BQgAA4//gfWAA5z9YCABg/Q+4AQBY/wOHAKDP8x+sBAKw/g/cAACs/4PJSiDgrZz/YCkggPMf3AAArP8DNwAA5z9YCwzg/Ac3AADnP7gBAFj/D24AAM5/8DgggPMfPA0E4PwHNwAA5z+4AQA4/8ENAMDzv+AGAOD8BzcAwPkPHAKg3vkPTAHwEc5/cAMAcP6DGwCA8x/cAACc/+AGAOD8BzcAAOc/uAEAOP/BDQDA+Q9uAADOf3ADAHD+gxsAgPMf3AAA5z/gBgA4/wE3AMD5DzwGQL3zH7gLgOZ9TqDaDQDgJoFSNwAA5z+4AQDOf8ANAHD+A24AgPMfcAMAnP/ANgAaNCbwD24AgPMfcAMAnP+AGwDg/Ac+BUBDhgSWMLsBAA0Z7hN4NTcAwPkPuAEAzn9gDoAmOP9hUVMANGCfwJu5AQDOf8ANAHD+Ax4GAjwABG4AAM5/cAMAcP6DZwEAPAAAbgAAzn9wAwDwABBYCgxgATC4AQA4/8GzAAAWAIGVgADOf3ADAPicwGIsBAIsAALcAADnP3AbABUWAAEWAgHOf8A6AMACALAQCMD5D5fgBgBYAABYBwA4/wE3AMACIMA6AMACAMANADAACFgHADj/AesAAAOAgGFAwPkPzAFQYQAQMAwIGAAEHgPgpAwAgmFAgKsE3sowIGAAEHADAAwAAIYBAec/YBgQMAAIGAYEDAACRgEAA4DAbQAszAAAGAUAGBI4PaMAgAEAwCgAYAAAMAoAGAAAjAIABgDAKACAAQAwCgBgAACMAgAYAACjAAAGAMAoAIAAIBgFALhKYJWMAgAGAABBQOAjBADBKACA8x9WTBAQsAEYeAyAyw0AAIKAgAAgYCcwIAAICAICAoCAICAgAAgIAgICgIAgICAACAgCAgKAgCAgIAAICAICAoAgCAggAAiCgAACgOBpYAABQBAEBNgn0BxBQEAAELgLgDe5SqDaPiCAIYE2CQICNgABcwD0FwAA7AMCbAAC7AMCbAACxAAAG4DAPiAAG4DAPiAAAQCwDwgQAADsAwIEAAAxAMAGIEAMALABCBADADwBBIgBAJ4AAsQAAAEAQAwAEAAAxAAAAQBADAAQAAA8CwQIAABiAIAAACAGAAgAAGIAgAAAYBsAIAAAiAEAAgAgBgAwJlAtBgAwaABAvRgAwD6BajEAgJsEeiMGAAgAAGIAgAAAMAdQjwAA8BhAPVYAA7cBnJYVwICXgQErgAExAMAKYEAMABAAAMwCAiYAASuBAROAgJXAgBXAgJXAgBXAgFlAwAQgYBYQMAEImAUETAACVgKDFcCAWUDABCBgFhAwAQhoAgAaAIBZQMAEIGAWEDABCFgICFgBCHgXEPAGIKAJAGgAABYCAlYAAmYBAROAgIWAgBWAgIWAgBWAgCYAoAEAWAgIWAEImAUENAAACwHBCkAATQDQAADQBAArAAELAQENAMCrQIA3gABNAEADANAEALwBBGgCABoAgFeBAA0AQBMA0AAAvAoEaAAAmgCABgCgCQBoAACaAIAGAKAJAGgAAJoAgAYAoAkADAnQWBMA0AAANAEADQBAEwAwAQBoAgAaAIAmAKABAGgCgAYAgCYAaAAAaAKABgCAJgBoAADMAVRoAABoAoAGAMA2gPZoAAD9NwEADQBAEwAYE+DDLAOAtdMAADQBgJsEWMBdAA0ZEqD9JgCgAQBoAgAaAICNwIAGAKAJAOwTYDFTAAV2AANoAoBHAAFmTQCoswMYwEZg0AAAPAsIWAEAWAYAaAAAmgCAFQCAZQCABgCgCQBIAAKWAQAaAIAmACABCMgBAhoAgCYAYAcwIAcIaAAAmgDAmAB1c4BgBQCAJgBIAALIAYIVAACaACABCCAHCBoAAJoAIAEIIAcIGgAAdwFcjgQgIAcI7BPgTKYAVpwABJADBI8AAcgBggQggGUAIAEIIAcIVgAAaAKABCCAHCBoAADMmgBwbhKAgBwgMCbAu8gBggQggBwgSAACyAGCBCCAHCBIAALIAYIEICAHCEgAAnKAgAQgIAcISAACcoCABCAgBwgoAABygIAEICAHCEgAAnKAwKAAAHRYAgAkAAE5QEACEJADBPYJsApTAMuRAATkAAEjgIAcIHCTAKtxF8AyJAABOUDACCBgFBAYE2BVtgGcOQEIIAcIRgABjAKCRwAAlABAAhBADhCMAAIYBQQFAAAlAJAABJADBCOAAHKAoAAAoAQARgABZjlAeJoEICAHCBgBBIwCAgoAgBIAIAEIeBUQkAAEjAKCAgCAUUAwAgigBAASgABygGAEEMAoICgAACgBgAIAgBIAGAEEkAMEI4AARgFBAQBACQAUAACUAEACEGCWA4QnGAEEjAICCgCAUUBAAQBQAgDGBDgVJQAwAghgFBCMAAIYBQQFAAAlAFAAAFACAAUAACUAMAIIcBfA8juAAIwCggIAgG1AoAAAoAQACgAASgBgCTCAEgAYAQQwCgh2AAHYBgQKAABKAKAAAKAEAAoAAEoAoAAAoAQAdgABzEYBocMdQAC2AYECAIBtQKAAAKAEAAoAgBIAoAAAKAEACgCAEgCwT4ATUwIAO4AAbAMCS4ABLAQGBQAAJQBQAABQAgAFAAAlAFAAAFACAAUAACUAUAAAlAAABQBACQCwBBhQAgCvAAFYCAwKAADeBAIFAAAlAFAAAFACAAUAACUAUAAAUAIABQAAJQBQAABQAgAFAAAlAFAAAFACAAUAACUAUAAAUAIABQAAJQBQAABQAgAFAAAlAFAAAJQAgPsEqFYCAK4SoB9KAKAAAKAEAAoAALcBlCsAAMwBLFEAAFACAAUAACUAUAAAUAIABQAAJQBQAABQAgAFAAAlAFAAAFACAAUAACUAUAAAUAIABQAAJQBQAABQAgAFAAAlAFAAAPgUUI4CAMBjQB0KAABKAPA5AapRAoAhAV6kBAAKAABKAKAAAKAEAAoAAEoAoAAAoAQACgAASgCgAACgBAAKAABKAKAAAKAEAAoAAEoAoAAAoAQACgAASgCgAACgBAAKAABKAKAAAKAEgAIAAA8BVSQA380BRVwlAD/cBtRwnwCsoQQACgAASgCgAACgBAAKAABKAKAAAKAEAAoAAEoAoAAAoAQACgAASgCwTwDW8CQQeAYIwJNA4BkgACUAUAAAUAIABQAAJQBQAABQAgAFAAAlAFAAAFACgOsE4LTLgMAWYAD7gMEWYAAlAFAAAFACAAUAACUAUAAAUAIABQAAJQDwDjCAZUBgCRCAZUBgCzCAEgAoAAAoAaAAAIASAAoAACgB4BkgAB4CLskSIADLgMASIADLgEABAEAJABQAAJQAQAEAQAkAxgTg5JOAYAkQgGVAYAkQgBIAKAAAKAGAAgCAEgDYAgxgEhDMAAKYBARLgACUAEABAEAJABQAAJQAwAwggElAzAACYBIQBQAAlABQAABACQAFAAAeAtbIDCCASUAwAwhgEhAUAACUAFAAAEAJABFAAEwCYgYQAJOAKAAAoASAAgCAEgCIAAKIAYIZQACTgKAAAKAEAAoAAEoAIAIIIAYIZgABTAKCAgCAEgAoAAAoAYAIIIAYIJgBBDAJCAoAAEoAMCYAi9kGNBcBBEAMEDOAAJgERAEAACUARAABEAPEDCAAJgFRAABQAgAzgAAmAUEEEEAMEMwAApgEBAUAACUAEAEEEAMEM4AAJgFBAQBACQBEAAHEAEEEEEAMEBQAAJQA4DoB6C8GCCKAAGKAYAYQQAkA9gnAyUwBFyICCCAGCGYAAUwCQgJwUgGXIAIIIAYIZgABTALCmACc2DbgxEQAAcQAwQwggElA8AwAgBggiAACiAFiBhAAJQBEAAEQA0QEEAAxQBQAAFACQAQQADFARAABEANEAQCAKeBsRAABxABBBBBADBASgDMK6CsCCIAYICKAAJgERAQQADFARAABxABBBBBADBBEAAHEAEEEEEAMEEQAAcQAQQQQQAwQFAAAxABBBBBADBBEAAHEAGFMAF5NDBARQADEALEFEAAxQEQAARADRAQQADFALAEAQAwQEUAAMUAQAQQQAwQRQAAxQBABBBADBBFAADFAEAEEEAMEHQAAPQAQAQQQA4R9AnBhU0CBCCAAYoCIAALwEPAXEUAAMUAQAQQQAwQdAACrAEAEEEAMEHQAAPQAQAQQQAwQxgRgJbYBJyMCCCAGCAnAagRcIAIIgBggIoAAeBEISwAAsAoAEUAAxADRAQDAKgBEAAEQA0QHAAA9AEQAARADRAcAAD0ARAABxABBBwBADwBEAAHEAEEHAEAPAEQAAcQAQQcAQA8ARAABxADhOgHovgcAIoAAYoAwJgAd9wBABBBADBB0AAD0ALAEAAAxQHQAANADwBIAAMQA0QEAQA8AEUAAxADRAQBADwARQADEANEBAEAPABFAAMQA0QEAQA8AEUAAAj5KBwBADwD2CcDqTQEfowMAYBUAXCcADXgI+AhLAACsAoAxAWjCNuA8SwAAsAoAHQAA9ACwBAAAqwDQAQBADwBLAACwDhgdAAD0ALAGGADrgNEBAMA6YKwBBsA6YCwBAMAqAHQAAPQAwBIAAKsAQAcAQA8APAQI4ElA0AEA0AOABOB51gFjDTAA1gGjAwCAHgCWAABgFQA6AADoAeAhQAA8CYgOAAB6AHgIEAA9AKwBBsA6YHQAANADQAcAgIeARjsAAOgB4CFAAPQAsAYYAOuA0QEAQA8AHQAAtgGvogMAoAcACcDq6AHgIUAArANGBwAAPQB0AAAIqNkBANADAB0AAD0A0AEA0AMAHQAAPQDYJwDNmwLeZEgA1sGTgOgAAKAHgA4AAHoA6AAAoAeADgAAegDoAADoAYAOAIAeAOgAAOgBwH0C0H0PAHQAAPQA4DoBaJceADoAAMwBBToAAOgBoAMAwEOADgCAHgDoAAD8kx4AOgAA6AGgAwCAHgA6AADoAaADAIAeADoAAOgBoAMAgB4AOgAA6AGgAwCAHgA6AADoAaADAIAeADoAAOgBoAMAgB4AOgAA6AGgAwDAFPCTDgCAHgBcJQCdug14yj4BuAw9AHQAANADQAcAAD0AdAAA0ANABwAAPQB0AADQA0AHAAA9AHQAAPQAQAcAQA8APicAXXsM+FsC0LkAHQAAPQDQAQDQA0AHAAA9AHQAANADoBM6AAB6AHCfAHRvDvjNmAAUsA3oogMAgB4AOgAA6AGgAwCAHgA6AAA8BFTuAADoAcCQABTxKeC76wSgA3oA6AAAoAeADgAAegB4CAjAg0CwTwDKmAL67QAAoAeADgAAegBYAwjgQSBIAEoJ6LQDAIAeADoAAOgBYA0ggGWAMCYAxWwDdAAAeqQHgA4AAHoAWAMIgGWAXCcA5TwE/dEBAMCDQOgAAKAHgDWAAFgGyD4BKEEPAA8BARCUpQMAoAeANYAAWAaIIUAALAPEQ0AAeBAIHQAA9ADQAQBADwBrAAGwDBAPAQHgQSCsAQTAMkB0AADQA8AaQAAsA8QQIAAGAfEQEAAeBMIaQAAsA0QHAAA9AKwBBMAyQAwBAmAQEGsAAbAM0BpAACwDRAcAAD0ArAEEwDJADAECYBAQawABsAwQawABsAwQHQAADAJiDSAAlgFiCBAAg4AYAgTAICDWAAJgGSCGAAEwCIgOAAB6ABgCBMAyQAwBAmAQEEOAABgE5DoBoIVlgBgCBMAgIDoAAOgBYAgQAIOAGAIEwCAghgABMAjImADwi22wEoYAATAIiCFAAAwCYggQAIOAGAIEwCAghgABMAiIIUAADAJiCBAAg4CGAAHAIKAhQAAMAmIIEACDgBgCBMAgIIYAATAIiCFAAAwCYggQAIOAGAIEwCAghgABMAiIIUAADAJiCBAAg4AYAgTAICCGAAEwCIgIAABCABgCBMAgIIYAATAISALAk4Ie2AMMgG3AGAIEwCCgIUAAMAhoCBAADALaAwyAbcCIAAAgBIAhQAAMAmIIEACDgNgDDIBtwNgDDIBtwBgCBMAgIIYAATAIiCFAAAwCYg8wALYBIwIAgBAAIgAACAFgCBAAIQDsAQbANmDsAQbANmB7gAHANmARAACwDVgEAAAhAAwBAmAQEHuAATAIiD3AANgGjD3AANgGjAgAHHbv8CWBFkIAiADA7ofFPx2G3Q8JrCAEgAgAvuwvtDFsPNOFAIQAEAGA6ceRvzLDCW4DIASAPcA49f9r6Lb73rsAYBuwPcAw//jWb9jrrgKAbcD2AMOPEF9XxqduAoBtwJ4CxsEf/dv9P4lY8CSwCAAcjgd/OZuyFQEQAhABwMn/n/GYKgUBEAIQAYDJyV/pHgBCACIA8Hy+j9EKYugrBIA9wLyh0U/ZeADYBmwPMI5+NroCNMk2YOwBZlLwL1UNANuA8RQwYn6LGmQDWDlPAiMCwOyz/1Q2igEUDQEgAoCSP4NkAOshBIAIALOk35mTAXZrcUZCAIgAoObvFgBCAIgAcLj0e73oCFA0BIAIAIr+DNKBFA0BIAKAD39Gk4KckBAAIgD48K/VEAAhAEQAmG33acEoG8hihADwFDCTqv/zpALAk8B4Ctjhj34AeBKY6+RCHP5sXAJo3EPQLv3IZs0O/wsTCoApeBsRAAT+cAlACAARAIz6MWoH8CQhAEQAmGz2745MAEIAiACg6Y8RQX4hBIAIAAd1/0LsDaZQCAARAHz6IxeIEAAiAPj0Z6MbQNEQACIAmPazNVg3gGIhAEQAmAX+KTYgiBAAIgBMCv8UiwUiBIAIAAeFf4olAhACQAQAiX+eNBgNoE4IABEA836gGYAQACIAQn8wagZQMgSACIDTHwaTAdQMASAC4PQHgQDqhAAQAXD6g0AAQgCIADj9YeMOQGshAEQAcPrTdygQIQBEADDvjzsAQgCIAHBw+lPsDoAQACIATDb9Uu4OgBAAIgBifwEf5w6AEAAiAGJ/4A6AEAAiABr/MJoNpEwIABEAD/yD/QAIASACoPQPG30+Gg0BIAKg9A/eC0AIABEAqX/wbiBCAIgA+PgHYwEIASAC4OMfRAIRAkAEQO4PxAEQAkAEwMc/DFoBfIAQgAgAOv/YEARCACIA+PhHKwBug1Z8Thbi4x+tAHgMWmEyeDGCf1gSCHPQiCGp/cw/WBDEonz+tOIq+Ri1fyQCQQhABADBP6qVAUAIQASAWe2famUAEAIQAWBS+6chygAIAYgAIPcPygAIAYgAoPWPMgAIAYgAoPWPMgAIAYgAoPWPFYEgBCACwMEvnW5YEYj3gLwEhOQfDDoBvM9DsH6u+Asn/0AgEKZg/ZLneOwXRp8JvF2wemNSK/gPAoEIASAC4PgHnQCEAEQAMPcHZgIQAhABwPEPZgIQAhABwPEPwgCUDAGIAOD4h40wAJVCAF4CwvEPxgLxHpCXgBz/4Kkg8B6Ql4Ac/2AzAHgPyEtAjn+QB4TboL0IAI5/kAdECEAEgNnxD53lARECEAHA0l9wBUAIwBogHP9gPyBWAVkDhOMfyl0BsArIS0B47x/KjQTgPSAvAXEIoNgVAO8BiQBwkF+BN9kZK+K8IQBEAAz+g8UACAEgAmDwH1wBEALAGiCTf+AKgFVAWAMk+g+uAFgF5CUgZP/AFQDvAXkJiMnxDz1cAfAeECIAsn/gCoAQANYAWfsLrgBYBWQNEPb+gSsAVgFZA6T5D7gCYBWQNUAm/wFXAKwCEgEw+Q+4AiAEIAKg+g+4AiAEYA2Q0T/AY8FYBWQNkNE/wBUAq4CsAVL9B74k9VgF5CUg1X9gcAUowntAMoA2/wCuAFKAWAPk8x8YbSCpuAoIa4B8/gOjANJFWQWEohRQay0AVgEhAjBLpcBFbZLl+d7CGiAVKbAWAKuAsAZI+x8MBGAVENYA3QXQ8EAAVgFhDZDzHwwEYBUQMoDOf5AGRAoQa4Cc/yANiFVAWAPk/AdpQAxe4fwH2kwDYhUQMoDOf7AbEClArAFShgJRAKwCwhog5z+IAmAVENYA2f8PogBYBYQmFHApogBSgFgDpAcFiAJYBYQ1QFpQwKAPYBUQ1gAJAIIHAvAXjAygAAB4IAApQKwBEgAAI4G09xGGNUACAICRQF9hyAAqPgH6AFKAyAAaQAH0AZYmBYgGAGAeAKuArAHSAAD0AVCJlQGUPQHMA+Cf2FOAGgCAPgD+iq0BanP6FPA+AJqxKDsB3gdAClAG0KUT8E4wUoDWACkAAJYCYBWQNUBiJ4DlwFgFJAPYZAIQsBQADVkGBQCgKcKAPsiQAfR7A2FApACRAVQAAGFApACRAVQAAJsBkQLEGqC7AL5SBMAqIAaRU8BEIIqyngLUbwJMBGIxm6cAXTYBE4H4KpMB7GIEAFAEQAoQBQBAEQApQGuAFAAARQCsApIBVAAAFAGQApQBVAAAFAHwxywD2GalCVAEQAoQS4AARQCkAGUAdZoARQDUZj0FqAAAKAJgFZAMYBdJE0ARAP/N3NebAQQUAVCdRdIUaIwigBQgMoAigIAigBQgMoCKTIAigBQgMoBiJsBNUu/vGRlAEUBg/NffHAq0+IEBvfuS/EkKkFEEEFAEQApQBlAHAFAEQApQBtASAMBAIFKAMoBddAAAA4EIaSFiAigC4C9aBlB9CZAFRApQBlAHAJAFRApQBlB5CVD2RJVWBrDNGQBAFhApQHQAAFlAlGkVw2wBAmQBkQKUAdQBAGQBkQKUAfTLArQBkAKUAWyzAwAgCygFiB8WoA2AFKAMoNIS4B8QKUAZQL8rQBsAWS0ZwM4qSwA3iVKtDGCRIUAAKwH8U6OwBGgDoFYrAVNgCBBAG0BaiytDgADaAN5skQEskCwB0AbwX82+3q0SQBtAChARAIAeIlFSgPjBiwAA2gBSgMgAaisB/8fenZi1rYRRAB0JCvDnRwGgvALAHwVgafqv6e1rEsIij6W555QQFOl6/mX+z90A6rXcRj9SAMoAdrboAXSoBDCYBwzpAiSvrQRAGcDrmkGkBPivY8XMlh5ARSXAWkC0bOkB1AIAmAfEDzY9gLs8UgLQCKBky3PcGiAA84Be2AzWAAGYB3RkK+IqKQH0WCPVtIUeQAD3A/rJxl3AXgkAp6SKtugBBNAI4JWNOAkQ0Ajg0BY9gAAaAbRtceNhAvBTyTJgPYCGSgE0Aijbqm31WE8C8LK0DJisZwlAI4BfbVgEDPB2x0pe3VYPoCEAgFEjwL66ALEIGGAVg0YAP9u0tThMArwz0bllEbB2EkArIJYB6wEUJQE7gfC7zZMsAAB2AqF1Sw+gbhJAKyDe2xYBmycBtAJifYun+NJHSQBaAZVuyV4pBaCBShegR9hzBGAroKNbi4CdJAEYBtC8ZQhAAADQCmgMwOOrmRTgS8VPN4uA5UjAMACWAVsErJIE6KTG/JZHVy8pYBgAr249gGIkYBgA1VuLgK0BAHRTo3/bY3vRAABgGMAYAHkPEYBhAD/eGAQAgBUcK/q3LAJWRwLMVGGE2xCATlLAOCBe3noAPUOAcUDUby0Cbn6KBOA3lWXA2CYFIAEYA9C0IgAAGAf09jYE4BECkAAUcA0BOEQCsBBAC7dylQAAsM/aqjEA8tpIACwE8PpmyBskAbAQwDJgRmdIABKAHm49gAEBAECHlS5A7gQAgJVIAO5y84AKAABfKtt9f5OXIAGsBDIGwJBXQwKQAIwBMAoAAJYCGgMwBCAAAPiZ5QVuCMDzAyABaOIyBNBFAACQAIwBkHeCBGApoDEAhrwLpQEkAGMA3GgiBZAA/IQzBCAAAEgAirh6AHsMAABet7oAeRYAALacAFgKl5C3SApAAjAGwCgAAEgAXuGGADw9ABKAMQBDAAIAgMsBjQFIowIAgARgDMAQwD4DAIAEYAyAvA4SAAnAGACjAAAgAXiHGwLw8ABIAMYADAEIAAASgDEAQwACAIAEYAzAEMA+j48AdGAZA8DxEYAEYAzAAygAAHgBq+MaAhAAACQAdVxDAAIAgATgJW4IwLMDIAEYAzAEIAAASADGAAwBbMy5APxBAjAGwOD0CGAPCYBDwYMnAABexOYAMQTwvgAAIAHo5OJOAACQAHRymQIM6B8BkAD8jCOvgRTAVlZvcQaPDoDbgY0BOHUSAAAkAGMAhgA8OgASgDEAQwACAIAEYAzAEMA+AwCABGAMgLzDIwAJQCsXQ14AAJAAjAEwCgAAm00AqOTaPKF6BGjN4rGwllsBAEACcJDrOQsIAADezF7jPOsfBdhLAmAprMUACYAE4DVuCED/KIDj2avwGjcE4MkBGCQAYwCGAFZ+cgAkAGMA3HlyACQA1wHpMwl4cgCsajcHiCcHoMM2bWMAyJcmSAEJwHVAeLgKgJe0aS5uRUcAVwNq5jYEIDoCSACauQ0BWAQAIAFo5rZr0tkRQBdHtZq5ER0BAs5qNXOjv1QAACQAvVzciI4AXZRr9XJhCtAcIOBaAL1caC1xdgRIAOYAUVcSHQEtW3q5EB0B8hKAXi4G0RFA17ZeLoFSdASwEnAnvVzIk6IjIAGYA8QUoOgIaNzWzI1nyZMDeGvr5cJuKU8O4LXtOiA8OQB5C4E0czN4cgC8uPdFM7cpQF2ADNO7PRTw5vYa51b/KPswTn9ZtwXqNP3F7wk2wwC317irgCwD9sVv3/E8T7/z84JGrAPwGjdPoguQ4/SbuiXT7wpcgl9vprmMk2gfUcbfw/umn4MB/HzzOw7tI1z1iH+vPz3efyoAfr+Z5tJKqn3EMX83b6751TMBsA7A7zgBQPWIsd2Hv72lfRCAQQBg61OADo/85P9SQ5yUBvATzkGuPlLZ0dvpny9/mFkOIHEdgDlAbaTukub3035O6gKErANQydVFKjvyVWc/y/aOA/ArzhwgHh0affrpLAYgAWjl0kFiFRCjA/+3WtxFRA/DgFq5NJBoAuD4gTY/ZjcPsZ7BW5y2U4CaAPjkPT04DGAFFrqxyylATQC+/Zx0BrCHUQA/43SPKB9x9O1f3ywF0DgBmAPEFineYVTvv6RZRYDN/ZgzBiAACI/o82/jZHMQoTtdBACtI54dP/wxI8DFRgEUchEAPDsq/goCeJ17iZsC1EGKU39HAWgE1MllCtAgILb6XoGuADQC+hXnebEN2Mcf9QDsBNbKrW/U8ZGPP4sQgN3ujnFNAV4kPXJU888KAajqmuXSNaoGwOjjLwTgVNcYgACQdZcUgzl/IQAvdQHAFGCY2bm/ov9OzaYDUATQyOVR+RgFpMGWn5072RNAZhHAHKApQDUAP/1xkSCZkwBOcUVF8dFPfxbVADJPds0BmgI0B6Dhn5ODAH43KOPiOfkWNYCjhv+wgwDcCeA3HAZGVJCM+zkIQHG36zlATAHKj8r+DgLQB2gOEAFADWBQ9g9jUZABr8wAgIdEE6mvP7NiQKwhuoqLAKAG4OvPYk/QK4wCCgCmADn7+tMvDQHf4wjAHKBHhKXrrz+cNAQ4Auj/DBdTgNoAff2RARgy5wAxKqKGZOIPTYGOANJ+wWEK0BHS0defN2UAHAGYA5QQOQdu+kUGwAve+9sUIL3c8lMhKwPgCMAcoH3Rikja/nhnBsARgDkuawBYwgr/MD+UgiMAJ7imAHl09I/ZQBwBmAMUALQBRhz9w8m7c5ccAQgApgBNAo66/vkk9wXsjT4vc4ACgCOAwdE/Xd0ZhGVvAoApQEcA+v4wFoAjAHOAAoAjAD/+0RKIc14BwBSgI4BRemM12gG0AZoDFAAcAWj7RztAYQNMAgoApgAdAWj7RykA73lzgPpDHQEc/fhnbUoB2gAtctMdwkHjH1gU7JeeOUC1IUcAzv6xJBBtgF7dDZkCdATg7B8dgfipZw5QaUiOdPZP2jEAagAuBDYFqJl0cPbPZTkG8FvPHKDKEEvgzh9wDKAGoHprPJRHpX/4nWMA73pntwpDjgCs/IOTH1lqAH65WQOgD1DnH3YD4GVvEYC6kGLS7jv/wIpADV9+uFkDwGzpD2gIVAPw2vZI6APU+A8aAtUANG+tzRoARQCff1QCUAOwCMAT4TTp6PPPHswqAYkHvn62GQ1VBDD2D4uZAD3fFgFYAyBN9vD5B5UAP/j8atMVwhz4+QczAWoAFgE4EuLJ5x9sB/LCtwjAGgDXAiZ8/sFYoJqvU1snQiwHn394IxFg6ywC4LOPgzYAc//gqiBnvhYBWAOgDcDnH/QDavu2CMBUiDYAn3/0A+KVbxGAlhCR0o1/WA6Eti+LAJwHaQT0+cdIAAYBLQLwMGgEnCqEjQTg1NciAC2hEsCxQjNWBDN4WXP5epCHyuA/nEQAL32LAKwBMAyo9R8RAHVfiwCcBkkAg88/cREATQAWAZgJlQC0/rMPdgP52WcRgADASe8ffMx8X9AEIABYA6ATcNzR/0AQATQBWAQgADAr/oMIoAlAALAGwE5AxX8QAVR+LQIQANwMtPniP4gACAB88EHgKbD4DyKAH34WAQgAzIfAW3/AXgC9XwKAWhAPTv9BBPDiNwfoOXAI4PQfRACrgAQAJ0EOAXo9/QcRwCogc4ACAMv9Z+78B6ZCj12AAoCNULqZ23/+QQTAT79z4fI5kPmh/ecfNNRy/e4viwBUgpheL2SOav/wmkUEWJkuwKXQaA0A83czwOjHP6zQTsPaLAJgtRjI9FUIOE7qK3CF5YCo/jYfMFEIYp7+orQCP2ImUBegRQACAMCp4EZgAUAKBMwE4sffqosAEAAAAwEIAOyvEQTQDYgRcIsABADAZdt4+QsAToEA3YCo/xa6CACA9cAYAxAA7AEC7AbEGIBNQB4BQCsAfv5ZBOAQCNAKgALwY+EbrAEAtALwc8AiAAQAQCsAAgDWAABaAbi1CEAAAHBBgBYwAUAXCEDABQGMeYsAEAAAdQAGAcADABA4EohNQI6AAALrANgEpAkEQB1AE7hNQMZAALqsA2ARAAIAoA7ArQAgAAJ0XgfAJiAEAMBeIGwC4rkCdHc/AMbAloI9QIBmQKwCJGYPEOCeYGwCwh4gQDMgNgEhAACaAXkWAAyBAHTdDIhNQAgAgGZABADuKkCHhwD4BJwL9gABmgGxCpAeO0AAE4EIADYBmQEBHAKgDawgAAAOAbAKkIA/PuAQAN8ALaICAOAQAAGAhLsgAYcACACPha/ZAwQ4BGCoeZuAEAAAhwAIAPYAATgEEAC63ASEAAA4BEAAwCJAwCEAdQ+sAvS3B3AI4CNgE5C/PYBDAHVgAcAIKIBDAAHAJiABAHAIgABA2CJAgFMhLwBYBWgPEMDi158AYBOQAAA4BEAAoNM/PYBDAF8Bm4D86QH0AgoABCwCBDAQKABYBWgPEIBDAOfABQEA0AuIAEDAHiAAvYACgD+9AAAoAyAA0MsiQAC9gAKAVYD2AAH4KSgA2AQkAADoBRQASN8DBLAoA0R8BmwC8pcH0AsoABCwCBBAGUAAsArQHiAAKwEcBBcEAABlAAGAgD1AAKrCAoAjHwEAQBlAAEAAAJQBEADsAQJQBtAK1vMmIAQAAEuBBADuKkDHlAEEgHPh/ywCBCwFIqDagwAAoAwgAGAPEIAO8aF2r/B/AgDAk2nwwACAAAAwHwQAAcAfHsBaQN8BdR5/eIDemQe8EQA65A8PYB7QPrjHQtwfHkAjgO/Ai6+9AADgmFgAwB4gAPOAd9EXPwkAAMy+A/6y/vAAvbIYWADAHiAAjQDP1SYgAQBAI4DvgADgDw/QHxsBBAAsAgSwEWBU2umUPzyAqwEEALrcBAzgagDfAbuALYAC0AroO2AVoD88gMFxAYC4DZAAdgLZB3cudPiHB9AK6DvgRMcfHkAroDUAAoANkABaAQWApZD3hwfwu9E6mIIAAKAVUACg9z88gFZAU4BWAQoAAL4cAgACAIBWwJ8FgG+xAAqAU2AAsApQAABg1gveUwBAAAAwDDDkBQAsAgQwDDDmneIgAABoIrsVAFIIAABuBhAAqAAEjAP6HVj4WAAAYHYlnAAgAABIAD4DAoDuTwDjgD4Dujj95QEkAD2AGw0ACAAAviN3/nDrE/0AfEgMAVgFKAAAGAfUAygACAAAEoCbAAQAxR8A9wO3d1NjnAufLP4AMDsH9jcTAAAkAF8BfzIrIAH2w0KApL9Yocc/PYAEoAfQLmABAEAC0AMoAMh+AFYCGQX7I7BhEzCABPBz3l8LAQDAN8Ufq2+qPwCWAvoV+FhYawMEAE8+AnYB+9sDSABaAAQAAQBAAtACIAB0Gv4AmLUA+DsJAAASgFNgfyYBAMCnxTfAX8ldQAC+LVoA7AL2xweQAHbcAiAACAAAzActAAKAu4AAXA6oBcBtQI5/ADZIAnBzQx4BAEACGAWAPAIAgARwJwB0SAMIgARgENwuYAEAQALQBi4ACAAAEsCNABBAAQhAArAL/lxIvwoAQAKwrrETAgCABKACIAAIAAASgBqwAOAACEAC8AEoNPn7A0gAKgACgAAAIAGoAAgAtkAASADWALoO0FUAABKACoDLAAQAAAlABUAAEAAAJAAtYAKAqwAAJAAVAJcBCAAAEoAKgAAgAABIAGbABAAREEACUAFwHaCrAACsn3/214gjAAD45gz+GJcmAAAwq//6W5gDBfDVUQFwGYAAACABaAEUAAQAAM3nyr8CQDdtIAA8efe7DtBVAAASgBZAlwEIAAASQKcHAAKAAADAoxbAaxEAPAUAvj3PYhjuAgLYYQLw089tQAIAgATgAEAAEAAAXA2o+UsAMAoCIAF48bsP2DIoAAlgsJWZKwQAABYHAN8mAAgAAL5ADgAEAHcBAfgEOQBwG5AAAGApsAMAAUAAgHn6tzf0V43Tv6mDsaME4ABAABAA8L0vq5v+8KXCFvbROgAQAKyDgOk3D6Wp4/SbtivTsBLQEkC3AQkAsEy/2sT/1KFFqQCfIbcACAACAL77ZaOOq5cIsBDIAYAAIADgw7+f/5erBgEkAAcAAkDgwwCn1X7xtzfsqE0AKwEHD+smbgNyGSDMDRr7GpED+JA5bgRQABAA8KP/0GNNTV2AdzrnjAAKAAIAPv2lufbHARXe5kkHoAAQsBIKB/6HkmNwGsCbPPbb9OXcxWWA8E+tP82oN4Afue+zAKD1QgDAbN/BfzSHAbzm0PH7XgAQAPDt5ygF0HYdgAKAANC+JQTevtJHCoClgwKAf3CXAcLpR/V+3CvA/8xtz3spCACsa3nziB+DUUFatqX/VLlMABAAYPbD//2OjgL409MOCwACgAAAJxX/Tx4FwP2++r0EAJcBwkmr/wom2wI4RO58cx2gAICPP0chwDBgWgOAACAA4OOPEMCy9Te9ACAAwOzjv5sQgGHAwQO1RgBwGSAsGv4uRAjgaaMNgK4DFADAnH9DpgMybwa0AUgAEABw7s9gT4Cj6asOAAgAAgDY8nM1o2qABGAAQADInA3FT3/cIGQYsPH33+pltwHDyU//thwESABX//4buBAAQMP/VTkIkADaf/8FAAEAFgf/WzQaDZAALvf9FwAEAJiN+23XoBjQu+X+4t9/AQDvEb7h5Ou//2IAZgE8I68pVNhp0x9H7/eePTjgFQAEAHz90RBgK7D9/wKAAICvPzKAKrWL3gQAAQBffzQFagVU/hcAPhYSYfb17ycDoAwwKP/v+T5gAQATf8gAzB/ZCHCs/JAAIACw+PpvmQzAdIGf/wgAAgB2/W2fnkCdAJeo/iMA3FRynfwH2AMZgPnt/1X97QWAN7utbJ62P+wIEgHW/vzzUrokAKDwz1ElOCyyD1Lf7wQAAQBH/2gJDLqc2x/7HwKAAICjfwZnwn2Zvnl4N/r6f4AAcFfpmq5/RgfDnTlN//p/PE0+/h90Lr1zWxR+/DP5jw7/NwsAHgI//lEKAAFAAMAcMV1QCgABQADAj380ioMAIACo/OMYABAAKoE//rEgCBAA6Nnixz/f7ggEBAACF/6BYwAQAAg8+weL40EAIO7sHwwFgAAwVgLP/sFQANwLAOSd/YMb5EEAIPCif9AQCAIAgTt/QEMgCADE7fsHDYEgANxUenFS+uftVALgsWS7rfRB6Z93UQmAFwGAvM4/MBMAAgD/YukPHDUDEEIA4D80/sOoGYAIAgBxjf+gGQAEAEk/8vMPbgyGWQAg7/MPNgOAAEDg2D/oBwQBgMDPP+gHBAGAwM8/iAAgABD3+QcjASAAVCI//yACgABA3OcfrAgGAYA9mX3+WYcIAAIAgXP/IAKAAEDg5x9EABAAiPv8g/WAIACMlcgLf8F6QLgXAEj7/IMIAAIAmzcVWJsIAAIAgZ9/EAFAACBw7w+YCAABgLi9PyACgABwW4mc/AMRAF4EANJa/0EEAAGAwN4/cFMgCABs0anARYkAIAAQ2PsHIgAIAGzNoveP/Rl/rrArAsBdZWP0/tGGCADnksx/2dDiP1gOCLMAwBoU/+FYYT8EAAKL/2AtAAgABE7+g4EAEABYk1t/YPBaYR8EANbl9B9G3YBsnwDg/2no6B8YCIClJKuEnv6DbkAQAAg7/QfdgCAAEHj6D3YDggBA4OYf0AoAAgCBP/9BKwAIAARW/0ErAAgAxB3/g1YAEADGSui9f6AVAO4FANp7KnA9WgFAACDw+w8uCAABgMj2f3BBAAgAtPdY4KrUAUAAIPD8H4wEggBA3Pcf1AFAALipNOT7D8cKW6Aee1tpbS6wCeYB4EUAoJ2lwPWpA4AAQGP2/4J5ALZAACCw4wTUAUAAILMBENwPAAIA7RsAAUsBuC4BgIYWDQCwkWZAEACImzgFSwFAANCI09K5ANdqBgR1WQFAAQAcAoAAQGABADQDggBAYAEANAOCAEDgCkBwCAACAIEFAHAIAAIAgXcAgWZAEAAIPAAAE4EgABDXAQgOAUAAqMR2AIJDABAAiDoAAIcAIAAQeAAADgFAACDwAAAcAoAAQOABADgEAAGAwAMAcAgAAgCBBwDgEAAEAAIPAMAhAAgABB4AgEMAEACIOwAAhwAgAAyVuAMAcAgA3tBjZbObpoEvFS7rXgBgg9cAAuNzhcsQALiwpQDbOwQAAYDAAwBwCAACABtvMAH0AnIJAgCBM4BgIBAEABKfLTAQCAIA228BBH6qsC4BgMAWQNALCAIAgS2AYCAQBADitgCCXkAQAG4rsRUA0AsILwIASddMgV5AEAAIXAIAegFBACCwAgD2AoIAQGAFAPQCggDAzioAwKAMwAoEAAIrAGAlAAgABFYAQBkABAACKwBgJQAIAARWAEAZAAQAAu8BAKvMQQAg8B4AUAYAAYC4pwqUAcCr+q6yFldMgTIA2rXt1GQpwIbKAKBaKwBIlaAMAAIAgUOAYCkQCAAEDgGCuwFAACCwBQCUAUAAILAFAJQBQACggxYAYFQG4J0EAAJbAMA8IAgA9NECAPxU4R0EAAJbAMBaQBAACGwBAPOAIACQeREAeKeBAMD6CrDpeUAQAAh8osA8IAgABF4wDeYBQQAgsAcQLAYGAYC4NUCgEQAEAMWywB5A0AgA3teVwEQJGgFAACCwBxAUOEEAILAHEFwNAAIAgXsAwdUAIAAQ+DyBqwFAACDwLmDQCAACAIFDAKARAAQAAocAwE4gEAAIHAIAO4FAACBwCAC0AoIAQODjBFoBQQAgcAgAtAKCAEDgEABoBQQBgPWdC7DxVkAQAAicAgStgCAAEDgEAFoBQQAgJAAAXyoIAAKApwkMA4AAQNbTBC4IBgGAwDUAYBgABAAC1wCAYQAQAAhcAwCGAUAAIHANABgGAAGAwAAAhgFAACBwDQAYBgABgMAAABIACAAIAGAYgEACAIEPEyABIAAQ+DABxgERAAh8mADjgAgABC4CBIwDIgCQGgCAYwUBgKQAABgHRAAg8CoAwO2ACAAEbgIGjAMiABAYAAAJAAGAwAAAWAiAAEBgAAAkAAQA1vZYgM2zEggBgMC7gAArgRAASAwAgASAAIAAAIyVNAIAgQEAkAAQAAgMAIAEgABAYAAArARCACAwAAASAAIAgQEAkAAQAAh8lgBLAREACHyWAAkAAYDAZwmQABAACHyWAAkAAYDAZwmwFhgBgMBnCZAAEABY26EA2ycBIABgDwAgAQgAAgACAHCsBBAAiAsAgKuBEAAIDACABIAAQGAAACQABAACAwAgASAAEBgAAAkAAYDAAABIAAgArO2xAJ0YnyvdEgBY20sBejFIAP0SAAgMAIAEgABAYAAAJAAEAAIDACABIACwtrkAmycBIAAQGAAACQABgMAAAEgACAAEBgBAAkAAIPBhAiQABAACHyZAAkAAIPBhAiQABAACbwMCJAAEAAIDACABIAAQeB0gIAEgABC4CxiQABAACAwAgASAAEDgJiBAAkAAIDAAABIAAgCrWwqweRIAAgBv52kCxkofBADWdyjAxkkACADkbQICJABUbX+uxG4CAiQAZgGApEUAgASAAMDqzgXYOgkAAYDAxwmQABAAeDc9pcBPlQ4IAKQFAEACQAAgcA4QkAAQAAicAwQkAAQAAucAAQkAAYDA5wnwBkUAoKPNkkxfe/7Pn2b6WoHIVygCALsdA+A4/aGu5BQUCfAORQBgT2MADNNvvtQG/jgteCjQ50sUAYDtjwEw/Per3973DgZgeK7slADAdm8D4Ksa/tXNvRwKIAEgALDNB0pxf9tv1aWDIIAEgADAhroAffm/7Ovdsc/SABIAAsBdZStdgKr8db9OzgN2xtWAKNneVq7bBcg4Tb0cRC0/PA5AAsDqVgFApGRoct7fntOAfZAAEABoX1RibH/g3/40QCFo01wLgABA2y5Ajr//7A9xchiwWRIAAgC6AH37L2vWGbBFEgACAC0eKcZtffulAExVIwBw6SYANrjUR0UACQABAE0Afvg3HhI4FPok6e6QAIAmgPUd/fD/rtlRwBZYCYgAQPtVQE79WXQFXJUEgADAyqwC2s2Iv3oAFgIhALA+x/680UkIuAYJAAEATQCrNfz5+AsB3FSCAoC0iodq+PyFPugJCF0IhB9rAoBNAIr+mA5oTAJAAGB9zv35kMUtQk1YCIQAwId5qo62/FzISTWgAQkAAYDQQUBVf9UArANAAGB9S9cH/5UGZrMBlyMBIABwMYfQg390BDBUtk8A4D0MArrc5wpOigEX4N2KAMCbqQEo+/dTDMBCIAQAUmsAvv6KAVgHgADA69wIaNp/G2SAPbmrpAYAnSrMfvtjOtA6ABzVblTlXzxYvv6aAjEMaGmrAIAawNHXv9cMgASAAEDkHIB5fxkAXVYIAKgB2PUnAyABCAACAHYBDZr+A+YCMAyIAEBgDUDhXwbAMCACAP8wYToq/O/QYk/g+xkGRACggzuB7fthngob5X/VVgkAXJajf1qZtQS+n2FA0rMpVgEMuv4D2wEwCsCiPEXew+XHv3YA3AzILACQtQrAj3+lAAwDIgAQ2Abox79SAIYBEQDo7whA2z+LqYA38KpFAKC/bYBm/jk5BniVUQAEAELbAI9eSO04BmCobI4AQOAkoMY/xwAYBkQA4NIWZ/84BsAogAAgADgC0PePYwCjABjUurrbysUt+v5xDIAfXNq0r0AAcASg9I8VgV8xCoAAwKUtWyv9Y0UgRgEQAAg5AhgdP6IS8C9uBUAAoIFlI1P/cFIJ+ItRAAQAGnjcSucfzGYCfqcREAGA7o8AdP6xnUoA0vh2CAB0dQSg8R8zAUYBEAC0pLgUcND4zzW3A2EnsB9nHkXOPv8YC2RrjYDcCwBc3mFrn39YRIDkncAIADSybPDzD/oBcxsBEQBo5dHnH/2A2AgoAAgAigBX/PyD5UDaABAAaGb2+cdyIOwDEgAEAEUAn39EAEUABICrqTR02NDnH0wF2sFC6YMAoAjg889bmQo0CYAAQEtPdv4jAqAIIAAIAOpNV/r8gwhgHRACAE0thy3c9w/uClQEQACggzaA0ZuEd7IeUB8gAgC7bwMYjRTzISKAIwA8gbT0uInJPxAB9AEy20dFU/cm/9AOiD5AAUAAsA9I6z8igCMABAABwCiA1n9EAEcACAACgASg9w8RwBEAAoAAIAE07v2DpdfbUhwBIABwnQSg+I+bAnEEIADInxJA6+I/iABewZxLstvK3qYBB8c2NHc6FPo7AuBFAOAqHq43+Q8igCMABACu5vSR0/8Ka7Ac0BEAAgDXMx8CRv9wasU2jwAQALimB6f/WAvgUkAEAAHAIUCT038wEOBKNgSAsXJlD1c5/QfdgI4AuBcAuPKpateL/9C+yusqAoAAIAK0+/yDbkBtgAgAXN8yvVL7d/jP+twQYBIQAYCNmL+ZAY62/nMRugG1ASIAsKVzgOnf/VXT5Lc/Od2A2gARAJw9MU1+EXBxWgG0AeLBA4hrBdAGiAAA0GCVFVurASAAAARuBdAGiAAAENgKoAaAAACQNxJoHgsBwKAZEFkHUANgFgAA8uoAagAIAACBdQA1AAQAgMA6gBoAAgBAYB1ADQABACBuL5AaAALAbQUIrAMYyeZFAADIux9ADQABACCwDuA+AAQAgMBmQHezIwAAJCwFMAiIAODYCdAM6NcYj2ZPAPKaAb2MuffMAeQdAhgERAAACGwGtJYNAQAgcCJQEwACAEDCIYC3MQKAshPgEMDbGI8cQOAhgCYABACAwEMATQAIAACBhwCaABAAAAIOAbyOEQBUnQCHAK4DYC4bIAAADgG4q7yXACAAAA4BXM6GACAAAA4BdAEiAAgAgEMAXYAIAIpOgEMAP8g4lzhWTwAOAfwg46VclAAA4OBVF6AAIAAALImXsOkCFAAEAIBToX0XIAKAxAk4BLALEA+hAABcwVPh82MACAACAGAgUE0WAUAAAAwEGgNAABAAAL2AXsgIALpOAb2AXsgUKkAHvYDGABAABABAL6AxAAQAAQBQiTUGgADgxAnQCygAsBScOAHXtSgDrDQGgFupBADASgABAAFAAAC8jHVl4ZkTAAArAQQAAYC7ChBWBvCTjHNB0ykQ94tMAOClIAAAa1IG8EYWADxuAMoA3sgCgMcNQBnAHKAA4HEDUAbwRraD2uMGoAwwVDIDgAAAcLIIgH4CgAAA4G4AAUAA8LgBeDe7oNVtwAIAgDKATUACgAAAMB8EAD5HABAAAPOArmdBAFBxAswD2s3GUnDgBLSkEUAAsHRSAADQCCAACAACAIBGgJuKAKDlBODJbjYu4lxw4AT08ENNAMBlgAIAoBFAAEAAEAAAjQACAAKAlhPARgC72XgsyJvA5p2SAwAunBIAAI0AAgACgAAAaAQQABAABADAC1sAwPPkcQPsBPJGxmWAHjfATiBvZAQAjxugFdAbWQDguQIEtQIKACwF1wECWrf8JFNP6pYAAGgF9EZGAPC4Ad7c3sgeI+4qQFAroADAubC36wABloMAwBu5DFAAALQCagJEABAAABcEGwMUALipAEHDAAIAj4Vd3gYEMAsAqCIJAIBhAAEAAUAAAAwDCAAIAJ43wM0AXsi4C8jzBvgZ54UsAOB5AwwDeCELAAIAgATghSwAuA0IwDigrmyPjQAA4FUuAHhqBAAA44ACgADgPmAACUAAcBuw24AAjAO6nMVdQAIAgATgfSwAeOAA3A/sfSwAqDkBWAggADgyugQBAJAANGUjAAgAgMkuY9kCAEMFiEkAAgA9TY7aPQ0wd/Baf640UBAAACuBvI4FAAEAQALY2+sYAUDRCWC515ONqwAEAEB/twCAACAAABKAqwAQAGyeACSAbhYB4jJAjxzAQ+DbGFcBeOQAnhRkEQAEAEACEAAQAPSdAhKANQDaRBAAAAmgmwCAACAAAMzJL2MEANcBAhKAAIDLAJ06ARKAjmwK/QcAQAKwlQ0BQAAAJABTgCwFDx0gAfgx5rEQAAC86gUAT4UAAOBdbwjAQ7FHOk8BloPLgHn3JmABAEAC8CoWAAQAAAlANVYAsAsYQALQA2gTsAAAIAHYyi4ACAAAEoA3sQAgdwJIALqx3AWk8gQgAbgJwFUAAgCABPBcaaLguQMkAL/E3AVkFzCABKAH0CZgAQBAAuihBxABQO8J4M3vhxjnguQJSAB6sWwCFgAAJAD7WAQAAQBAAnAXsABgFzCABKAVyyZgAQBAAtACIAAIAAASgBYAAcAuYAAJYFMtANgELAAAPGkBEAAQAAAJQAuAAGAXMIAEoAVABUgAAJAAtAAIAAIAgASgBUAAsAoQwDCYPiyLAAUAAAnALhYBQAAAkABUAAQAqwABJABDgP7q1ycAACwHQ4ACAAIAIAEowgoAVgECSAB9DmJbBIgAALAEVgAEALSgAMzWAIp8VgECSAAR719/bzyAAOfACoAAgDUUAE8qAPKeVYAAEoAWLIsABQAAo+GdVgAEAJxBAdyn/PzisfA3qwABDioAsp4AAGAloJevAGAVIIAE0OcIlkWACAAAsxZAAUAAAJAAIhqwBQCsAgQ4awEU8wQAAAuBtAAKAHYBA5gR9+Z1zGMVIIAZMS2AFgEKAAAWAjkAEADsAgawDsD4lSqPVYAAe7IE/vBS5BEAAJjNAAoANgEB6BNPOwCwB0gAALAOwAGAACAAAGgUcwAgAFgFCKBQ7ABAh4cAAGAY0AGAAGAXMIAE4ADAJmCrAAH8UnQAYBGgAADgp+LgAGCDAcAmIACeFF21dwoAAL4VEdcA+qMKAAAcHAAIADYBARgFSOgAtAdIAABg6W0EkMKPn0gAZgUAkc4qQACjABEdgBKdAADAo+PWNQgANgEBaBv/qRKwB0gAADAKsM7INQJAs7kUAObAAoCKjk1AAJxNACjoCAAARgEctQoANgEB+Gx0OgFoD5AAAMDBJcACgFWAAEYBEtatWARoExAAc2ADoD+jAADA2QYgAcAmIACjAL7/9gAJAAASgElrAcAqQAAJwPffIkCbgAAkgEbvV+wB8oDCMv3P95756b+MwnKhBHCsrE4AsAkITv985tcy/cFoDP/2tIn+P+wBEgDwG79VoP9UGMAc2ZfKpwkAVgHip/6hXNGQHQWYD013rGARoE1A+O4/lI2ZflWJs7z72Gn00+oD7AESAPDhL6tbPwg44NUIsEL7HwKATUCwrHDQ39pRDvgGZYDB76oG7AESAPDlv76IWUIe1vv5jwBgFSBO+zua0T2KAToBXq/+YxGgTUBwavSjv72euwSZfxgBRqf/UXuABADw6f+v0WFAr+ZXCwFHn/9vEgBsAkKtP+r/4mB3QJ++l2BHZz//Zw+QAADzNJVMg7OAHn29oeLo6/9fAoBVgHD6z7syNgVUer2M4rWdEFgEaBMQvv0cFQRgY3uAuKvQ5MyfwW9FaOpcaLYJCJbX2/xRD4De9gAJAHDK6vMXAkAAsAgAHPpnhQCwBkAAgFm33/5CAAgADBU+bnbqv9XGQEBD0mU2AcFJu986RtuCIHMPkE1A+PjjIACutwfIJiDw8XcQAPYACQCg5u8gAAQAiwBg8fFvYEu3yoE1AAIAGPVraFAMgAYBgJsKmyv64/IgaLcGwCYgcO6vIQAEAJuA4DQVruooA0DXe4BsAsJPf2QAsAdIAMBPf2QAEAAsAkDDP0f/T+EqawAEAH5h707M24ZhMICS8gL5FA+Qqgs4/DpAI3H/lXrfZw7apoj3ZrAlCMQPRrEZ+JcLgOtTAFgEgMY/9gOANQAKADT+1QAVUADYBEQrJv53ZDISCI9xSgTeBIRjfyOBYA8QNgHh7W8cAOwBwiIAVm9/RwEQeQ0AviRCWo387582APzVlrAIAG9/bQCwBgAFAN7+JgJBAUC0RQBs3v7jydoAYA2AAgAz/6YBAAWARQB4+5sGgDCsAVAAYNefNgAoALAJiOKfEGwgENDytAmI1S0/BgJhbPYA2QSEoX+cBIA9QBYBYOzvH5wEgDUAHCsDcfCPTAA8JEIuAsDBP3mpEJA1AAoAiX9QAhCSAsAiAK1/mM0DEpE1AAoArX+YzAMyGgWARQCY+kcJANYAKAAoPv4ZczkQKAAsAsDCH5QAYA2AAgBzf4gEgAJADtDHPygBQApQAeDjH5QAKACQA/TxD0oApABRAPj4RwkACgByZZiPf1ACgKUooy4CYFXd0qAEAGsAsDB8mIV/oASALfFXFgHY9o8SAKwB4FgJNvgHtgMyroeERQAG/8CCYP7KGgAOlUF6/6AEgFNimEUAFIN/PJ/LgrEGAIsA9P5BCYA1AFgEoPcPsxwwEdcAYBGAuX+YK3TFGgCLAND7J9paALAGwCIANr1/GhMIwBoALAKw7x9MA2INABYBiP3BZBiIYdcAYBGAo38wDYg1AFgE4Ogf3BCANQAWASD1D9koAK1ZA2ARAFL/GAUAawAsAsDgP0YBwBoAiwDYvP4JtxUArAGwCICSYPCtAGANgEUA+PzHOQBYA2ARAKvUCsNHAsEaAIsA0P7HOQBYA2ARAPcJGnEOAIlWiwDw/sc5AFgDYBEA3v/YCwTWAFgEgPc/zgHAGgCLAPD+x/0AYA2ARQAoVXEOANYAWASAsyoMA4I1AHKAbOKqXIYmAFKAKACsqwDDgCgAkAN0UgWGAXGyqgDAACBoAqAAkAPEtirQBEAKUAGASVWYDQPSjAJADtABAEgEgm8rBYADAJAIBAWAHKAEAGgCgBSgC4EdAIAmAOiuygFaAQSaACAF6EJgDQDQBMDTFTlAPSrQBEAKEBcCmwAE4SE8XvFX1gAAiwGRAiRXPlOhgtsBMGFtEQAaAKAJgDUAcoBoAIAmAFKACgA0ACALBKIAkANEAwCBQJACVACgAYCtQKAAkAPEmiqcIYIUoBygjAqYBQRPWDlADQAQCAQpQBcC60+BWUAwZOUMz68TzAKCFKALgWUAwTEAOGSVAzSgAmYBQQpQDlB1Co4BMGWFAsAJAJgFRAFAiBygEUBwDIAUIHKATgDA9UD4yEIOUHcKHAMgBYgcoOIUHAOgyyoHiN8mOAZAClAMACcA4BgAD1kFAOZTwTEACgA5QJwAgKVA+MqSA8QWIJAtwqC1/yruAYDbClKAcoB+muAYAJyzygHKp4ArgsFTVgzAeCrIA4KnrALAeCrIA4ICQA7QCAAYBACfWXKADqdAxgikAP1H9aZAHhB9VuQA9abAjBFSgMgBKk3B/YA4aEWJ7pcJDhlx0IoCwC8TDALgMUtlJyMAYCMAeMzKAYqngI0AeMziiM50KrgaAKPWyAGaAQRXA+A7CzlAwylgFBDfWYgBGE4BDxp8Z5EruxtOATuB4CZxlRwghlPAKCAarXKAOJsCo4BotMoBckpAX6OAaLQiBmA4BYwCotHKoTLY2RTYCohGK2pyZ1NgFBCNVuQAnU2BqSOkAJEDdDYFRgFx0qogRwEAKgA0Wl0HhLMpMHiEq4DkAFEAgDAAGq1ygDibAjcDIAWoHYcCAMweodEqBmA4BXAzAL6zXAekAACEAbBuTS/OdCowV2jxnYUYgOlUMH+E7ywUAAoAEAfEYxZluOlUEAfEYxbXAfllgtsBcRUQfkoKADCEjBSgfyB+meD5gxCA64BQAICFAAgBiAGgAAAVAEIArgNCAQBWAuEqIDlAHE6BZxBGrcUAFACACgB9VtcBKQAASwFxFZAcjgIAsBQQT1kxAD9NUAGAEIAYgJ8mWAsMQgAGcBQA4DAShABcB6QAABUArgJCDlABACoApADxr1MAgLXAmLTGdUAKAFAB4Cog5AAVAKACwEMWMQC/TVABIAQgBoACAFQACAGIAaAAAC1JhADEAFAAgAoAIQAxABQAoAJACEAMAAUAqADwjPVv8+MEPJMQAhAD0J4CVAAIAYgBGFABVAAIAYgBKAAAFQAesQoAv04gv6nQ/hGLGIBfJ6gAMGfNodJ9AQAqADglnsxpmwkVUAEgBYgYgAIAVAB4wuJf1v3PE1QAsCWuEAPAlgpQAWDKSgwAJ1SgAkAIQAwABQCoABACEAPw+wRUAPjCEgPQoQJUAJiyFgNQAAAqAIQAxADcBww4pEQIQAzADxRQAaDDKgagRQWoADBk7d9lSAU8oxACQAxAAQAqADxeEQNQooIKACesiAEoAEAFgBlrxACMqYIKAE9XxAAsAgDPKYQAyJXOm1TAbSUYt62LARhTAVQAQgCYAvQbZXmaV4k/UgGgvcqx0nsMwOv+dYsOzfKZZmKHVAAYsBIDMKfCtHx07gUV6/WLAXysIAQgYONHyvTYt3575bInBTivRHdVDMA5FVOD/n4zyweJs1EBIAQgBiAGQF6Wpd3TvH0h4IujNRUABqz9pfxKffLXfWgyI4DLS9BcNVnjoMo3f92hoh3Qk6wC2A0hADEAU4BMzY/5L6/oBjyBCgBPVjEAdapX/1AnTJoB/6YCQG9VDMAUIA2++jtVZAZ/55MFIQAxAFOATA3z/KoAVAAkdhAD4M67vwZiLuAzFQBCAKYAeevdH82qFXAFh4rnKv5MKtUuAn41NgsEg10MhFtW9NNwVvX1vJ/iPCBEBYCjVVOA+KVO55/zVwRgdIlER9s1cVg1+/CPVQSoABCv9k/CEECsE38zAZ5beKqKAaBZlXX9H2uzNDDmSkD0VcUADAF4+VM0AlQACAFYBqxYHfvlj0aAJxcWAYsBOK7y8kcjQIQZ56qmaVSrBv7YRAP6rADwUcWxct7zKlE/HAZ0vxAIt6yLAeDXms9xjz/uDRi4AsBclT4a+v78Q1EDdHiAiWSVKUD8XCd9/2A1gAoAn1SWAeMMwLz/0DWAdQBYBIwa2u/Vqb8aQAWAEACmAJ0BzE79L0UuwEIgzABaBuwMQOMf+wEGGmNGsNr/B41/Hm+zJzDkJwxCAGIASlYT/6zGAS61DgDfU5gCdAYwOfbvSfGdc/5HGGYAsQzYfQCzY39HASoAfE7RPAbAydsfRwHCgAgBNGAK0CoAb3+pAFQAZgAxBagF4O2vDYDPGDOAWAbs3MrbXxsAYUDdVEzQGAP09tcGEAZECABTgFoAk7f/ZQgFiDNhBlDzDHl/rrQbQCsT41S4TsPvNnv7OwkQBSDYYSpiAGZXsk2/A3AS8CQ+ZbRS0TrTAnDLz1AnAQgDmgHE9IwWgKF/JwGYZzJNjX+NFoCxP5kAhAE9RdE40wJw8B9tGADnmRYBYwpQ8Tp78g2smIgOstgUM4D+MxIsWv+YBxQG1EbFFKABFq1/ViWAE02PUIIsA9YCMPWPSIChZouAUTMLsVr3x6YEEAUwA4gNWuYAzf0pARAF0EOluylAthsf/ygBPNAwA6hiNsTi4x+7gUQBsAjYFKBDAB//2A1krAkzgOZmHQI87eMfHAQYBPT5RLdTgKwBP/4xC2C5CWYALQPm3sc/L6MEMAhoETCmAGVZffwTrQTQ1tQ9xRSgMYDJwj/+ZOtxYYrJJswA+q+w2vaPOwKMAWAGUGpGBWDwDyWAMQAsAjYFaBCwyeAflJGGpn3XkDAFqALQ++eRSsIhgMYpo/xTVADZ4B+WA1oJbI860aYAVQCTpgy7zgR6rmEG0GkZ93r/mAY0B4gZQFOAjrTONPcPq2nA/a0DwgygKUDPZTt/MA1ouoktMfr/xMK28WN/uCdQCwAzgJYBUxz9Yz2wTxssAjYF6LHsuh+MAmgBYAbQFKDHstQ/w44CaAFgBlBehnIXMPWPrQBaAJgBVCezLjGP/rEVwKMNM4CmANUAPx4FTIuPf6KcA2gBYAbQFCBl+ci7n8ZEArUAzABiChBwDvC+vfswbxuIwQAK0h7An5wBaFoDSPo8gEJi/5nSe4/alfdWSKw7Aj9wSgAygEgBQlP0Aew5lQFEnQwwD+BRQBlApAABe4GUN2UAkQIEnnzdIAOIFCBYRC0GiAwgymQgDCgGiAygFCCgCCAGiAygPhkgDKjBiQygFCAgDKi+iQygSzKgCODzBhlAKUBAEcCvGzKAqmSAIoBfN2QApQABRQA9AGQA/YkAigB6AMgASgECigB6AARV3JEBRQC7gJABdEcGFAEUOJEBlAIEFAG8B4AMoBQgoAigB4AMoCIZoAjgTWBkABXJAE8ECjmzBNciBQgc/LxxMzKAumSAIoCfN3bBFUkBAnshAP6bDKAUICALKASADKAUIGAgUAgAGUB/IYAsoBAAMoD+QgBZQCEAZAD9hQCygEIA1BFFkQIEZAFlnJAB9BcCaAN47gwZQH8hgCygRSd4CtBfCKANIOOEDKC/EMA2NilAZAD9hQDaADJOrIG/EEAbQMZJBhB/IYA2gE1nMoBIAQLaADJObp20sAoI0Abw80YgBQhYCiTjJAOIBwEBbwO4AHgKEDEZQCz7giFnrAGSAgRYH3zfIAMoBQj4VfZ9gwygVUCAeUBzgOg36ZIB5gEVOLEGSJcMMA+owIkMYM1FMoAnFwA8BWgVECAIoMOJNUBSgIAggAsAMoDuyICNACJOyAAalQVsBKj51w3/vawCAti7AGANkBQgoE3r8wYZQA8CAoIALgB4ClBOBrATSH0Ta4CsAgLsBDLljAygKhkgCugCgAygvxFAFNCPm/9UWAUE2Arox80aIMzKAqKARVwAEAGQAgSYXADwFKBVQIAooAsA1gBZBQR4INiWE6wBsgoIkNsWcMIaIH8kgGEAv23IAFoFBHgZwAWAwLYMwIebC4B2EqKygJcBXACsAaK4vxKAvZ82RACsAgKMA7oAYA2QVUCA/q0LANYAWQUEGAd0AcAaIKuAAOOALgBYA+TPBHAD8MsmA4hVQICfcBcAa4CwCghwA3ABECOlvFVAAHsXAKwBEgIA3AD8sCECIAQAuAG4ACACYBUQoJfrAoA1QFYBAW4ALgDWAGEVEOAG4AJgDRDeAwKsBHIB8BIQQgCAG4D5ZhEArAIC3ABcALSNKOAvBWCd/KxhDZBVQIDFLi4AWANkFRDgN914M9YACQEAbgB+1UQAUCwD3ABcAEQAEAIA3ABMN/uPglVAgKeBJJusAcJlGXADcAGwBgiBWcANoICyJl4C8h4QwF6wCS8BCQEAbgAuAIgACAEAbgBmmxEBEAIA3ABcAEQA8NcCuAHYA2QNEBpmgBuAC4A1QBiaBdwA/KJ5CQj3ZcANwAXAS0AIAQBuAJqaIgAU8PcCsPeDhgiAEADgBqCkiQiAEADgBmCziQgAQgCAG4APGhEA9MwANwAtTS8B4T0gwA3Az5mXgPAeEOAGoKDpJSCkZgA3gDNHmvASEHcJcKq9zxlEAIQAAD/5GpoiAAgBAFa/GQIQAUAIAHADkAEUAUAIAHADkAHUD0IIAHADUM0UAUAIAHAD8FMmAkDZ12aA9UExExGAEwgBAG4Afsm8BIToLOAGoJapE4ThWcANoOAIAMEFeEMbkAArOwLAEpzA9Czg918EQAQAIQDADUAEQAQAIQDADaCwCAAiAEIAAHsRANc/hAAANwARABEAhAAANwB1TBEAhAAAx4AfMREAhAAANwBlTBEAhAAANwBDgCIAuD0DlgIbAnTvQ/8McAMo7RsG56kQAMCqAyACgBAA4DTQARABQAgAcAPwAyYCgBAAYCGQDoAIAEIAgBuADoCSD0IAgJqwdwBEANBDA9wAdABEACg8BADw4CVgEQCEAAALgTQwRQAQAgAsBBIBFAFACADwYdhKBFAEACEAgNcigCIACAEA1gGIAKr0IAQAKA63XgAQAUAIAHADUADwb4wQAGAYUAFABAAhAMANwAygCABCAIDzwQygCABCAIBhQAUAEQCEAADDgI9J+REAhAAAdkYAtHgQAgBUiY0AiAAgBAAYBVAAcLnjW0IAgJcBFQBEAPCoBqBTbARQBICaRmoB9kYABTy5gNI7agC7FkcAeQgKUPyNGpAW870i3IEQAGAUwOeKNY8IAQC+FjUARAAQAgAkxm0tEQFACAAwCjD4qaqyqIMQAMDOwyUiAAgBAEYBBABEABACAIwCCACIACAEAOga+04RAaCVEADAIgAoAoAngQE3gC7Of4kOPAkMsL/A+Y+ngCl9vAbg4Py32Ili3CfAtSwtnP8cg4sRAgDcAEbnf3cRAIQAAPsANklvEQCEAACfj89JQxEAhAAADh22/0UAsA0YYJ06/PwXAcA2YIDlt0mAjZ+lNvcAYxswwOGhw+PfHmA8CQywPMVPzI7/xp8CRggA4DB/+2s0G0vq5SlghAAAl4CP/BSJACAEAIAIAEIAAIgAYBswAPYAYxswAPYAYxswAPYA40lgAOwBRggAABEAhAAAEAEwCAgAhgBtAwYAe4BtAwbAHmBsAwbAHmCEAAAQAUAIAAARAAwCAmAIENuAAbAHGNuAAbAHGNuAAbAHGIOAABgCxCAgACUOAWIQEABDgNgGDIA9wAgBACACgEFAAEQAMAgIgCFAbAMGwB5gbAMGwB5gDAICYAgQg4AAGALEICAAhgCxDRgAQ4AIAQAgAoBBQAAMARoEBABDgLYBA8AUlMEgIACGADEICIAhQAwCAmAIEIOAABgCxCAgACIAGAQEwBCgQUAAMARoEBAAgksxCAiAIUAMAgJgCBCDgAAYAsQgIACGADEICIAhQAwCAmAIEIOAAOgAYBAQAEOAGAQEwBAgBgEBMARoEBAAlqBwBgEBMASIHgAAhgAxCAiAIUAMAgJgCBCDgAAYAiQB4L2gfAYBATAEiB4AADoAGAQEwBpADAICYAgQg4AAGAJkTACwBrAWBgEBMASIHgAAOgAYBATAECAGAQEwBIhlgABYA8h9AtC5YwR6AADoAGAZIADWAGIQEABDgFgGCIA1gFgGCIA1gOgBAKADgGWAAFgDiEFAAAwBYhkgANYAYhkgANYAogcAgA4AlgECYA0gBgEBMASIZYAAWAOIHgAA1gCiBwCADgCWAQJYA4gHgQDQAcAyQACsAUQPAAAdACwDBMAaQAwCAmANIB4EAsBDQOgBAKADgB4AADoAWAYIgDWAeBAIAA8BoQcAgA4AegAA6ABgGSAA1gDiQSAAPASEHgAAOgDoAQCgA4BlgADWAMI2AejGEtByDwAAHQD0AADQAcAyQABrAOE+AejEMaDtHgAAOgDoAQCgA4AeAIA1gDAmAF2YAhroAQCgA4AHgQDQAUAPAAAdAPQAAAjosAcAoAMAHgQC8BAQJAAV0AFADwAAHQD0AADQAUAPAAAdAPQAAFgC3tIDANABgCEBaNpDwE9sE4Br0wFADwAAHQD0AADQAUAPAAAdAPQAANABQA8AAB0A9AAA0AFADwCAY8AXegAAOgDwkgA0aQ34tfsEoOkOAOgBAOgAgB4AgA4AegAA6ACgBwCADgB6AADoAKAHAIAOAHoAAOgAoAcAgA4AegAA6ACgBwCADgB6AADoAKAHAIAOAHoAAOgAoAcAgA4AegAA6ACgBwCADgB6AAA6AKAHAKADAHoAADoAsE0AuusAwF0C0IhdQPM9AAB0ANADAGAJaKMHAIAOAHoAAOgAoAcAgA4AegAAOgCgBwCgAwB6AAA6AKAHAKADAAlAfx0AeJUAVO51QPs9AAB0ANADACDgp/QAAHQAQA8AQAcAXhKA9jsAoAcAoAMAYwJQsSmgtx4AAGvAF3oAADoAoAcAoAMAegAAOgBwnwBU6hjwv4YEoI2HAEEPAEAHAPQAAHQAQA8AQAcAtglAhRYnGG95EhDAQ4CgBwCgAwDWAQNYAwx6AAA6AJAAVCfgEz0AAB0A8CQggIcAwTpgAGuAQQ8AQAcAqwAAsAQAPQAAdADwJCAAHgJEDwAAHQA8CQiAhwCxDhgAa4DRAwBABwCrAACwBAA9AAB0ALAKAABLANADAEAHAE8CAuAhQPQAAHQAwDpgAGuAwSoAAEsAwDpgAGuAwSoAAEsAQA8AQAcAqwAAsAQAPQAAdACwCgAASwDQAwBABwAxQABEANEDAEAHADFAAEQA0QMAQAcAMUAArAFGDwAAHQDEAAEIOBs9AABLAGBMAAo1BZyPHgCAJQBwnwAU6Rhwg1UAAFgCgBggAJYAYBUAAJYAIAYIgCUA6AEAYAkAYoAAiACiBwCAJQCIAQIgAogeAAA6AIgBAogAgh4AgA4AiAECiACCHgCADgCIAQKIAIIeAIAOAIgBAogAQgLQwTtAIAYIIAIIYwJQiCmg+RggACKAiAECcAz4CasAACwBADFAABFA0AMAsAQAxAABRABBDwBABwDEAAFEAGGbANzYEvBLYoAAIoAgBgjgHSAQAwQQAQQxQAARQNADALAEAMQAAUQAIQEoNwIIYoAAIoAgBgggAghigAAigCAGCCACCGKAADoAIAYIIAIIYwJwE1NA+TFAAEQAEQMEQAQQqwAAEAFEDBAAEUCUAAAQAUQMEAARQMQAAUQAwTZAAA8BgxgggAggiAECmAEEMUAAEUAQAwQQAQQxQAARQBADBBABBDFAABFA2CYAvyYCiBggACKAmAQEQAEAMUAARAARAwRABBAlAACWgCsTAwQQAQQxQAARQLhPAC7uGHB1YoAAIoAgBghgBhDGBODCpoBbEAMEEAEEk4AAZgAhAbiogBsRAwQQAQSTgABmAGGbAJzOMwCIAQIgAohJQAAzgOBBAADPAIAYIIAIIJgEBDADCEoAAJ4BADFAABFAMAkIYAYQlAAAFABADBBABBDEAAHMAIISAIACAIwJwB+JACIGCIAIICYBAVAAQAkAgIALEQMEEAEEk4AAZgBBCQBAAQBMAgKIAIIYIIAZQDAJCKAAgBIAAAoAiAECIAKISUAAzACiBACAAgBKAABMATcnBgggAggmAQHMAIISAIACANwnACc6BtQfAwTADCAmAQEwA4gSAAAKACgBALAEdDsJCGAGEEwCApgBBCUAAAUAUAIAUAAAMUAAM4BgEhDADCAoAQAoAIASAIACACgBAFgCBCYBAcwAgklAADOAoAQAoAAASgAACgBwnwD8o2NAGUwCApgBBJOAAJYAgRIAgAIAKAEAKADAmAD8gyngr5gEBDADCJYBAVgCBEoAAAoAoAQAoAAASgAACgBgHzCAGUCwDAjAEiCwDAhAAQCUAAAUAEAJAEABAJQAABQAYJsAmAHEMiAALAHCMiAAFABQAgBQAAAlAAAFAFACAFAAACUAAAUA8CQQgCVAYBkQgCVAYB8wgAIAFFoCAFAAACUAAAUAUAIAUAAAJQAABQBQAgBQAACvAgNYAgT2AQPYAgz2AQMoAIASAIACACgBACgAgBIAgAIAKAEAKACAEgCAAgAoAQAoAIASAIACACQAP9kCDJ4EAvAMEHgSCEABAJQAABQAQAkAQAEAlAAAFABACQBAAQCUAAAUAEAJAEABAJQAABQAQAkAQAEAlAAAFABACQBAAQCUAAAUAEAJAEABAJQAABQAQAkAYArojRIAwBrQq7sE6NYuoFsvCdAXBQBQAgAUAEAJAEABAJQAABQAQAkAQAEAlAAAFABACQBAAQCUAAAUAEAJAEABAJQAABQAQAkAQAEAlAAAFABACQBAAQCUAAAUAEAJAEABAJQAABQAQAkAQAEAlAAAFABACQBQAACGBOivAAC8SoAOLAF0VwIAeAigtxIAwOsALlECAFAAACUAAAUAUAIAUAAAJQAABQBQAgBQAAAlAAAFAFACAFAAACUAAAUAUAIAUAAAJQAABQBQAgBQAAAlAEABAFACABQAgLsEaNA+gN96SYDmrAF0VwIA2AXQTgkAQAEAlAAAFABACQBAAQCUAAAFAEAJAFAAAJQAAAUAYJsAZ6UAABYCA1gCDN4EAvAKECgBACgAgBIAgAIAKAEAKACAEgCAAgAoAQAoAIBtQAD7AHpZCAxgBxAoAQCWAANKAIACAKAEACgAAEoAgAIAMCbARSkAgG1AAHYAgW1AAHYAgRIAgAIAKAEAKACAEgCAAgAYBQRYFQCgxm1AAEYAQQkAwA4gUAIAUAAAJQAABQCwEBhgCqDIUUAAI4BgGxCAHUCgBACgAABKAAAKAGAUEMAIIBgFBDACCEoAgAIAoAQAKAAAtgEBdgABRgEBI4CAUUDACCCgBAAoAACDHCBQvFUBABoYBQQwAghGAQGMAIISAIACAMgBAiwBVDMKCGAEEJQAAIwAghIAgAIAyAECSACCUUAAI4CgBAAoAABygIARQEAOEJAABJQAACOAgFcBAa8AAnKAgAQgYBQQMAIIjAnQZAEAkAMEJAABo4CAEUDgMQGaLAAAcoCABCBgFBCQAAS2CfC3FABADhBAAhCMAgJIAIInAQA8AgBygAASgGAUEEACEOQAAaYA/pMcICABCCgBAEYAATlAQAIQkAMEJACBMQEuQAIQ5AABJABBDhBAAhDkAAEJQEAOEJAABOQAAQlAQA4QkAAE5AABCUBADhCQAATkAAEJQEATAJAABOQAAQlAYNAEAK5olQCEm5ADBCQAATlAQAIQ5AABrAAAOUAACUDQBADQAAA5QAAJQNAEANAAADlAAAlA0AQA2Adwe3KAgAQgMCZAI48AAXKAgAQg4FEgwCNAgBwgYAUAsE2AC1kC6GsZAIAVAKAJAFgBAFgGAFgBAGgCABoAgGUAgBUAgCYAoAEAyAECVgAAmgCABgBgIzAgAQhoAgAaAICNwIAdwIBlAIAGAPCYALXuAAYsAwCsAAA0AQANAMAyAMAKAEATANAAAMYEONkUQHVNAAANANAEANAAABuBAewABk0AAA0A8CwgwGoFAFyAJgCgAQBoAgAaAIAmAKABAGgCABoAgCYAoAEAaAIAHgEENAEADQBgmwD/aAmgdkMCnKcBAGgCABoAgCYAoAEAmAQANAAATQBAAwCwDgjQAAA0AQBvAACaAIAGAKAJAHgDANAEADQAAE0AQAMA0AQANAAATQBAAwAYE+C3pgCaoAkAaAAAmgDAb6wBtEITANAAAB4ToIMGAKAJAGgAAEMC/JQJQOivCQCwD6Bp2wT4wRJAMTQBAA0AwKtAgDeAAAsBAROAgFeBAG8AARYCAlYAApoAgAYAoAkAWAEIZgEBE4CAhYCAFYCAhYCAFYCAJgCgAQBYCAhYAQiYBQRMAAJmAQETgICFgIAVgIBZQMAEIGAWEDABCJgFBEwAAmYBAROAgFlAwAQgYBYQMAEIiAEAAgCAGABgAhAwCwiYAAQGMQDozqoBAFgJDFYAA1YCA30GAAAxAEAAABADAEwAAmYBASuAASuBASuAASuBASuAASuBAQEAQAwAEAAAxAAAAQBADAAQAADEAAABAEAMABAAAMQAAAEAQAwAEAAAxAAAAQBADAAQAADEAEAAAEAMAAQAAAY3AOgwAAAwJtCcKQD+4DGBxuwD4I+2CTRlCYDeYgDAKgAAtBEDAAQAADEAQAAAEAMABAAA+4DABiAAzwKBDUAAngUCTwABeBYIPAEECAICAoCAfUCADUCAfUCADUCAfUCADUCAICAgAAjYBwTYAAQIAgICgIAgICAACAgCAgKAgCAgYAMQIAgICAACgoCAACAgCAgIAAKCgCAACCAICDYAAggCggAggCAgCAACCAKCACDAXQIV2AXAiYwCgAAgwDaBDjYAAwgCggAgwJBA0Zz/QOGjAIABAEAQELABGLATGDAAABgFAAwAAEYBAAMAgFEAwAAAYBQADAAAGAUAAwAARgHAAACAUQAwAABgFAAMAAC4AYDzH8AoABgAALhLoAi7AGh9GBAwAAgYBgQMAACGAcH5D2AUAAwAALgBgPMfwDAgGAAEcAMAA4AAhgHBACCAYUDwAiCAYUAwAAhgFABuYA2ALoYBAQOAgBsAOP8BDAOCBQAAbgDg/AewDgAsAABwAwDnP4CFQGABAICFQOD8B7AQCCwAArAOACwAAHADAOc/wJDAuVkAAFgIBM5/ADcAcP4DWAgEFgABuAGA8x/ADQCc/wBWAoIFgABuAOD8B3ADAOc/gGcBwAMAAJYCgwXAAG4A4PwHcAMA5z9gKTBgATDgBgA4/wE3AMD5D7gBAM5/wA0A2AXAhXkYCDwABOAGAM5/ADcAcP4DuAGA8x/ADQCc/wBuAOD8B9gm8I+WAKiWGwA4/wE3AMD5D7gBAM5/wA0AcP4DbgDg/AdwAwDnP4AbADj/AdwAwPkP4AYAzn8ANwBw/gO4AYDzH8ANAJz/AG4A4PwHcAMA5z+AGwA4/wHcAMD5D+AGAM5/ADcAcP4DuAGA8x/gMYGPDgHQ2w0A2AdAhdwAwPkP4AYAzn8ANwBw/gO4AYDzH2BM6NoUAA1xAwDnP4AbADj/AdwAwPkPMLwkdGh1/gPdcQOA9SEA3ADA+Q/QncHjgHRmcf4D9PM8MHj+F8ANAOc/AM8J9fL8P4CHAcD6fwA3AHD+A1gKiPV/ALgB4PwHYLQSCOt/ASwFBOv/ACwFBOv/AKwEAut/AOpiJRDW/wBgIQDG/wHYJDTmKQC4+EIAMP4PYCEAGP8HsBAAjP8DGAcE438AxgHB+B+AcUAw/gdgGADE/wEMA4D4P4BhABD/BzAMgPg/AIYBEP8HwDAA4v8AGAZA/B8AUUDE/wAYRAGpyuL8B/hfooCI/wGwSajEUwBQRxQQxP8ARAFB/A/AVkCw/Q/ATiCw/QdAEAC0/wEEAdD+B0AQAO1/AAQB0P4HQBAA7X8ABAHQ/gdAEADtfwAEAdD+B2DUBqAQq/Y/wBUN2gD0+PY/AM8Jzbz9D4B5QEz/AWAeENN/AGgDoPwPwCbhRp4CgKrbAKD8D6ANAMr/ANoAoPwPoA0Ayv8A2gAo/wOgDYDyPwDeBsDufwC0AVD+B8ATwXj6FwBtAJT/AZAFRPoPACsBMPwPgCwg0n8AyAIi/QeALCBntgQAsoBI/wFgIBDDfwAoAuDzHwBFAHz+A2AgEMN/ABgIxPAfAIoA+PwHQBEAn/8AKALg8x8ARQD+ns9/AEUA8PkPoAgAPv8BLAaEOQAonsWAWP0HgCIANv8DoAiAz38ANsKA/Mbq8x/gLEwEYvYPABOBmP0DQBgQs38ACAMi/AeAMCDCfwAIAyL8B4A+AKr/AOgDYPMfAPoAqP4DoA+A6j8A+gDI/gMwJ1Wz+QcAfQBU/wHwPgD2/gPgfQCM/gFgJNDoHwAMrgBdOGj+A/CtURqweYvmPwDn3gqAyX8ApAGR/QPAYiAs/gFAGhDZPwBcAXD8A2AgANF/AFwBcPwD4IUATP4BYC0Ajn8AXAFw/APgCuD4BwBXAMc/ALgCOP4BwBXA8Q8ArgCOfwDYWA3U1PEPALYD2voHAK4Ajn8A8FKgF/8AYJiT4syOfwAuzhWgMHMAwGlMBQr+A4A8oOQfAMgDSv4BwKwTcEOr1j8Ave0HZNH6B+AKdALU/gFAJ0DtHwBGZYCrOcj9A3AqZQA7fwBAGUDwDwCUAXT+AUAZQOcfAJQBfPwDgCeDPfULAButgLM4yP0BUJnZmuATLUr/ANRCHEDjHwAGd4D/sWr8A1C7USTwH81m/gBo5w6A0x8AdwCc/gDIA7A6/QGonjuA1B8A2A9g3h8ANgIBn812/QHQOs0AhX8AmLsuBBwU/gHo1tBnImDx6Q+AFQF9dQNWXX8AaDkWKPIHACIBs6Y/APyqEvDSY9kfABjbCgYuVvwCwF8a2ugHzNL+APCvxppvAQcf/gDw/zb13QIOOv4AcKZawEsdYT/f/QBw9jnB54I/+035AcAl44Gl9QRmUT8AuJJNAeWAw6zZDwC3CQfcIB2wzlr9AFDIReDynYG50IMfAJjfeT5nnf+dAABqCgy+t/2Xzb3v+dYHAAAAAAAAAAAAAAAAAAAAAAAAAAAAAAAAAAAAAAAAAAAAAAAAAAAAAAAAAAAAAAAAAAAAAAAAAAAAAAAAAAAAAAAAAAAAAAAAAAAAAAAAAAAAAAAAAAAAAAAAAAAAAAAAAAAAAAAAAAAAAAAAAAAAAAAAAAAAAAAAAAAAAAAAAAAAAAAAAAAAAAAAAAAAAAAAAAAAAAAAAAAAAAAAAAAAAAAAAAAAAAAAAAAAAAAAAAAAAAAAAAAAAAAAAAAAAAAAAAAAAAAAAAAAAAAAAAAAAAAAAAAAAAAAAAAAAAAAAAAAAAAAAAAAAAAAAAAAAAAAAAAAAAAAAAAAAAAAAAAAAAAAAAAAAAAAAAAAAAAAAAAAAAAAAAAAAAAAAAAAAAAAAAAAAAAAAAAAAAAAAAAAAAAAAAAAAAAAAAAAAAAAAAAAAAAAAAAAAAAAAAAAAAAAAAAAAAAAAAAAAAAAAAAAAAAAAAAAAAAAAAAAAAAAAAAAAAAAAAAAAAAAAAAAAAAAAAAAAAAAAAAAAAAAAAAAAAAAAAAAAAAAAAAAAAAAAAAAAAAAAAAAAAAAAAAAAAAAAAAAAAAAAAAAAAAAAAAAAAAAAAAAAAAAAAAAAAAAAAAAAAAAAAAAAAAAAAAAAAAAAAAAAAAAAAAAAAAAuL43PCxif6uSLAwAAAAASUVORK5CYII=', '2024-12-21 14:09:28', '2024-12-21 14:09:28');
INSERT INTO `personnel_images` (`id`, `personnel_id`, `type`, `image_url`, `created_at`, `updated_at`) VALUES
(5, 10, '2x2 Picture', 'data:image/jpeg;base64,/9j/4AAQSkZJRgABAQAASABIAAD/4SoWRXhpZgAATU0AKgAAAAgABgESAAMAAAABAAEAAAEaAAUAAAABAAAAVgEbAAUAAAABAAAAXgEoAAMAAAABAAIAAAITAAMAAAABAAEAAIdpAAQAAAABAAAAZgAAAMAAAABIAAAAAQAAAEgAAAABAAeQAAAHAAAABDAyMjGRAQAHAAAABAECAwCgAAAHAAAABDAxMDCgAQADAAAAAQABAACgAgAEAAAAAQAAAligAwAEAAAAAQAAAlikBgADAAAAAQAAAAAAAAAAAAYBAwADAAAAAQAGAAABGgAFAAAAAQAAAQ4BGwAFAAAAAQAAARYBKAADAAAAAQACAAACAQAEAAAAAQAAAR4CAgAEAAAAAQAAKO4AAAAAAAAASAAAAAEAAABIAAAAAf/Y/9sAhAABAQEBAQECAQECAwICAgMEAwMDAwQFBAQEBAQFBgUFBQUFBQYGBgYGBgYGBwcHBwcHCAgICAgJCQkJCQkJCQkJAQEBAQICAgQCAgQJBgUGCQkJCQkJCQkJCQkJCQkJCQkJCQkJCQkJCQkJCQkJCQkJCQkJCQkJCQkJCQkJCQkJCQn/3QAEAAr/wAARCACgAKADASIAAhEBAxEB/8QBogAAAQUBAQEBAQEAAAAAAAAAAAECAwQFBgcICQoLEAACAQMDAgQDBQUEBAAAAX0BAgMABBEFEiExQQYTUWEHInEUMoGRoQgjQrHBFVLR8CQzYnKCCQoWFxgZGiUmJygpKjQ1Njc4OTpDREVGR0hJSlNUVVZXWFlaY2RlZmdoaWpzdHV2d3h5eoOEhYaHiImKkpOUlZaXmJmaoqOkpaanqKmqsrO0tba3uLm6wsPExcbHyMnK0tPU1dbX2Nna4eLj5OXm5+jp6vHy8/T19vf4+foBAAMBAQEBAQEBAQEAAAAAAAABAgMEBQYHCAkKCxEAAgECBAQDBAcFBAQAAQJ3AAECAxEEBSExBhJBUQdhcRMiMoEIFEKRobHBCSMzUvAVYnLRChYkNOEl8RcYGRomJygpKjU2Nzg5OkNERUZHSElKU1RVVldYWVpjZGVmZ2hpanN0dXZ3eHl6goOEhYaHiImKkpOUlZaXmJmaoqOkpaanqKmqsrO0tba3uLm6wsPExcbHyMnK0tPU1dbX2Nna4uPk5ebn6Onq8vP09fb3+Pn6/9oADAMBAAIRAxEAPwD+1OC28w5PrWvFpQk4IpdKi8zBFd7ZWQIHFfoWNxrpuy2PzDL8AprY5JNCQqPl/lT/APhHV7LXpcOnqBjFXk0xSPu/pXjTziR71PIovoeTjw6h/hxS/wDCOJ6V65/Zo9KP7N9qz/teRv8A2DDseR/8I4npR/wjieleu/2cP7tH9nD+7S/tiQf2DDseRf8ACOJ6Uf8ACOJ6V67/AGcP7tIdPRRlgABSedNK7YLIIdjyP/hHE9KP+EcT0r1wWCMMoAR7Uv8AZw/u0LOn0Yf2BDseRf8ACOJ6Uf8ACOJ6V67/AGcP7tH9nD+7T/tiQf2DDseRf8I4npSf8I4g7V67/ZvtR/ZvHSn/AGvIP7Bh2PIh4eUfw1G+hIF+7/KvXH0xQPu/pVGXT1x0rWnnEu5jUyKK6HkEmlCPjGKx7i3ER+XpXq17ZBQRivP9Vix14r2sFjHM+dzDAqmrH//Q/t50JAQPSvUdPh+UEV5n4fGEU16zpqgqtfV5zL3rHx2RUk4mzDCFFT4A6UDgYpa+VbufYRjbRBRRRSGFFcH8TG8ap4Iv2+HZjGsBAbfzMYyCMgZ4zjpnjNfG+gftA/E7xf4eW00llg8V+HnL3+lyxhf7Qgj+/wCXkZSRccov4dq/DfEXx8yrhjNIZTmFGo5zhzwcYpxnZ2lCDur1Ix9/k3cfhu7I+qyXhDEY+g8RQlGydnd7dm9NIva+ye9kfoJXx38fviVJqHh3xt8O7OGS3l0nTre4NwHxvE0ighQOgA4P5V9IeAPHGh/EXwtbeK/D77oLheUP3o3HDRsOzKeP/rV8c/HuyW2+IHisAYGo+Ei/1NvOP5Cvz36UfF9WfBCxmT1k6GIjOLas1KE8NWcbPp76ht6Hr8CZdFZp7LExtKDVl2anG/4XO3+APxMew8P+CPhzdwyXEurabcXIuN+fL8iRsKwP8JUYHPGAMY6fYQ6V8Dfs+2Au/H/hVjyNO8Jb/oZ7g/0r7F8f+OtC+HPha58U68+2G3X5VH3nc/dRR3JPAr1Po9cZTocFSzDOq1qOH91N2XLTp04R+fvKXn07GHGWXKWZ+yw0fen083J/pY7Wivz4179oT4m+EfDrWurss3inxA4ew0uOIE6fA/3PMwMtI38KH8fSvsr4Yt42fwLp7/EUxnWChNx5eMA5O0HbxkLjOOM19n4b+O2WcUZjVyzL6NRSpQUpuUUowbelOTTdqnLaTh9laStJNLzc64TxGAoRr1pRtJ2Vnul1St8PS/Xpod7RRRX7afLiYFQTRKwqxTGBPSnF2JktDj9Qj4JAry3XVC5xXsGpLhTivJteUYIr67JnqfF57C0T/9H+3/w9naor13TQMLXknh7ov0r1zTui19Nm794+UyBe6jbooor5k+rCiimO6xoXY4CjJpSkkrsDjvH/AIPj8eeFLvwu91NY/aApWeA4eN0YMpH0IHFfn74+8J+J4vEFpZeNZU0nxhakf2Tr8X7u11LZ92Odukc2OAT16Hivsyz/AGh/grfXL2UfiOzR0YoRI/ljI46tgVs+IdV+FPjrw1dadrF3Y6np7RlpEEqOMKM5G05BHYjkV/HvjDwxwdxvQlisBmdH28Y9KsXGSheUeZRleMoO7hVhadN943g/0bhvMsxyqShVoS5H/d1V9NLqzT2cXo/J2a+HPCXxoi+Gmv3HinU4P7OuJpRb+INExsJnx8t5aqePmx+8Ucdxxg15P8Wf2kLz4h+IG1XStOWyi+wXGm4kbezQ3BUknGAGG3jGcV4T4t1+XxFrMl15001vF+5tTcNvkW3QnylZsDJC9zXM1/iBx39KLifG4GfDuDxPLglNySSV5P8AmvbTm+JqPLFycnyq9l/WGTeHuX06scdWp/vbW62S7W8tle7Ssulz6d+Ef7SF38OvEC6pqumpexfYLfTcRN5bJDbkkEZyCxzz0HHavUvGHxng+JXiCDxTp0P9oTwy/Z9A0XG9vtGBuvLpRx8vSNfbPQGvhCul8Ja/N4d1mO7WaaC3l/c3Jt22SG3cjzFVsfKSvcV18B/Sh4np4Sjw1mOKbwfPfZXhJu/NzW1s3zLmUlGVpqLcUjPOfDvL51JY6hTtUtbyattbp20tdadT7J8BeEvE8/iS6sfBsq6t4xuif7U16T57XTA/3o4W6PNjgkdOi4Ar9B/h94OTwF4RtPCyXc18bcMWnnOXd3YuxP4k4HYVieHtS+FfgTw1a6bot1Zabp6xh4lMiJwwzuOTkk9yeayLz9oL4M2NylpL4jsi8jBBsfeMnjquQK/3A8IuGOD+BaMZYzMaKxEly/xYqMVJpuMIuV25OznUledR6yduWK/k7iLMMwzWTVKjLkX93XTTWy0SWiitIrbuey0VHG6uoZTkHpUlf1uj8+CiiigDn9RHBryPXu9evah0NeR6/wD0FfWZJufH5/H3Gf/S/uB8PdF+leuad0WvI/D3RfpXrmndFr6XN/iPlch+BF/UNQsdKspdS1OZLe3gUvJLIQqIijJZicAADqegrhvCPxd+FPj6/fSvAvibSdZuY081obG8guHWMEDcVjdiFyQM4x0r0GWKOaMwzKGRhgqRkEemPSv89Dxbf/Gr9mf9t/4q/tJfsw2R0+0+GXjC6S6+ypi3t7a8vJo0hnhXH+iS7DEw+6uV6HaR9t4XeGlPiSGJh7b2c6aXLe3K23ZRfa7sl+R8V4qeJtXhqeFmqPtKdRtSt8UVFXbXR2WttNj++/V/i38LNA8Rp4O1zxLpVlq0hRUsZ7uGO5YycIBEzBzu/hwOe1YXxfvNY0nRE1u38Uaf4UsLc4urrUEjMR34VFLSuiLknHucCv5WdQ/ar+FP7cf/AAVa/Zg+OPge2jgnuLGGDVrGQAy2WoW0l2xhc4+YJlXifuhUjB4H2j/wW78QeOf2kPiV8M/+CbHwYdZNa8VTya7qKsfkSG1jk+ziXHRMpLIfdFrPP/Aani8ThcjzKpOlGrT9pVacqbpqLlzWlBxdvc7q97bHDgfG7/hOxea4KnGp7Op7Oklqqjko8ujX97a2lj9a7f4fX2ueGf8AhNE8TeFtQ0cxNN9v/su3e2MSZ3P5yy7Nq4OTnAxXiOq6d8AdYsprWb4gfD+B5kKia3FrFIuRjKlbvGR24r8mf+CHPxKg+Pf7MHxN/wCCcHxNuprCawiuhbqPlnj0zUSYL6GMH7rQzFu3ymYccV8Wf8Fxf2IP2Zf2Obz4aWP7PXhwaGuuJqP24m4nuDN9nNuI8+e74xvb7uM5r83wn0DuBcdxBW4Uzj2rk+ZRfPUknDl5rvmqXV49rnoZl9JnPqHDtHijLKdP2do8y+FqfNyuKSjb3X3t6H74wfBH4HXMM1xb/F3w7JHbqGlZbi2KxqSFBYi4woLEAZ7kCu08JfsleEPH1pLf+BfH+m61BbtslksBHcIjYztZo5mAOOcelfEH7aH/AATP/ZM/Zl/Yk+Jfxp+BehPoWozeD3sbyH7RNcQXEc1xazKxWd32PHJErKyY7g9sfiRaftS+O/gR/wAEjvCnwY+FN2+jXnxF8Wa8dSvbY+VMbKzFshiEi4I81pEViDnYpXoa/L+H/wBlX4OZ3hI4nKMC9aqp+/KorLkc5Sdqj2S0S38j6PiL6YnF+RYuWFzfl0pe09yzu+dQjFXit21fTQ/pIuPhn+zjZ+Lf+EDu/jP4Yi1rf5f2Frq1Fxv6bfL+0bs+2K7/AMWfsvfD7wDLBB45+JGk6K9ypeFb4xW5kUdSgkmXcB7V8a+Mv+CDH7JMP7Gs9hoNrdJ8Q7TQzfLrxupW87UEg80h4C3k+Q7jYFCAqpyDuGa/Cz/he/ib44f8Ei/E3w9+Kp/ti7+GHi3RRol/dDzbm3stRiuFa2WVstsQwsFGfusF6KuNeHv2WPgjnEY1crwknCNSNOfM6ia59Izjaq01fo9TDiP6XvHWSuVHNFBTlTlUp8tmnyW5oS9xWdtmtD+wjRvgV4W0nwTD4rt9V8LXWkw24l/tWezE0LRKP9a0xuPL2+rDC1seCvBtt41t5rn4aeKfCGpw2xCSPpmm21wI2IyAxjmYKcdAa/lx/YJ/be8efsXaT4m/YQ/a9ge08JeJtEuJtGlu/njsJNSs2kg2nkNY3gcdOI5DnjL4/VP/AIN9tY8NeA/+CdXiTxrrpjsrOw8Rand3k5AGIre0t2ZmPoqL+Vfd8TfQO4Y4dwFWtQhPljOnGk6dSoozhNSs04z3XLa36WOPhD6T2KzzG0sPJRi3CcqqklenKDSas1s73T7L7v2f8FeLYPD/AIok+HXjvxpo+p65LtNtp8RhtrtF2lsfZxIXYFRuHy9B6V6n4m8W+FvBWlNr3jDUrXSbBCFa4vJUgiUscKC7lVBJ4HNf5+nxU+JX7QUvxi0z/gr3DCYrHXPHdyuk5zuVdMETRQN28p7bdbj18uQV/Wl/wUX8eeD/AI5f8El/HHxR8MFLvSPEHhi31S0LAN8srwypx2ZDx7Ee1fsOP8BaPD8sty6jXlUpVWqcpNubhPmSnHmk23y30u+ltkfM8PeN884w2Y4qVBQqUI88Y7KVPlvCVkla6XTbQ/S/wj498D+P7OXUfAmsWOtW8D+XJLYXEdwivjO0tEzAHGDj0rrK/ED/AIN8rS1tv+Cd1lJbxrG03iDVWcqANxDouTjrwAPoK/b+vgeLslhluaYjL6crqnJxv35XY/UOEM6nmWVYfMKkeV1IRlZbK6vYwdQ6GvI/EH9BXrmodDXkfiD+grqyTc48/wDgZ//T/uB8PdF+leuad0WvI/D3RfpXrmndFr6XN/iPlch+BG0TtGa/nJ/4Jp/BbxbN+2f+01B8a/AesWfhP4iXNw1m+s6XcQWWoWhvLnzE3yxhDvjlVgpIJU5HTj+jeiqyTimrgcHicHSirVlFX6rlkpK1vNBnnClLHY3C4ypK3sXKysrPmjytPysfx1eCf+CafxV/Yz/4K7eENV8DeG9Z1j4Y2Op/2taaxb2k91DaWbwTZt7iWJWHmwN+7GfmcbDjLYr134PfsdftW/t5fts/FP8Aap8Wa/4w+At3BNFbeHZ30ue3up9McPCsaPMYQoWKKMyKpJ3SHjFf1cV86/tcyava/svfEDU/D2o3WkahYeH9Qu7S8spDDPBPb27yxOjD0ZRx0I4PFfpy8Z82zDEQjJRVaUIUfaWu+VSu3Z3Xvfa06aWPyyp4KZRl2HnNOToQnOt7O9lfksldWaUUvd/E/lY0T9lP9q//AIJvf8FPtK+JXw90bxZ8VPDqyRy65rllo9y5u7fVARfo/lCRHliY+aMMcsq5wcgfWP8AwcCfB/40ftAa58K1+CPgrxB4pTT7TULm6fTdMup1hW4a38pZNsfySNsb5DhhjkDivjP9mfxR/wAFFv2gP2KvH/7Y+l/tF61o8vw/muM6ZebXhuktLaO5YecThXYPsRTGwLYB68fvZ/wR1/bL+J/7aX7Ks3jP4xRxya/4f1SXSJ76KMRJerHFFKkxRcKsm2Ta4UBcjIAzgfp3GWa5rlGNpcRydKtVwn7idlKN24u3MrJPRvWOnlZH5hwVleU5tg6nDUFVo0sX+/gnySSipK6i1drZaS7Hb/8ABRTTfE3xC/4JqeMvD3gjQ9T1XV9e0G1gs9MtbOaS9aWV4SENuqGRSozvBUbcHOMV/PX4T/4Jg/tAftB/8EuNK8P2HhrUdD+JHw98T6veQ6NrFtJp8t9YagkBdIDcKil/3atGc7SVZCQSK6T/AIKi/wDBTT9qPw1+2frC/s1eItR03wZ8Mrmw0rUEsz/oVzqJZ5pY7nAIIco8GPSJq/pkl+MOjfHv9im6+OHw6vprO38QeFJ9Us7i1k2T20ptWf5XX7skMg2n0ZcV8vh6ufcI5RgZUlDlrVFVT1bjLkS5JLazhLbf7j6fE0sh4vzbH+05uahSdK2iUoqTfPB+U42XTbQ/BrSf+Ckf/BR/Uv2d/wDhliL9njxJJ8R/7M/sIa21tcx24Hl+R9qeJ4AqybOcmcRbvmyF4rxT4t/8ExfjN+zV/wAEnLr4XWXh+/8AFPxM8d+J9O1PU7HRLaW/NpDaRSiKEtArDEKkl3+6ZJNq5ABr7t/4N/vj58df2ifh/wDEXxd8dfGGq+K7rT7+ws7T+0JzIkEbQvI2xeACzEZPoAK8r/4LAfH/APaC+Ef7d/wk+Hvwo8d634b0TxfHp8OpWVhcmOJ92pC3d1GDtZom2krjoD1r6HD4zF4biSpkGW0aVH2UvbT5edxnKnHmS1d1FdIqyueBisBg8Rw3T4gzKrVre1iqML8idOM5culkk27K7d3Y9+/ba/4J9af+2p/wTy8F+KvD2i3Gn/E7wT4Xsm06O4tnt7yX7PbILnTJ4nVXyzI3lgj5ZQCPlY5/Mj4feGv2vfg1/wAEc9d/Zt8LfDLxcfGXjvxRewzWkekXnm2+kmK2M0sgEXyCfZ5KA/eBbHCmv3h/4KqfDX9pDWP2ab34m/soeLta8OeKvBsbXrWmmzsq6jZRjM8TIc7pUQeZGw+Y7SnO4Y/FLwt/wWH8T69/wTCi+Gmj63qd/wDHu91RPDlpLHKzX85uJvOi1BGHOPLPkBRx5uFxtNcPAOLzrG5LQ+q8lWlDEKXLK96T1acv+nf2vU6/EPB5Ngs7r/W+ejVnh3FSjy2qr3VaOn8TTl9PkeifFL/gil8YtO/YjfStN+MfiTXbLQ9J/tnTvBTaaxtTfiNpvIigWVpFkaR3UERb8scjqK5b9nGX9qpf+CRPxX/Y7+KPw28X22v6ZblPDUM2j3u67tb64jZreL91y1vKXYr2jYY4U4/oi/Yp+EPxd+DvwA0XQvj74r1Dxh41uoxd6ve30/nCO4kAJt4OirFCPkGB8xBY9cD60r4DG+MuYKLweJ5a6hVVSM7cusX0tbSXW6vZ9D9DwPgrl91jMLzYdzoulKF+ZWkra3vrHpbRW7H8nX/BPf8Aar/bE/YX/Zkg+At1+y/468R3VtfXl8LyO2ubaM/aWDKnlm0dvlxgnP4V/T18Gte8a+KvhN4b8UfEixXStf1LTba71CxUMotbieNZHt8N82Yidhzzle1el0V8LxlxbRzevLExwsaU5ScpOLk7t/4pNL5JH3/BfCFbJ6McNLFSqwjFRipKC5Uv8MVf53MHUOhryLxAAOleu6h0NeR+IegrlyXdHRn/AMDP/9T+4Hw90X6V65p3Ra8j8PdF+leuad0Wvpc3+I+VyH4EbdJnFLWNr+jw67pE2lTTTW4lXHmW7mKRD2KsvQj8q+RxlSpCjKdGPNJLRXtfyvbT7j6ymk2lLRGVL4y0aHxrD4Fdz9untHvFXt5aMqH8eePYGvIf2vriG2/ZQ+Jc9wwjRPC2rks2AABZy1+e+raV8SYfH8/i211TVZtJsL7+zP7eO4skW/YxyD91ec4+X6dK/US/8D+A7f4aXfhX4iNHrGhNbt/aDa0yzxSxAZcz+b+78vAyQQFA7Yr+cfoxfSBzTirH4upmWXvDww9ROLbXvQv7nKre8vdl76919Ln1niPwHSw2Djh8LWU5VYNaLZtW/Ve7uf56/gX9mnx54u/4J6+Jf2m/A+t301h4X8Tx6dr2gpMws/sclvA8V60aMMssrhHyPukEY2mv6x/2av2wf2W/gl/wSP8A+GivgbpVn4c0rw/pcyS6PFIWKeIDiNreR5GMkjzXDKwdyWaNlbp0+2vC9x/wTw8FeHdV8I+Dp/AGlaTryeVqVlaSaZDb3aYK7Z4kISQYJGGB4OK5uLwt/wAExINAl8KQ2nw2TSp5kuZbNf7KFu80alUkaIfIXVSQGIyAcCv9EuNfHHAZ+owx9J8sKvOkpL4Ha8GrWb00lulpY/mXgn6NWfcP888vi+adHkbdKWk1e049l3js2fzAfAj9k/8A4KMfFn9hrxVpXhL4aaD4i8P/ABhu08Tz+IL7UEj1ZpYH3xSRRmdQuGWQqrRkt5jdmr68/wCCKP7VkGtfsd/Fv9knxpeLFf8AhLSdU1XSklbB+wXEEguYwD2guPmI7CX2r9xPjF8e/B/7N3gbwL4c+BfhzR9W8PeKrw6Rp0FjcRWmnxeZ93y2iRoREWLBsYAr5f02L4V2vjKH4YfDH9njwg/xAuLC6uNRgtlsI7ODTZCYcvexwfvBcqceWF6HDV9piOMMbneVVfrOEgqdWftacoyjHl5HyuUuaW1koX91dt0fiFXDZPw5n8MJQxlT29CHsKkHTnPmc4qUYQ5I76ufL7zsne3Kz8fP+CEP7b/7K/7J3ws8faH+0H4wtfDV1q+p2c9nHNHNIZY4rcozDyY3AAbjnFct/wAFYP2oPg98cP2ufgF+0F4Hv2bwnEIp1vZo2i32tjrZSW4EZG8REwybMqCwXIFfqvL4z/ZIudM0jTNG/Z18Hr4puPEJ8L6hpN3ZWMP2W9IzGRMLZlaJ8EbsDGK+pvgrpH7FXxv8J63efE74UeEvDk3w9uTol7HfWenzWdoqsXVYLkxrGId7McDaAxPrXoZ5ndPLs1rcU4jAzi58ymva02kpRdO6SjdK+0tV23R5vB2Y4fP8FhuC8tzGE3HldO1GqruNqnK23bmSesFaS7XVj0b4Y/8ABTn9iz47/E/Rfgt8E/FsfivX9eeYR21nbzhY4oIXmllleaONFRUTHXJJAAr+dP8AYb+Enwj0/wD4L2eK/BWnaZajSfDmo69daRa9Y7e5gAKGMesJd9g/gxxjaMf0meBLX/gnB8LfEUfi/wCGv/CvPD+qxI0aXmnNpdtOqOMMokiKsAw4IB5FO0GH/gnJ4U8Zr8R/DLfD3T/ECyyTjU7Z9Miu/Nlz5j+epEm59x3HPOTmvxPJfEfKsro43DZfGahXpcms4tp33doxVraWt31P6pzrwV4lzSvgcVmNO88PU5/dpTScbL3Ve7W1/u0Pt8kLxXIQ+NNGuPGs/gWN/wDTra0S8YdtjsUH5Y/Iik1zT9I8e+Fc2WoSJaXcSzQXthPtO1hlJI5EOCpHI6qR7V+TuiaD8Rp/Hdv4tutS1a30e/vhpv8Abo3B2hL7FO7P3Tgc/d9OmK/gT6QHjtnPCOY5bhMvy514Vp+9JS+GC9182nuJSnB879211of0Jwfwhh8xpV5VqypuC0TXXpbvonpufsmDmlrG0HRYPD+lRaTbyzTrCuPMuJGlkb3Zm5J/T0rZr+osPKbpxdVWdtUtbeV7L8kfAzSTtHYwdQ6GvI/EPQV65qHQ15F4gr7HJd0fHZ/8DP/V/uB8PdF+leuad0WvI/D3RfpXrmndFr6XN/iPlch+BG3SEAjBpaK+asfVFJNN0+Ox/sxIIxbbdnlBRs2+m3pj2rC8Y+GPCfirwXqfg/xnbxXGh6hZy2l7BKdsT20iFJEYgjClCQcEYFdVVPUI45dPnilUMrRsCD0Ix0qaeHp3UbabfLsEsVVor21J2lHVeTWx+VS/8E4/+CRJwqeDPCvoMag//wAk1r6r/wAExf8AglNoQhOt/D/w5Zi4XfF513NHvX1XdcDI+lfkJ+zL4B/Zc8Vaf8Sj+0HfRabNp0JbRm+0mCTzQZs+VGDiUghBtKt9Oa8gvdU8Zaz+yZHDrvmXGlaZ4mjh0uWbny2ls5muYomPRMrExUcBu1f1d/xKNk0sY8LCpbknCDcqUUnzxuvZu/vW2a0P4Cl+1m8QqWVxzCrUlJ1Kc6kVDGVZOHs6ig1WVlyc28HrfRW10/db4x/s2/CPxtoXwq+DHwJl8OQeFPBusJcSaM18pV7Pdl7eFMyM5fL8E10nxA/Zz8c/Aj4w2/7QH7M8mg6fYf2Smi32kaxM1naLCrhomimVW2YIX5SO3HXj5h/Y7+Hv7Bnj7xj4Lf4RSXcXxB0C3t9WvCpuTEZIERblXEx8vDO5A2Yx24Femf8ABTXxJ4k+J2teDf2Qvh2Q+q+Jrn7Zcrn5VhhBMfmY6LuVn/4BXlZfllehm+H4aoVJQoQhNTVWmoqNO7lJuKk01ZJxd072SsTn/EeEx3DWO4/x1GFXHVq1J0nh6znKdbljThFVHBNS1anG0k1du5zt9+wD4y+Iml6T4r1bVNK1u91/xX/wkXiSWzneO2+zbTELaydVYsUVnw52817x8KP2dfBPwo/Z48Rfs3ftV/2Bd+D9RvZvJklnFub+0kkEiC8z5RMylV+YMcgAZ4r5p/4JWfHw6H8OPF/wT8YkpceEBPqttE/DC3GftMWP+mcq5x/t14l+yf8ACxP+Ci3xp8WfFr9oW7ub3SdIaMQadHM0aA3BcxRArgpHGic7MFm5Jr2uJ+HMxqrMcBxFiLYLCuLvGCblzN+z5I3SV4uz1slZa2Vvk/DbjnJcFXyLPOAcF/wrY6M0lKrKMaXslFVfaTSc3yygnGy5nK8tLu/2TY/8E4v+CRepaYdb0/wX4Wms1YRmdL+Qxhj0UsLnAJxwKP8Ah3H/AMEiW+X/AIQzwqc8f8hB/wD5Jrz/APaZ/Yq+F37OX7PnxP8AFfw0EkWm6zptjGbC4YzeRPb3iMskUj5bBD4wxJBHBwcV8WfsmeBP2Dvib8P9H+HXxPe7i+I+tXz2du9s1zlGkkxbtgf6PgDBOR061+fZX4FcM4zKKudYXnnShPktGjByS5FJykr6KOzt2TP6R4g+np4sZVxLh+E8xxUaWIqUvaXnja0YN+1lTjCDs7ymkpRTS3s9j+k7wp4T8M+DfCGneB/CdrHaaPpdpFY2dsmSkdtCgjjjGckqqAAZPStltPsXs/7OeFDb7dnlbRs2jgDb0x7UafbGzsYbMnd5SKmfXaAKuV+GSow2t5fI/px1pyfPN6sQDHApaKKskwdQ6GvI/EH9BXrmodDXkfiD+gr6zJNz5DP/AIGf/9b+4Hw90X6V65p3Ra8h8PHKrXr2nEYUV9Nm694+UyB+6jbooor5k+rCs7VrhLTSrm6kBKxxOxCgscAdgOT9BWjRVQdmmZV6fNBwWl0fz3/8E+v2VPDXjfxr4xs/2kPAVy6v5VzpbaraXECY8yTzQjHYM4ZMr6V77/wVB+Edy3wX8G/C/wCCfhW4lhstRedLTSLJ3jhiWFkJYQrhcs468mv2Tr40/b18T/F3wh+zdqWt/Bl7+31BLywS9utKg+1X9rpkl1Gt9cWsG1t80VuXZQFYjGQDiv17M/HPHf2/HiapC/s9VT5nyq0OXTt3P5y4P+hnk+K4TXhxh66p/WGoOu4QU7Oop+80tbPReVlY+Jvg/wDtF+NvDth4S8D+GfgbqWjarBFZaXc67cWBRYoh5cdzOxSEOwKqW2lhk4zXnvgz4I/HP9rD9qnxp8aG1bWPho+n7INHuJrCRZZLQ7ogsfneWFGxdzYyfnxXW/Cv4n/tVXfh/wCEuqX+veIrjRb34kXukRyahpwhvdV8MiKY2d3qQ8hZIfnULuKxBxsZhkivo34lfGrx1r37Qfww1z4danrtv4K1iz8UQ6rYrpckeybTLZ1hmcSQiXeZgRArEJLtUoDmvGw/jnCiq+IyzBKlUqpRbu5u0pRb0nzK2yfRLZH6Jm30Dq1XEYTLc+zr63QoOpUUVFUo3pRqQhFujGDU/clKHVtpSell+beqfAX4zfsqftgwa3aWms+OtKu1P9saha6fKftFvqIaO8RhGHUuoO8AHrt6V0nwntv2if8AgnF8VtZmsvB9/wCL/BevKnlzWcUh8yJCWt5cojGKZVYq8cij9Aa+rP8Agn98f/if9l8YxfG298S63o8/ibT9K8OX2o2F1I7fbYPnVnaztJVRJVzMzwLDAWCiQjmvnCz+N37R/iSz+Pf/AAhnjHxVp9pp8EcWjSa3pd289vcR6gI7i9tPs1j+7tTE3lwwx/aJSi+cwABr28V9J6visLGnmGDjVjUp8lSPw8/s7uMvdtyta2cdLNaaI+eyv9l7Qy7N66yXOZYaeGrRqUaiXNGn9Y5YTglJSc42tzxlqnF6739k+MHxm/aT/aY/Z+8dvf8Aw81Dw/4durC3ttJtWhklvry8a6ict5YQOI0iRuQm0f3j28T/AGafi344/Z++D1n4L1H4Dazr2vadcTXUGoPp5UiRn3xYcwNINnGCPwr9Sf2BPGXxF8dfsw6Jr3xRi1RNVM97EZtXLG4uYY7mRYbgeZBbSCKSPBiEkKOExuHc/Z1LLfGDC/2W8u/s+HsJSVRR5qis+RRtdO70Wt3q/kfKcXfRNzDCcUvM5Z7UeLowlh5VPZ0ZcyVSU20nFwjq/d5V7sUkjl/BNzrt74O0q98UII9TmtIZLtFXaFmZAZFAPQK2QB7V1FFFfkNSXNJytY/pXD0uSnGF72VgoooqDUwdQ6GvItfPpXrWonCmvJNe719Zkm58bxA/dP/X/t+8Pn92or1nTW2qteQ6E4AUeleoadLwBX1ecQ95nx2R1LROuHSlqtFOrjFT7lr5aUbH18ZJ7DqKKKkoKKKKACuU8X+K7Dwh4X1DxLdspSwgeYrkc7BkD8eldXXw5+1R8J4/F1/pcfgewkk8QalMVkaJikXkIvzPP/CMHaA3XtzwK/HfHfi/PMi4ZxGY8PYZV8QlaMLtO8vdjypRlzNNp8uiav7yPo+FMtwuLx0KGLnyQ76W0111Vlbr+B9deEfFNj4t8Mad4ksyoS/t45guem9Qdv4Hiupr4e/ZX+EsPhK91RPG1hJH4h0yYJGZWLQiB1+WSAfd5IYFuo6cdK+4BXd4L8WZvnfDmGzPO8OqFaS1gm2017r5rxjyyuneNmltdkcUZdhsJjZ0MLPngtnb7rWb0t1/AWiiiv1Q+fCiiigApjjjNOyKpzzADFVCFzOpJJamNqTAqRXkuvPwa9L1CUYIFeXa4cgmvrcnVmfF57Nctj//0P7a9KkCceld3Z36qBXlcM5iJVq14tU2gV+iYvBc7PyvL8wVNJHrcWorgc1eXUhjivIk1wpUw171rypZMz3o57FI9d/tAUf2mg6mvJP7eHrR/bw9aj+xWV/rDE9b/tWP1FH9qx+oryT+3h60f28PWn/YvkV/rDA9b/tWP1FJ/acOc5FeS/28PWj+3h60f2J5B/rFA9a/tOHOcil/tWP1FeSf28PWj+3h60f2J5B/rDA9b/tWP1FH9qx+oryT+3h60f28PWj+xfIP9YYHrf8AaSt0NIdRAFeS/wBvD1o/t4etL+xGT/rBE9UfUeM5qhLqCjjNebnXyOlQNrZNaQydozqZ7FrQ6+8veDXCapNuFEup7hWTPP5vA6V6+Cwfszwcwx6qI//ZAAD/wAARCAJYAlgDASIAAhEBAxEB/8QAHwAAAQUBAQEBAQEAAAAAAAAAAAECAwQFBgcICQoL/8QAtRAAAgEDAwIEAwUFBAQAAAF9AQIDAAQRBRIhMUEGE1FhByJxFDKBkaEII0KxwRVS0fAkM2JyggkKFhcYGRolJicoKSo0NTY3ODk6Q0RFRkdISUpTVFVWV1hZWmNkZWZnaGlqc3R1dnd4eXqDhIWGh4iJipKTlJWWl5iZmqKjpKWmp6ipqrKztLW2t7i5usLDxMXGx8jJytLT1NXW19jZ2uHi4+Tl5ufo6erx8vP09fb3+Pn6/8QAHwEAAwEBAQEBAQEBAQAAAAAAAAECAwQFBgcICQoL/8QAtREAAgECBAQDBAcFBAQAAQJ3AAECAxEEBSExBhJBUQdhcRMiMoEIFEKRobHBCSMzUvAVYnLRChYkNOEl8RcYGRomJygpKjU2Nzg5OkNERUZHSElKU1RVVldYWVpjZGVmZ2hpanN0dXZ3eHl6goOEhYaHiImKkpOUlZaXmJmaoqOkpaanqKmqsrO0tba3uLm6wsPExcbHyMnK0tPU1dbX2Nna4uPk5ebn6Onq8vP09fb3+Pn6/9sAQwACAgICAgIDAgIDBQMDAwUGBQUFBQYIBgYGBgYICggICAgICAoKCgoKCgoKDAwMDAwMDg4ODg4PDw8PDw8PDw8P/9sAQwECAwMEBAQHBAQHEAsJCxAQEBAQEBAQEBAQEBAQEBAQEBAQEBAQEBAQEBAQEBAQEBAQEBAQEBAQEBAQEBAQEBAQ/90ABAAm/9oADAMBAAIRAxEAPwD9pG+9RQ33qeq19YfDxiMo2vVlVp+32pc5pylfY9Gx6sbfan7aOc05Sn5VHlVc21J5XvWfOHKU/K96PK96v+V70eV70c5fsih5XvR5XvV/yven+VR7UPZGb5XvR5XvWl5VHlVn7UPZGb5XvR5XvWj5SUvlUe1D2Rm+V70eV71peVR5VHtQ9kZvle9Hle9aXlUeVR7UPZGb5XvR5XvWl5VHlUe1D2Rm+V70eV71peVR5VHtQ9kZvle9Hle9aXlUeVR7UPZGb5XvR5XvWl5VHlUe1D2Rm+V70eV71peVR5VHtQ9kZvle9Hle9aXlUeVR7UPZGb5XvR5XvWl5VHlUe1D2Rm+V70eV71peVR5VHtQ9kZvle9Hle9aXlUeVR7UPZGb5XvR5XvWl5VHlUe1D2Rm+V70eV71peVR5VHtQ9kZvle9Hle9aXlUeVR7UPZGb5XvR5XvWl5VHlUe1D2Rm+V70eV71peVR5VHtQ9kZvle9Hle9aXlUeVR7UPZGb5XvR5XvWl5VHlUe1D2Rm+V70eV71peVR5VHtQ9kZvle9Hle9aXlUeVR7UPZGb5XvR5XvWl5VHlUe1D2Rm+V70eV71peVR5VHtQ9kZvle9Hle9aXlUeVR7UPZGb5XvR5XvWl5VM8r3rT2oeyKHle9Hle9X/K96PK96OcPZFDyveo/KrT8r3pnle9HOHIZ/lUux6t7aNtHORylTY9R7farm32o2+1ac4cpToqZkqFlpmfKFFFFaHOf//Q/aT+OrKrUPerKdq+rmfFxCplShUqZVrnlI7BirT9vtUypT1WsOYrkIdtP21ZVafto5jblK/le9Hle9W9tP2+1Z8wcpU8qjyqt7fan7aOY09mU/Ko8qrm2jbUcwezKflUeVV/bS+V70cxpymf5VSeV71c8r3o8r3o5g5Sn5XvR5XvVvbRto5g5Sp5XvR5XvVvbS+V70cwcpT8r3o8r3q55XvR5XvRzBylPyvejyvernle9Hle9HMHKU/K96PK96ueV70eV70cwcpT8r3o8r3q55XvR5XvRzBylPyvejyvernle9Hle9HMHKU/K96PK96ueV70eV70cwcpT8r3o8r3q55XvR5XvRzBylPyvejyvernle9Hle9HMHKU/K96PK96ueV70eV70cwcpT8r3o8r3q55XvR5XvRzBylPyvejyvernle9Hle9HMHKU/K96PK96ueV70eV70cwcpT8r3o8r3q55XvR5XvRzBylPyvejyvernle9Hle9HMHKU/K96PK96ueV70eV70cwcpT8r3o8r3q55XvR5XvRzBylPyvejyvere2jbRzBylTyvejyvere2l8r3o5g5Sn5XvUflVoeV70eV70cwcpn+VR5VX9tM20cwcpT8qjyqubaNtHMZ+zKPlUeVVvb7Ubfar5g5Sj5XvUe2r+2mMlHMZ8pQ20zb7VfZahZa05iOUpstMZKuMlQstacxjyFN+9QyLVllqJutbwM5lWiiitTiZ//9H9p1+9VlO1Vl+9VxelfVzPj4k0a1ZWoU7VZVa4JHVAeq1MqUKlTKtRKR1RiCrT1WnqlTbfasOc6OUh20/bUyrT9tRzl8hDt9qNvtVnbRtrPnNOQh20bas7fajb7Uc4chW20bas7fajb7Uc4chDto21Z20baOcvkK22jbVnbRtphyFbbS+V71Y20baA5Cv5XvR5XvVjbRtoDkK/le9Hle9WNtG2gOQr+V70eV71Y20baA5Cv5XvR5XvVjbRtoDkK/le9Hle9WNtG2gOQr+V70eV71Y20baA5Cv5XvR5XvVjbRtoDkK/le9Hle9WNtG2gOQr+V70eV71Y20baA5Cv5XvR5XvVjbRtoDkK/le9Hle9WNtG2gOQr+V70eV71Y20baA5Cv5XvR5XvVjbRtoDkK/le9Hle9WNtG2gOQr+V70eV71Y20baA5Cv5XvR5XvVjbRtoDkK22jbVnbRtoDkK22jbVnbRtoDkK22mbaubaZt9qXOHIVttG2rO32o2+1HORyFbbTNvtVzb7UzbRzhyFbb7UzbVzbTNtac5nyFNkpjLVxlpm32q+cjlKbLULJVxkqFlq+YzlEpstQtVxkqtItbnJIpyVWfvVx6pv3roiYzKbfeop7fepa3R5zP//S/adfvNVyOqcf3hV+Ovp5nx8SyvSrka1WXrVyOuSR2xJk7VMtMXpVlO1cszviCrUypQqVMnasTaMRm2n0/bT1SszTkGbaNtTbafRzF8pFsf1p22n7fan7RWfMXykO2jbU20UbRRzBykOxKNiVNtFLRzBykGxKNiVPRRzBykGxKftSpKKOYOUj2pRtSpKKOYOUj2pRtSpKKOYOUj2pRtSpKKOYOUj2pRtSpKKOYOUj2pRtSpKKOYOUj2pRtSpKKOYOUj2pRtSpKKOYOUj2pRtSszWdb07QLB9R1SUQwp37k46AeteCt8dJv7a3CwH9ldMZ/fdPvf3fw/8AHq+Ez3jPKMkqxpZhX5ZS/wC3v+3peR7WDyvE4qMpUIn0btSjalZOia5pniGwTUdKlE0R49CD6EetbVfY0MTSxFKNehLmjI8mVKVOXLIj2pRtSpKK6uYz5SPalG1Kkoo5g5SPalG1Kkoo5g5SPalG1Kkoo5g5SPalG1Kkoo5g5SPalG1Kkoo5g5SPalG1Kkoo5g5SDYlGxKnoo5g5SDYlGxKnoo5g5SDYlG2p6TaKOYOUh20bam2ijaKOYOUr7H9aj21Z2+1FHMHKVttMqztpjLtrQjlK22mMlWdtMfvWhHIU2WoWSrjJVdutXAwmU261VkWr7dKrSV0xOSRQbpVNulX2qhJXRE4plNvvUtJJ940yutHEz//T/auP71W46qR/eq9D0r6eZ8fEuR1dXrVKOr6dq4JHoRJlqyvSol61YWuaZ3wJF61KvSmJ2qZUrA1BUqaipKzOgTaKWiiszQKKKKACiiigAooooAKKKKACiiigAooooAKKKKACiiigAooooAKKKKACiiigAorI1vWrLQNNl1bUCwgg+9tGTzxXg+lfFDVvEnjjTLKMfZNOeUjywfmfCMcs3p0OB6d6+Ezvi7LcoxNDCYmX7ypKMYx/xO3N6Hs4TLa+KjKrH4YnbfGYMfBchBxtniP/AI9j+Rr5Er7E+MEe/wAC3jf3XgP/AJFSvjuv448Z48vEEf8Ar3H82fpvC3+4/wDbx9bfBVNngz/euZD+i169XlPwbTZ4Igb+9LMf/HzXDa38TtW8MeO9TtH/ANL05HQGI8FMopO1q/o/KOJcDkHDGW18d8NSMY/4eZXPh8TgquMx1eFL7J9H0Vi6Frdj4h02LVtPJMEucbhgjFbVftNCvTxFKNehLmjL4T5SUZ05cswooorqICiiigAooooAKKKKACiiigAooooAKKKKACiiigAooooAKKKKACiiigBNoplSUUAVWSmN0qzULJXQc5XbrVV+9XH71WbpVwMplZqpyVcaq7da6onJIz5KpyVfkqhJXXE4ZlCT7xplPk+8aZXWjz2f/9T9qo6vw9KoR1fh6V9PM+SpF+GriVThq/HXBI9GJZTtVpetVUq0vWuKZ3wJV6VMv3ahXpVmokbRHr0paKK5zcKKKKACiiigAooooAKKKKACiiigAooooAKKKKACiiigAooooAKKKKACiiigAooooA4r4iWxufBOrxjnZA0n/fr5/wD2WvkbwbP5Pi3SJT0W7i/9DFfbes2v23SL6z/5+IJY/wDvtSP618GaVN9n1Wxm/wCec8Tf+Piv4x8YI/V88y/G/wBe67/qfqPDcvaYOvSPsD4rpv8AAWp/7PlH/wAipXxjX2t8TU3+BdWX/YQ/+RFr4r/ir5Xxuj/wuUJf9O4/mzv4T/3OX+L/ACPsb4Rx7PAlh/tGY/8AkV6+YPHEon8Y6ywGALmVP++GK/0r6q+FybfAelDp8sh/8itXyBrdx9p1vUrn/npcTN/4+a9XxFl7PhPJqH92Mv8AyRf5meSR5swxMv63PsX4a2y23gbSIgOGiL8/9NGL/wBa7usXw9bCz0LTrT/nlBGp+oUCtqv7IyTDfVcsw2G/ljGP/gKPy7GVfaV5S/vBRRRXtnIFFFFABRRRQAUUUUAFFFFABRRRQAUUUUAFFFFABRRRQAUUUUAFFFFABRRRQAjdKhkqeo2+7WkTORWbpVZqst0qJutdBjMpt1qq/erj96pv3raByyKElUJKvyVTm6V3RPNmZsn3jTKfJ940yutHns//1f2qjq/HVCOtJK+nqnyVI0IetW46px1cjrzZHo0y5HVlO1Vo6sp2rlmd8CZetTJ2qKP71WF6VhI6Yi0UUVmaBRRRQAUUUUAFFFFABRRRQAUUUUAFFFFABRRRQAV4H8U/H+u+HtYi0nQrhYQbcSOdquQWZh/ED/dr3yvnH4ueBdRubyXxXp5Nwm1RLF3RUXqPbA5r8i8TKua08hlLKObm5o83L8XL1Pp8hjQljIxxPwnJeE/itrmmauJNduXv7KfCuD1j/wBpR/Svq+zvrbUrSO9sJRLDMu5HHIIr8969S+HPj+fwndfYdQcvpc7DK/8APJj/ABL9c/N69evX+a/DvxMq4Kv/AGfm9Xmoy+1L7Mv8vyPuM7yGNaPt8NH3omx478V/EbQ9VfTLy/8AJhb5onhjVA49c8sPTrXW/Cn4hy6g3/CO6/cb7k8wSOcs/wDsk9z/AJ+vpvifw5pfjfQ/s7MrhxvgmHzbSRwQe4P618Zalpmo+G9VeyuwYbu2bcGX9GU17nE9fPOEc8pZvGvKth5fzScvd/l/yf8AwTly+ODzHByw0oxjUj/XMfftFeafDnxwni7TBFdELqNsNso6bsfxgeh/z2r0uv66yjNcNmeDpY7CS5oyPzbE4arh6sqVT4ohRRRXtnGFfn5qlv8AYdUu7XvbzSJ/3wxH9K/QOvhrx/bC28Z6zGP452f/AL+fP/7NX8m+OWG5sDhMT/LKUf8AwJf8A/R+EZfvatM+qfHLG58A6pMOCbUv/wB8jd/Svin+Kvs/U3F58LppQMebpRb84c18ZV+e+MsvaY7CV/5qf6nscMe7TqR/vH2l8PGEPgLSnP8ADBn8yT/Wvje0ia/1KCD+KeVU/wC+2xX2B4dYWnwwtZx1i04SfiIs18teBrYXfi/Roz2uY3/79/P/AOy16PiBS+sUshy/+aMf/JuRGGTS5ZYuv/XU+6VUKu1adRRX9xn5OFFFFABXhXxV+IT6Uv8AwjuhzFL1uZZUODEvoMfxH9PyrtPiB41t/COlHymDahc5WBOvP94j0X/CvkC0tNU8S6sLe2DXd7eOSSx6nqWJ/Wv5i8UON6uFj/YWVy/fVPi5fijzfZj5v8vU/QOH8qjU/wBrxPwxPUfBXi74jazqkWl6de/aI+sjTIHVFz95mxv/AFr6kubu3sLZ7q9lEcUQy7scACuU8HeFtP8ABWjG3DL5uN9xMeMkc9fRf896+eviT8Qj4nuDpeluRpUTEBu05B+9/u8ZX8/pvhsyqcE5D7fOa8q2IqfDGUub/t30XV/8AzlQjmuM5cNHlpx+0S+L/irreqaoG8PXL2VlBwmzrJn+Js/yPHrXZ/C/4g6/r2unSNanWZGhZkIRVO9SvXaB/Dk183V758I/A+pDUbfxZdsbeCIN5Sd5d643fTBr8M4N4i4jzXiWlVjVlLmlzVI83u8v2vd222PrsywOBw+BlHljH+X+Y+mKKKK/0JPxUKKKKACiiigAooooAKKKKACiiigAooooAKKKKACo6kqN+9BmVm6VE3WrDdart1roMZlV+9U3q49U3rqgcsinNVCbpV96oSV3RPNmUZPvUynyfepldaPNn8R//9b9qo60krNjrSSvp6p8lSL8dXI6px1fjrzZHo0yzHVlO1Vo6sp2rlmd8CzHUy9KhjqZelYSOmItFFFZmgUUUUAFFFFABRRRQAUUUUAFFFFABRRRQAUUUUAFQfaIfP8Asu9fN27tmedvTOKnr5W+K+v31p49il0ycwy6dCqAjs0g3t+YK18DxhxPS4ewMcbUjze9GP8AXyPZy3L542p7OJt/En4XbfN1/wAMRccmW3Rf1jA/9Bx9PSvnmvsHwF8SbHxTEljfEW+poMFM/LL/ALS/4fz7cr8RvhcNQEuueG023XLS26j/AFnclcfxe3f69f5e4u4Iwmc4b/WLhb3oy+KnH/22PfuvuPv8tzWrhav1HMP/AAI4n4Z/ESTw9Kujau5fTZDhXY/6g/8AxP8An1r2zx/4Kg8Z6YJLTat/CMwSE4BH90n05/z3+NGV1bY/ysle3fC/4jHSJI/DmuSf6G2FilJ/1R/uk/3ff+H6dPG4G4ww2Iw3+rHEHvUZe7GUvs/3f8n09NurN8tq06v13BfFE8s0zUNX8Ja2LuFWhu7NyrI/HsytX2t4a8Q2XifSYtUsTw/DpnlG7qa83+J/w9/t6A65o6Y1GIfOgH+vX04/i/8A1V4f4E8YXPg7VxK5Jsp8LOnUdeG6dV7fU19Bk2LxnAGcyy3MJc2FrfDL/wBu/wA1/wAA4sTSpZzhvb0P4kf6/wCGPtmiq1pd21/bR3lnIJYZQGVl5BBqzX9qxlGUeaJ+VfCFfHfxftlh8c3DjrcRRSfkuz/2WvsSvl/46QBNd066x/rIGX/v22f/AGevwHxiw3tuHJVP5ZRl+n6n2XDFTlx3L/NE9P0g/avhMjf9Qp0/74iZK+O+1fXPgaYXXwpVfS3uk/8AHnr5G/5Zf8Br+evEuXtsDlFf+aj+iPtchjy1cTD+8fYd1ILP4R7v+oSo/wC+4v8A69eFfCS2E/jm0crxbxyyfmuz/wBmr2rxcwtfhGU/6c7WP/0CvNvgbbrJ4jvbonmO2Kf99up/9lr9D4goe24syTCfyxhL/wABbf6HjYGXLl+Lqf3pH1NRRRX9hn5iFYPiHXrHw3pU2rag2EiHC93bsB7mte4uIbSF7i4cRxxjLMegAr4z+IPjWTxdqx8gsunWxKwIf4sf8tD/AL3p2/OvyjjzjKlw5l/NH3q0vhj/AO3eiPpMoy2WNr/3Y/Ec9resan4s1p724QvPcttjjTnH91Vr6m+HXgWLwlYG6vSH1KcfvW7IP7o/rXOfCv4ejSIU8Ra0mb2QfukI4iX1/wB7+Qrlvij8RzfGXw1oEv7gcTzDnfn+Ffb+f06/gPD+X0OGcJLiviL3sRU/hx+1736v8F56H2GLryx9X+z8F/Dj8UjM+J3xGk115ND0aTGmg4kdT/ryO2R/B+jfTr4xRX0d8N/hc0Jh1/xPF845it2B495B/wCyn8fQfkNDDZzxxnMp/a+1L7NOP9fefTyq4bKsNy/1Izvhz8LhdiLxB4ni2xfeit2wd/ozD0Poevfjr9Gia3Wb7LvXzNudmfm215547+Itj4SgNrakXGpuPli7J7t/hnP061478MfEt9ffEEXGp3Bml1GGSMkj0G8Af981/UOX5vkPCeMw3DuX/vKlSUY1Jf8AyXn5dPz/AD2vhsZmNKWOr+7GPwn1fRRRX9JHwwUUUUAFFFFABRRRQAUUUUAFFFFABRRRQAUUUUAFI3SlpG6UAVm61C/ep5PvVA/eugwkU3qtJVl6rSV1QOKRQmqhN0q/NVCbpXdE82ZRk+9TKfJ96mV1o82fxH//1/2qjrSSs2P+KtJK+jqnyVIvx1fjqhHV+OuGR6lIuR1MnaoY6sr0rmOyBNH90VMvSoY/uipl6VzyOmItFFFZmgUUUUAFFFFABRRRQAUUUUAFFFFABRRRQAUUUUAFeZeOvhxp/iyM3dqBa6mgO2UdH9mH9cZ+vSvTaK8TN8owma4aWExtLmjI68NiauHq+0py94+AtT0zVvDWom0vka0uYGypHt3Vh/Svob4e/FWLUQmjeJZAl2OI7g8LL7H0b9D7cCvU/EnhXSPFNl9i1SINt5RwBvQ+qk5r5E8Y+B9W8HXRW5XzrMkbLhQdpz2b0Pt+RNfxvmGR55wBjP7SyuXtMLL4v/tv0f8Awx+m0MXg85pewr+7U/r4f8j3T4j/AAzTXRJrOhIE1E/NJGMAT+5/2v8AJ9R8sSwyW0hilUq6HDKw5Fe6/D74rSaeYtF8TyGS24VLhslk9m7kfr/TvvH3w7svFluNZ0Xamo4BVlI2zg+vb6H+nQz3h3L+LsNLPeHfdrf8vKf9dfz9QwmOr5bV+qY34fsyON+F3xK8ow+Gtff5OFtpy3THHlsPy2/l6Cn/ABZ+HhHn+LNFTgfNcxAf+RFx+Jb/AL69TXgN3aXVjcyWd7GY5ojtdGG0hq+i/hf8Rftmzwxr8m6bpBK/8eeAh/2vT1+vXzuGs+w2e4H/AFW4ilyy/wCXdT7UZfyy/ryOrHYOrg6n9oYL/t6JzXwn8dHSrlfDuquPsUzARO3/ACykY/d+jE/gfqa+pq+Svih4CHhu4Or6aAdOuWA2Y/1UnPHHbA4//VWJP8UfFb6JBo0Vz5PlDY0wz5zj/eJ/Xr719bw/xzX4RjXyLiCMpSo/w+X7Uf5fTt93keXi8ojmPLi8J9r4j6q1vxf4d8OqTqt6kbqPuD5pP++Vya+Z/ib440zxjJZR6ZBLGtj5uHlwu4Sbf4QT/dryuRnlkZ5WLM/3mb+Km1+X8WeKGYZ7QlgfZRp0Zf8Ab0u+/wDwD38v4foYOUavNzSO70f4ha/omiDQLFIfIBbLOhL/ADc9d2P0rhKKK/HcXmWLxdKlSxNWUo0/dj/difT06FKnKUox+I7vU/iFr+s6B/wjl4kLWwEaghCGATlf4sdh2rY+GXjbS/B1xfDU4pZFvvKAeLDbfL3fwnH96vLKK9vDcU5rh8wpZr7TmqU/djze97uv+ZyVcvoSoSocvuyPu7RPF3h3xEo/sq9SZyM7PuyD/gLYP6V01fnbGzxSK8TFWT7rL/DXpFr8U/FttpM+lST+cZFwk7/6xP8AgXf8efev6lyTxuoSp8ub0OWX80fhl8un4nwGM4UlGX+zS/8AAjrfi149N9O/hfSpSLaI4uXX+Nuu36Kevv8ATmb4UfD1bwx+KNajzEvzW0Z/jOOJD7d155PPTGeY+GfgQeKb06jqQzplswyp6SsOdvuv978vcej/ABO+IiaTE/hrw9KBd4xNIh/1QP8ACCP4/XnK/Xp8xl/LjKsuNuKf4f8Ay5p/zduXy/N3b0O6v+7jHKsv+L7UjN+KXxHZTL4a0CXB+7czKenPMY/UN+Xrj52jV2ZUiUsz/KqrT4Lae7mjtraMySyttVVGWJr6p+Hnw2tvDcS6zrgWTUSMqCBtgHoP9r3/AAHcn4Shhs54/wA3lXl7tOP/AIDTj/L6/mexKphsmw3JH4v/AEopfDj4Yx6Oseu+IkDXpw0UJGRF3BOf4vT+79ekvxC+KUej79F8POJL/o8nVYvz6n+Xf0rmPiF8WGut+jeFpCsXIlulP3vaPHb/AGs/Tsa8v8JeDNW8YXnk2S+XbKcyzH7qdOnIyeeg/Qc1+hZlxLTwFKPC3BceaUviqR+KUvtcsv12XQ8ShgZVpf2hmkvd/l/r8jHsrDV/Eep/Z7RJL27nJZicsx9WZj+pP419T+Bfhnp/hdI9Q1AC61PrvI+WL2X/AB4+grrfC/hLSPCdkLTTY/nIw8rAb3+prqa/UuBvDGhlHLmGZfvMR/5LH/N+f3Hz+b59PE/uKHu0wooor+hz4oKKKKACiiigAooooAKKKKACiiigAooooAKKKKACkbpS0jdKAK0lQv3qzJVZ+9dBhIrSVTkq5JVOSuqBxSKE1UJulX5qoTdK7onmzKMn3qZT5PvUyutHmz+I/9D9q4P4q0UrOg/irRSvo6p8lSNKOrkdU46uR1wyPUpFyOrK9KrR1ZXpXMd8CaP7oqZelQx/dFT1zyNohRRRWZoFFFFABRRRQAUUUUAFFFFABRRRQAUUUUAFFFFABRRRQAVUvbK01K2ks72JZ4JRhkcblI9wat0VMoxqR5ZfCEZcvvHyn49+FN1ou/U9ADXFieWi6yRf4j9R39ayvAPxJvfC0sdjqBNxpTnBGfmiHqvr9P5V9g14d49+E9vqofVvDaiG7HLw9I5R7eh/Q+3Wv5W4i8P8XlGJ/tvhSXLKPxU//ke68vu7H6Hgc5pYql9UzD/wL+vzNjxf4N0b4haYms6LLH9r2/upl6OP7rfy55U546g/KV7Y32lXr2N9E0M8BwQeorrfC3izXPAWrvDJG3lBsT2r5U//AGLfh9RWP4r8SXXinWZdUuSQG+WND/BH2FfgvGWc5NnOGjmEaXscbzctSP2Zf3v6179z7HLMNicLL2Epc1P7JT1fX9X114n1i5a4MA2Jntmsiiivx2vXq4irKrXlzSl/MfTRjGnDliFFFFcxQUUUUAFFFFABRRRQBr6Nr+r6BK9xo9y1u8gwcc5/OqdraXWp3cdnaxtcXMzbVVeSTVSug8MeIrrwzrMWr2hyY+HQ/wAa9xXtYSvGtVpYbF1ZRoxl/i5eb4uWJz1Y8sZSpR94+lfBXgfS/AemPrmvOhvQm6SVvuQKP4V/q3X6CvI/H/xMvPE/maXpubfSj97kq0o/2v8AZ9vz9BieLfGes+O9RS1jjdbZmxBax5bJ7Zx1P4fTvXrngP4SQ2Ii1fxQqy3PVLfgqnpu7E/p9e39NfW8Tn8f9W+EqXs8HH4qn83+L17bv0Pg/ZUsH/t2ZS5qn2YnB+BfhZd+Iwmp61utdP6qORJLn09F98/T1r6o0/T7LSrOOw0+JYIIhhUQYAFXqK/pbhPg3L+HqHssNHmqS+KX2pf5LyPhMwzSvjZc1X4f5Qooor9GPCCiiigAooooAKKKKACiiigAooooAKKKKACiiigAooooAKRulLSN0oAhkqs/erMlVn710GEitJVOSrklU5K6oHLMoTVQm6VpzdazJuld0TzqpRk+9TKfJ96mV1o8mfxH/9H9q4P4q0UrOg/irRSvo6p8lSNKOrkdU46uR1wyPUpFyOrK9KrR1ZXpXMd8CZfu1PUC/dqeueRtEKKKKzNAooooAKKKKACiiigAooooAKKKKACiiigAorC8Qa9Y+G9Ll1bUCfKj7Dqx9BXAWvxp8GzjMxnt/wDfjz/6AWr5bMOJcoy6vHDY3Expy/vSPSoYHE1o+1px5onrlFcJa/EnwRcrmPVYlHT95uj/APQwK6O18QaFff8AHlqFvcf9c5Vf+Rrqw2d5biv92xMZf4ZKRhUwden8UZGxRTVYMu5adXvnIFFFZGu6rFoekXerTcrbRs+0dWIHA/E8VhXr08PTlXqfDH3jSMZSlyxPmb40azYX3iCPTrSJPNs0xLKBlmZ+in/dAz/wKvG6sXd3Pe3c15ctulnZnc+rNyar1/k9xFm8s3zOvmEo8vtJf8Mf0RgcN9VoRofyhRRRXy56AUUUUAFFFFABRRRQAUUUUAFFFFAHrfwd1Ww0/wATfZLyFN94uyKVh8yN/dB/2/5gV9c1+eEE09tNHc27bZIzuVl7MK+8vDesLr+hWWrrgG5jVmA/hfoy/gciv7i8E8+9thKuUS+Kn70f8Mvi+5/mflXFOD5ascTH7Ru0UUV/Vx+cBRRWdc6tpdl/x93kMH/XSRV/mRWNSpSpx5qsuU0hGUvhNGiuLufiF4LtDiTV7c/9c28z/wBAzXO3Pxj8FQf6m4luR/0zhYf+jNlfK4nizI8P/HxdOP8A28jvp5fjKnw0pf8AgJ6tRWJoGu6f4k0yLVdNYmKTsfvKfQ+9bdfTYXE08RSjXoS5oy+E8+UZ05cswooorqICiiigAooooAKKKKACiiigAooooAKRulLSN0oAhkqs/erMlVn710GEitJVOSrklU5K6oHLMqTdazJulac3WsybpXdE86qUZPvUynyfepldaPLZ/9L9q4P4q0UrOg/irRSvo6p8lSNKOrkdU46uR1wyPUpFyOrK9KrR1ZXpXMd8CZfu1PUC/dqeueRtEKKKKzNAooooAKKKKACiiigAooooAKKKKACisfW9YtNB0yfVr5gsUC564yewHuTXjC/HnT/49IlH0kH+FfF5zxdlGUVY0Mwr8spev6Hq4bLcTiY81CPMaPxK8HeMfF17ELA2wsLYDYjSOrsx6lsKR9K8jn+EfjqH7tksg9pk/wAa9UX47aKf9Zpt0PoY/wD4urkfxy8LH79pdr/wFP8A4uv5zznA8B5zjKuOxOYS9pL+9/mj7XDVM3wtKNKnQ92P9dzwqX4deN4Th9ImPf5Sr/8AoDGsqbwf4nt+ZtIu1/7Yv/hX0mvxs8HN/wAsrofWNP8A4urCfGfwW3V51+sL/wCFfKy4I4KqfwM35f8AFJf8A9KOa5rH4sMfLa/29pZ+T7XZfTzIv8K1YPHfi+0AEes3J9pH3/8Aoea+mV+L3gV/vXki/WGT/CkPxK+G1z/rr1D/AL8En/xFFDg3LaP+48QRj/28o/8At4SzWvL+Jgeb+vQ8Itvi743hGJLuOf8A341H/oG2meI/ijrviTRn0a/hgjSQqS8QdWO3nu5HWvbpPEvwduv9a1g/+9b/AP2FeKfEqXwjLeWQ8IrbrAUdpTCAvzZGOn41w8RUM1wGW1JQzyOIp/DKPNzSlzad2b4GWGrV4/7Hyy/wnmVFFFfzOfchRRRQAUUUUAFFFFABRRRQAUUUUAFFFFABXpXhj4n6z4V0j+yLG3hmCuzhpdxxu5xwRXmtelfDVfCjajdr4uEIhESlDMdq7s47n3r7bhSvjqeZxjl+J9jKXu80vhPMzCNOVCUq8eaMSzc/GPxvPny7iG2P/TKEH/0Zvrnrn4h+MbnPmazMuf8AnmRH/wCgYr6Fi1H4OWf3P7L/AO/aN/7KavR+NfhhaH/R7m1iP/TOEj+SV/QtXh3HYj/feIo/+B/8FHxUcdSj/CwP/kv/AAD5Rk1DXdRJ865ubn/fkkf+Zog8Oa9d8waXdSfSB/8A4mvrR/ir4CiGF1L8oZf/AIiqz/GHwOnS6kf6Qyf/ABNePLgHh6UubF55GX3f/Js6/wC2cd/y7wkv6+R82ReBfGMwyujXI5/iQp/6HitWD4V+OrgZ/szaP9uWIf8As9e6N8aPBKdGuW+kJqJ/jZ4QXpDdN/2zT/4uuqPBfAdP+PmvN/28v8mYSzTN5fDQ/MzPhr4T8aeE9QeO+SL+zrkHevmbmVh90rjj617pXiUnx08Mj7lndn/gMf8A8XVVvjtooHyaZct9Sv8AjX7TkPE/CeRYSOCw2O5ox/m978kfM4vL8zxlX2sqXvHu9FY+hazZa/pcGrWLBop1zjIJU9wfcVsV+50K9LEUo16EuaMj5GUZRlyyCiiitzMKKKKACiiigAooooAKKKKACkbpS0jdKAIZKrP3qzJVZ+9dBhIrSVTkq5JVOSuqByzKk3WsybpWnN1rMm6V3RPOqlGT71Mp8n3qZXWjy2f/0/2rg/irRSs6D+KtFK+jqnyVI0o6uR1Tjq5HXDI9SkXI6sr0qtHVlelcx3wJl+7U9QL92p655G0QooorM0CisfWNf0Pw/brd67qFvp0DsEWS5lWFCx7bnIGa5/8A4Wb8N/8Aoa9J/wDA+D/4uuiNCrL3oxMJV6UfdlI7iiuH/wCFm/Df/oa9J/8AA+D/AOLroNH1/Q/EEDXWhahb6jEjbGe2lWZAw6jchIzRKlUj70ohGvSl7sZGxRRVa5uraygkubuVYYYxlnchVA9ST0rnNyzRXDf8LN+G/wD0NWk/+B9v/wDF0v8Aws34b/8AQ16T/wCB8H/xddf1ar/Kc31ql/MdxRWLo/iTw/4iSSXQNSttSSE7Xa2mSZVPoShIBrarCUZx92RtGUZe9A4rxd4Lt/GMcFvfXk8EEJ3eXEVCs3qdyt0rhv8AhRfhz/n/ALv/AL6j/wDiK9urC1nxP4b8OiL+39VtNM8/d5f2meOHft5O3eRnA64r4PMOCslzPEyxOLw0alSXqezSzXE4elyxqcsTy7/hRfhz/n/u/wDvqP8A+Io/4UX4c/5/7v8A76j/APiK7b/hZvw3/wChr0n/AMD4P/i66yw1Cx1S0i1DTLmO7tZxujlhdZI2HqrKSCPpXnS8NuHI/FgY/iXHiDGS+GueO/8ACi/Dn/P/AHf/AH1H/wDEUf8ACi/Dn/P/AHf/AH1H/wDEV7dVO/v7LTLSW+1G4jtbaEZeWVgiKPVmPAH1rn/4h1w1/wBAcfxN/wC28f8A8/Tx3/hRfhz/AJ/7v/vqP/4ij/hRfhz/AJ/7v/vqP/4iu2/4Wb8N/wDoa9J/8D4P/i6P+Fm/Df8A6GvSf/A+D/4uuz/iGnD/AP0Ax/E5P9Y8T/z/ADi/+FGeHf8An/u/++o//jdN/wCFF+HP+f8Au/8AvqP/AOIrtv8AhZvw3/6GvSf/AAPg/wDi6P8AhZvw3/6GvSf/AAPg/wDi6P8AiGnD/wD0Ax/EP9Y8T/z/ADif+FF+HP8An/u/++o//iKP+FF+HP8An/u/++o//iK7b/hZvw3/AOhr0n/wPg/+Lo/4Wb8N/wDoa9J/8D4P/i6P+IacP/8AQDH8Q/1jxP8Az/OJ/wCFF+HP+f8Au/8AvqP/AOIo/wCFF+HP+f8Au/8AvqP/AOIrvpfH3geG0gv7jxDp8VrdM6wzPdRLHKY/vhGLYbb3wTiq/wDws34b/wDQ16T/AOB8H/xdH/ENOH/+gGP4mn+seJ/5/nE/8KL8Of8AP/d/99R//EUf8KL8Of8AP/d/99R//EV23/Czfhv/ANDXpP8A4Hwf/F1u6R4l8PeIVkbw/qlrqSxHa5tpkmCn0OwnFZy8NuH4+9LAx/EceIMZL3Y1zyz/AIUX4c/5/wC7/wC+o/8A4ij/AIUX4c/5/wC7/wC+o/8A4ivbqK5/+IdcNf8AQHH8Tb+28f8A8/TxH/hRfhz/AJ/7v/vqP/4ij/hRfhz/AJ/7v/vqP/4itXxb8dfg94EnNr4r8X6dYXK53QG4V5xj/pim6T/x2vNP+G0P2aPN8j/hNYs+v2S82/n5GK9al4UZLUhzUst5v+3WeVV4ulTly1MTGP8A28jtv+FF+HP+f+7/AO+o/wD4ij/hRfhz/n/u/wDvqP8A+IrX8IfHH4Q+PZxa+E/F2nahctjEC3CpOf8Ati+2T/x2vV64avhtw/Rly1cDGP3ndT4gxdaPNTr8x4j/AMKL8Of8/wDd/wDfUf8A8RR/wovw5/z/AN3/AN9R/wDxFewajqWn6RaSahql1FZ2sIy8szrHGo9WZiAPzrlf+Fm/Df8A6GvSf/A+D/4uiPhtw5L4cDH8QlxBjI/FXOJ/4UX4c/5/7v8A76j/APiKP+FF+HP+f+7/AO+o/wD4iu2/4Wb8N/8Aoa9J/wDA+D/4utbSPFvhXxDK8GgaxZ6nJGMuttcRzFR77GOPxol4bcPx96WBj+IR4gxMvcjXPNf+FGeHf+f+7/76j/8AjdH/AAozw7/z/wB3/wB9R/8AxuvbKK5/+IdcNf8AQHH8Tf8AtvH/APP08R/4UX4c/wCf+7/76j/+Io/4UX4c/wCf+7/76j/+Irtn+JXw7jkaKXxRpSSI21lN7AGDehG+j/hZvw3/AOhr0n/wPg/+Lrs/4hpw/wD9AMfxOT/WPE/8/wA4n/hRfhz/AJ/7v/vqP/4ij/hRfhz/AJ/7v/vqP/4ivStI8YeE/EE72ug61ZalNGNzJbXEczBT3IRjxXSVzy8OOGo+7LAx/E6I57jpe9GqeI/8KL8Of8/93/31H/8AEUf8KL8Of8/93/31H/8AEV7dWXqutaPoNr9t1u+g0+2yF824lWJMnoNzkD9aI+HXDUvhwkfxLlneOj8VU57wh4Lt/B6TwWN5NNDOd3lylSqt6rhQea7WuH/4Wb8N/wDoa9J/8D4P/i66LSNd0XX7Y3uhX9vqMAYoZLeVJk3DqNyEjNff4HKqeXYaOGw1LlpxPAqYz6xU5pS5pGtRRRXcIKKp3t7ZaZayX2o3EdrbQDc8srBEVfVmbAArkv8AhZvw3/6GrSf/AAPt/wD4uuiNOUvhiYyqxj8UjuaK4f8A4Wb8N/8Aoa9J/wDA+D/4ur+neOfBWsXS2Gka/p99csMiKC6ilkI/3VYmj2FSP2QjXpS+0dTRRRXObBRRRQAUjdKWkbpQBDJVZ+9WZKrP3roMJFaSqclXJKpyV1QOWZUm61mTdK05utZk3Su6J51UoyfeplPk+9TK60eWz//U/auD+KtFKzoP4q0Ur6OqfJUjSjq5HVOOrkdcMj1KRcjqyvSq0dWV6VzHfAmX7tT1Av3anrnkbRCiiiszQxdf8P6H4p0q40LxHYQ6lp90pSWC4jWWJ1PZlYEH8q/C79sH9mmy+B3iOz13wqpbwprzMkCPy1pcrlmh3EnKsvzITyQGBztJb966+Cv+CiSK3wHtGZQWGt2mPb9zcV95wpmFfD5hSpxl7sviPhOLMvoYjL6tSUfej8J+H+yP0H5V9C/s3/HvXfgJ40TU7YNPoGoFY9TtByHizkSKDx5kfJU+hZcgMSPnuiv6axOGpYmlKhXjzRkfy9hsXVwtWNehL3on9S3hnxLonjDQrLxL4cu0vtN1GJZoJozlXRhkEfhW4yhl2tX4Y/sb/tNn4Q68PBHjG5x4P1aXiRzxYTuf9YMdImJ/eDoPvjB3B/3LimSeNZomDRuMgjvX8oZ3k1XLMT7OXw/Zkf1nkOc0szw3tI/F9qJ+DX7c3wv0L4d/Gtp9AtIrSw8SWiaj5MKBI452d45MKOPmZN5wOrGvjyysGv7uCwtkHnXMixpx/E7BVH5mv0d/4KU5/wCFh+EMdP7Kn/8ARxr4D8FZ/wCE18P/APYTsv8A0elf0Zw/XlUyqlUl8XKfzlxBQjTzerSj8PMf0o/DbwDoXwx8FaV4L8PW6W9pp0Kodg2+ZJj55G/2nbLMe5JNd3SL0pa/lCrUlUlKUviP6zpUo04xjH4Qr8F/26PiUvj/AONt3olq6vp3hFP7OjwBg3Gd1w2QTyHxGf8AcB9K/Zr4x/EC1+Fvwy8Q+OrggHS7V2hViAHuH+SFCT/ekZR+NfzQXl1c395Pf30hnubmR5pXb7zvIxZmP1JNfsfAeX81WrjZfZ92J+O8e5l7OhSwMfte9Ir7I/QflX7G/wDBOn4pnWvBmq/CrUZSbrw7Ibu0DEnNnctllXt8k24tzx5ij6fjnXuH7OXxPk+Enxh0DxdJIYrBpha35IBzZz/LIccfcOHx3Kj8P1DiLLfruX1acfi+KP8AiPyjh3MvqWYUqkvh+GR/SJXzH+2Nfrpv7Nvje4OD5ltDByM/6+4jiP6NX0xG6SKHQhg3cV8sftf+G9a8cfCu1+H+gKWvvE2s6dYoSflRfOE0kj4/gjSJnb2FfzDlHL9eoc3w80T+pc35vqNfl+Llkfz6NEn/ADzH/fNLsj9B+Vf0IeAP2PvgT4H0O30278NWviC8jUefeanElzJK+ACdrgooOOiqB65PNd6f2dfgP/0T7Qv/AAXW/wD8RX7bU4+wcZcsaUpH4dT4Bx0o80qkT+bLZH6D8qNkfoPyrr/H9tb2PjvxLYWkKQW9tql7FHGgwqJHOyKq+wArj2+41fq9OXNHnPyerGVOfILsj9B+VJ5af88l/wC+a/o80b9nr4GTaTZyS+AdDZzFGSTp9uc4GBn5K5jxn+x1+z94x02WyHha30adwNlxpii0lRh/FiPEbn/rorD2r8ojx9hObllSkfrEuAcdyc0asT5j/ZS8CaF8Y/2Qdd8Ba1bxzKNRvooGIUtBOYY5I5BkHBVnJ9xkdDX5DNb7GZJYwrJ8rfL/AB1+8X7IHw41v4Njx98MNaczDT9Viu7a4Awk9td26CORPTmNkZecOrcnrX4Yap/yFr//AK+Jf/QzXq8O4n2mOxcacuaPNGUf+3jzuJaEqeBwkqkeWXLKMv8At0pW1t9quYrWFA0kzrGvH8Tnav61/TV8K/hxoHwp8C6R4I8P26W8VhAiyMgwZp9o8yVvVnbLH3NfzYeE/wDka9F/6/7X/wBGrX9RV3d2un2st7eSLDbwKzyOxwqqoyST6AV8x4gVZfuKEfh979D6bw9pR/f15fF7p5/8U/ip4O+D/hWfxd4zu/Ito8rHGmDNPJ1Eca5GWP1AA5YgAkfiV8bP2w/ir8W7qexsb2Twz4dLMEsrOQo8iEg4nnXa0noV+VCOqZ5rkP2lfjlqfx0+ItzrJdk0DT3e30q3IICQAgeayknDzEB27gbVJIQV4boWi6r4k1ix8PaLbNd3+pSpBBCnLPJI21VH1JFfQcO8MUMDSjicXHmqf+knznEXFNfG15YbCS5af/pRmUV+5nwV/Ya+F/gfRbe6+IVhD4r8QyhXma4G+0ibAJSOI/K6g8bpAd3UBc4HuWvfszfAPxHaGy1DwJpMKspXda2yWkgGO0kARx+BrCvx3gadXljGUo/zG9DgHHVKXtJSjGX8p/OF/Er/AMSV9nfAT9tD4h/Cm8g0nxZcTeJvC2CphmcvcwAkHdBI5HAHAjY7eylck1f/AGrf2SJ/ggkXjHwjLLqPhK5cRv5h3TWUzfdWQ9WjY/cfsflbDFS/xDX2MfqOc4Pm+KMj46X9oZJjOX4ZRP6g/Cnirwv8SvCdr4j8PTRapo2rREglcqynKujqw6jlWVhwcgjtX5S/trfso6B4EsH+Lfw4sls9KMqR6jp8SHyoGkYKk0XZVZztZegJUKAM44z9g3433vgb4hxfDHV5ydA8WSBYVY/Lb34X92ygA/68Dy27lhGOgNfpv+1bGsn7Ovj0OMhdMkf8UIYfqM1+JRoYnIM5jQpy92Uo/wDb0ZH7hKvhs/yWVepH3o/+SyifzoeSnoPyr0X4VfE3xP8AB/xrZeOPCbrHdWrbZInz5dzbsR5kMmOzgcHnaQGA3AV5633qSv6Jq0o1oyp1I+7I/nCnXq0ZRqU5e9E/pm+EnxT8M/GLwPYeNfC0oaC5G2aInMltOuN8MgHRlyPqCGGVIJ9Or+dX9m39oDXPgJ40TUI2kuvD2pMI9TtABh48/LKuekkfJXpkEgkZyP6DvDniPRPF2h2XiTw7dx32m6jEs0E0Zyro4yCPwr+WuIshlllf3f4cvh/+RP6r4bz6OZ0Pe/iR+L/5I/Jz/goz8L9A0XV/DnxJ0e0jtrjWHktL8RoB5siKGikb1YqGUk9lUelfmRth/uj/AL5r9mP+Ck//ACTLwt/2GR/6TTV+M7fdb/dr9x4PryqZVS5j8M4wpxp5rU5ftcp/Qp+yF8N9I+HvwM8NyWtrFDqGv2kOp3sqgb5HukEiBiAMlEKr+Ga+oq85+Dv/ACSPwR/2A9N/9JY69Gr+a8wryrYmpUl/Mf0tl9KNHDU6cf5YhX5Df8FHviY19rugfCewfMGnJ/ad6ATgzzAxwKRwMom9iPSRTX60atqtjoml3es6nMsFnYwyTzSN0SOJSzMfYAE1/Mt8UPHF98TPiF4g8d3xYvrN28qhuSkIwkMeSTny4lVAe+M1+h8DZf7bHSxMvhp/+lH57xzmH1fAxw0fiqf+knCbI/QflX6Pf8E6/iedB8b6r8Lb6QCz8Qx/abQYAIvLZSZFzkffi5PH/LMDuK/OKui8HeKdU8D+KtK8X6K5S90i6iuYsfxGJw+0/wCy2MH2Nft+b5fHG4OrhpfaPwjKMwlgsZSxP8p/UlRXL+DvFel+OPCmleL9Fk8yy1a2iuYj6LKoYA+4zg+9dRX8fyjKMuWR/Y8ZRlHmiQzQx3CNFModGGCrDIIr+eL9rX4caN8M/jpruh6DbJb6ZdCO/toVUqI0uly6qOgVZVcKB0UAe9f0R1+HP/BQ/H/C+4Mf9ASz/wDR1xX6bwHXlHMJUvsyifl/HlKMsvjU+1GR8H+SnoPyr9vv+Cfvwz0jw38HovH5tEGseKZp2acqN4treV4Y4wcZ27kZ/wDgXsK/ERfvV/Qx+xz/AMm1eB89fs0//pVNX3/HleVPL4xj9qX+Z8BwJSjUzCUpfZj/AJH03RRRX83n9JBRRRQAUjdKWkbpQBDJVZ+9WZKrP3roMJFaSqclXJKpyV1QOWZUm61mTdK05utZk3Su6J51UoyfeplPk+9TK60eWz//1f2rg/irRSs6D+KtFK+jqnyVI0o6uR1Tjq5HXDI9SkXI6sr0qtHVlelcx3wJl+7U9QL92p655G0QooorM0Cvg3/gol/yQa1/7Ddp/wCiZ6+8q+Df+CiX/JBrX/sN2n/omevqOHf+RlQ/xHzPEX/Iqr/4T8Pa09V0LVdCNodWtnthfW8V5blx/rbeYZSRT3Vh0I4NZq/er9mrb9njRvjz+yP4CitkjtPE+l6RA+nXhAB3YG6GQ4z5b4x/snBGRkN/S2a5vSy72Uq/wylyn8y5Rk1XMfaxp/FGPMfjJX6r/sNftQk/Y/gj8QLn0j0S7lb8BaMT+Ah/FB/AK/L7XdC1jwxq934f8QWkllqNjK0U8Mo2skiHBBrNimeGRZ4WKOhyrKcMDV5rltDM8N7Cr/27IwyrMq+WYn29P/t6J+kH/BSnP/Cw/CGOn9lT/wDo418B+CM/8Jv4c/7CVl/6PSvQvi78aNd+MWneFG8UhptX8PWUllcXRI/0kCTKSMMfe2/eOfmYk8ZwPPfBGf8AhN/Dn/YSsv8A0elYZVg6uDyyOGqfFHmOvNcXSxmayxNL4Zcp/UWvSlpF6VXurmCyt5Lu5cRxQqXdmPCqoySfoK/kU/rw/LL/AIKQfE4xxeHvhJp8pUy51W+AI5QbooFPfBPmEj1VT9fzV+G/gy9+InjvQvBGn583WbuKAsTjZGW/eP8ARE3MfYV0Pxu+IsvxW+KXiLx0zHyL65cWwYk7baP5IAc9xGqg+5r7O/4Jy/Db+2PG+t/Ey+j3W+gwfZLUk9bm65dgPVI1wfaSv6ipR/sTI+b7UY/+TSP5bqS/t3POT7Mpf+SxPkz9ov4XL8Ivi/rvg61jKacJBc2G47s20/zKN3GdhyhPcqe+a8Pr9gP+Cjnw0/tLwxoXxTsIi02jS/Ybwg8fZ5/micj0SUbR7yfn+P8AXq8P5h9ey+nXl8Xwy/xHj8RZf/Z+YVaUfh+KJ/QB+xj8VB8TPgjpcV/P5mr+GwNMu9zZZhAoEUnQE7oiuT3cNX1XNa29xJDNKgZ7Zi8ZI+6xUrkfgxH41+Gv7BfxTHgb4xL4T1GYppnjFPsgyTtW8jy9uxHqx3RAY5Zx6V+6dfz7xTl/1HMJRj8Mveif0RwtmX17L4yl8UfdkFI3SlpG6V8UfaH8wHxH/wCSieK/+wvqH/pTJXEt91v92u2+I/8AyUTxX/2F9Q/9KZK4lvut/u1/bWF/hQP4ixP8aX+I/qh0H/kCaf8A9e8P/oArVrK0H/kCaf8A9e8P/oArVr+KqvxH9tR+AhWCFJ3uVQCWRVVm7kJkqD9Nx/Ov5YtU/wCQtf8A/XxL/wChmv6o6/lc1T/kLX//AF8S/wDoZr9p8PPir/8Abv6n4p4ifDhv+3v0L3hP/ka9F/6/7X/0atfut+2/45uPBX7P+rxWbmO58Qyx6UjBiCFnDNMOOzQpIv4ivwp8J/8AI16L/wBf9r/6NWv1k/4KVTyjwR4PswcRyalNIRkffSEhP0d/yr6biChGtm+BjL+9+h8vw7XlRyjHVI/3T8fK+8/+Ce3g208Q/Gq58RXyKV8OadLNCCBkXEzLEp59Y2k/yK+DK/Tj/gmjNbjxZ45hP+tksrIp9Fkmz/MV7/E9SVPKq8onznC1KNTNaEZH6+UUUV/Jh/XJyPjrwhpfj3whq/g3WkD2er20lu/HK7h8rj/aRsMp7EA1/MVrOlXWh6vfaHfDbc6dcS20w9JIHKOPwIxX9UdfzZftF2kVj8efH9vCu1W1u9f/AL+TFv61+0+H9eXtK9D7PxH4n4hYaPsqFf7Xwnkumald6NqNprNi5judPnjuIWH8MsLB0P4MAa/oJ/aG1mHxD+yr4q8QQLti1PQjcoD12Txhx+hr+edvuNX7yePllX9hKRLj/Wf8IdZbv/AeKvpOLqcfb4Sr/e/yPnOD6svYYul/d/zPweb71aVzour2mlWeuXFq8Wn6jJLHbzMv7uRodpkVT3K71z9RWa33q/W/9lX4R+F/jR+yZqPgvxOpRZNZvJbe4QDzba4WOHZKufTuMjcuVJwTX2mb5rHLqEa9T4eY+HybK55jUlQj8XKfkfX3V+xv+08fhFrY8C+M7lj4R1aX5JXIxp075/eEnGInOA/OFJ38Ddn5V+Jvw48S/Cfxlf8AgjxXBsvbM5SQAiOeJs7ZI2IGVbnnsQQcMCB5/W+Lw2GzHDezl70ZGGExmJyzGe1j7son7Jf8FIpFk+F3hVoyCG1cEEf9e01fjW33W/3a9v8AEvxt8QeMfg1o3wn8SBro+Gr+OfT7ok7xaLA8X2d89fLLAoc8KduAFXHiDfdb/drzeH8vq4DB/Vqv2ZSPV4izKlmGM+s0/tRif03/AAd/5JJ4I/7Aem/+ksdej15x8Hf+SSeCP+wHpv8A6Sx16PX8qYn+NL/Ef1hhP4Ef8J8M/t8fE3/hCvg2fCdjKF1HxhN9kAABZbWPD3DgE8gjbGRjpJnsa/DWC2nu7mO1tUMk0zLGiD7zMxwor66/bb+Jg+Ifxw1Gxs5d+meFl/syDGCDKh3XLcd/Nyh55CLVb9iv4bH4h/HfSLi6hMmm+GwdVnJAK+ZBgQLz3EzI3uFNf0fklCOVZL7ap/ikfzRn1eeb5z7Cn8PwxM39p74Av8C9V8LQRhjbatpEBmcnKm/t1VLsL043MrD2fHavlyv3u/bg+GI+IPwO1DU7OLfqXhZhqcJCksYogVuBx2ETO/1UV+CNelwtmksfgeap8UfdkcPFOVRwGO5afwy+E/ZL/gnX8UjrvgrVfhbqMu658OyG6tASSTZ3Jyyj/cm3Fv8Aroor9Iq/m+/Zv+J8nwk+MGgeLJpBHpxl+yX+QD/o1x8jHt9w7ZMdygFf0eo6soZTuVu9fjXGWW/Vcw9pH4anvf5n7TwVmX1rL/Zy+Kn7v/yJJX4c/wDBQ7/kvdt/2BLP/wBHXFfuNX4c/wDBQ7/kvdt/2BLP/wBHXFacEf8AIz/7dkYcc/8AIq/7eifCS/er+hn9jrP/AAzV4Gz1+zT/APpVLX88y/er+hn9jrP/AAzV4Gz1+zT/APpVLX3/AB9/uNL/ABfoz4Dw/wD99q/4f/bkfTVFFFfzqf0WFFFFABSN0paRulAEMlVn71Zkqs/eugwkVpKpyVckqnJXVA5ZlSbrWZN0rTm61mTdK7onnVSjJ96mU+T71MrrR5bP/9b9q4P4q0UrOg/irRSvo6p8lSNKOrkdU46uR1wyPUpFyOrK9KrR1ZXpXMd8CZfu1PUC/dqeueRtEKKKKzNAr4N/4KJf8kGtf+w3af8AomevvKvg3/gol/yQa1/7Ddp/6Jnr6jh3/kZUP8R8zxF/yKq/+E/D5fvV/Rr+y5/ybx8P/wDsE29fzlL96v6Nf2XP+TePh/8A9gm3r9e4+/3Ol/iPyHw8/wB8q/4f1PB/2zP2X/8AhamkH4geB7UHxdpcR82FBg6jAg+5j/nqgH7sjJb7hyNpT8QmV4mZGUqyfKytX9WdfkB+3j+zhHoF4/xs8GWpFjfSbdZgjXKRTucLdYA4EjELJ/t4bBLMR4fBvEXLKOX4mX+H/wCR/wAj2OMuHeaMsww0fe+1/wDJH5lV1HgjP/Cb+HP+wlZf+j0rl66jwRn/AITfw5/2ErL/ANHpX7jX/hyPwyj/ABYn9Ra9K+O/23/iafh78D9R06yl8vU/FLf2ZBgkERSDNwxx28oMnXgutfYtfhT+3p8Tf+E3+MreF7CUvpvg6L7IoBO03UmHuGAPQg7YyMdY/ev5Z4Wy/wCuZhHm+GPvH9UcU5h9SyyUo/FL3T4hr9Dv2ff2y/A/wO+Gll4Hj8J3t5dpLLPd3CTxqs1xM33guO0aonOPu9ea+KPh18N/F3xT8Sp4R8D2Qv8AU5Ekl2NIkS7VxuJZyqjr619Cf8MM/tL/APQsQ/8Agws//j1f0Dm/9mVo/Vswqxj9r4uU/n3Jv7Vw8vrOX0pS+z8PMfRPxJ/b18AfEnwJrvgXVvBeoC21m1kt9wuYR5cjD5JOvWN8OBg8rxnjP5d19d/8MM/tL/8AQsQ/+DCz/wDj1eOfFH4JfEn4NS2EXxF0oab/AGoJTARNDMH8rbv+aF3AxvXrjrWGTRyjDfuMvqx977PNzG+cyzfFfv8AMKUvd+1y8p5jp1/d6XfWuq6bK0F3ZSJNDIv3kkjYMrD6ECv6XPg78QrT4qfDTQPHdoVB1S2V5UUgiOdMpNHkE/ckVlz3xmv5ma/VP/gnD8Uws2v/AAh1Of73/EzsFdvTbHOijH/XMgZ/vH0rxON8t+sYH6zH4qf/AKSe5wNmX1fHfVpfDU/9KP1hpG6UtI3Sv5rP6WP5gPiP/wAlE8V/9hfUP/SmSuJb7rf7tdt8R/8Akoniv/sL6h/6UyVxLfdb/dr+2sL/AAoH8RYn+NL/ABH9UOg/8gTT/wDr3h/9AFatZWg/8gTT/wDr3h/9AFatfxVV+I/tqPwBX8rmqf8AIWv/APr4l/8AQzX9Udfyuap/yFr/AP6+Jf8A0M1+0eHvxYn/ALd/U/FPET4cN/29+he8J/8AI16L/wBf9r/6NWv2R/4KLeG5dT+DWl69ACTo2rwvIfSGaKWI/wDkQpX43eE/+Rr0X/r/ALX/ANGrX9K/xQ8Caf8AEz4fa74E1IhYtZtmiDkA7JRh4pMHg7JFVgO5FezxZi/qeYYSvL7PN+h4vCOD+t5fi8NH7XL+p/MTX2x+wP44g8J/HiLSb2VY4PE1lPYAscL56FZ4z9cRMo92r5G8VeG9a8GeIdR8L+IoDa6npczQToecMvII9QwwVPQggjgis3TNT1DRdRtdX0qdre8sZUmhlQ4ZJI2DKy+4IyK/Rsdho47ByofzRPzbL8TLAYyNf+WR/VPRXxN+z7+2V4B+J2jWuleNNRtvDviyFESaK5fyYbl8cvBI4CEsQSI9xdc4+YfMfsV9Z0mK0+3yXkK2wG7zTIoTHruziv5GxmX4nCVfYV48sj+wMJmGGxlL29CXNEuyyRxRtLKwVU+Zi38NfzGfFHxLF4x+JfinxZC++HV9TvLmL2iklZkH4KRmv1D/AGvP2xPC9t4av/hh8KtRXVdS1eKS3vb+2fNvawONrxxyL9+RwSCV4UZ+YOOPyCr9y4IyirhaUsTXjy83wn4Rxzm9DFVY4ShLm5fiNnw5oF/4p1/TfDOmIZLvVbmK0hHq8zhFH4kiv6Bf2ktMttD/AGX/ABjolp/qLDRGt4geyxoEQfkBX59/8E//AIIXXiTxjJ8XtctiNI8PF4rASKf315IhV2GRgrEjf99MCDlSK/Rb9qrH/DO/j7P/AEDJv5CvH4nzCNbN8Nho/wDLuUf/AAKTR7PC2Wyw+UYnE1f+XkZf+A2P50G+9X7i/wDBPDP/AAoKX/sM3n/ouGvw6b71fuL/AME8M/8ACgpf+wzef+i4a+r43/5FX/b0T5XgX/kZ/wDbsj1L9pv9nfRvjx4Me3iVLTxLpil9Mu+nzYO6GTHWNxweu1sNg4wf5/df0DWPC+s3fh/xBaSWWo2MrRTwyrtZJEOCPzr+p6vzx/bk/ZxXx34ff4seEbcDxDocX+mwovzXtmo7Y6yxYBXuUyvJEYH5/wAI8RfVav1HEy/dy+H+6ff8YcO/Wqf17DR/eR+L+8fizTW+63+7Tqa33W/3a/og/nE/pv8Ag7/ySTwR/wBgPTf/AEljrM+OXxFh+FPwr8Q+OHYefYWz/ZlJAD3MnyQKc9jIVBrT+Dv/ACSTwR/2A9N/9JY6/OL/AIKP/E7zbrw98JNNn+WP/ia36o3f544EYY/66EjP933r+Tcqy/69mvsPs83vf4T+uM1zD6llXt/tcvu/4j8s7m5nvJ5bq5cyTTMzu56sznLGvs79lr9pnwZ+z1ousxX/AIautW1bWrlGkuI5o0RbeFCIo/mBbIdpCT/tAY4yPknw14b1fxd4g07wxoEH2vUdUnS2gjyF3SSNhRlsAZJ719P/APDDP7S//QsQ/wDgws//AI9X9IZvLL6lL6tjqsYxl/e5T+b8ojmFOr9bwNKUpR/u8x9cXX/BSLwTd2stpc+Bb6SKYMjKbmHBDY3DgE+vb8u/5M6odNOp3TaLHJBYNM5t0lbfIsO47A7d224z719Xf8MM/tL/APQsQ/8Agws//j1edfEv9mz4yfCTQI/EvjvRBY6dLOtusiXME5EjqzAEQyPjhT14rysojk2Dly4KrHml/e5j1c3nnOMpc2OpS5Y/3eU8Jr+gP9jP4pj4m/BHSVvJvN1bw8Bpl3ubLN9nUCKQ8DO6Ipk/393av5/K+5P2CfiofBHxgHg++lxpnjGP7Nyx2peRZe3bAyPmy8Y9Wdaz4uyz65l8pR+Kn73/AMkacH5n9TzCMJfDU93/ACP3Qr8Of+Ch3/Je7b/sCWf/AKOuK/cavw5/4KH4/wCF9wY/6Aln/wCjrivyXgj/AJGf/bsj9b45/wCRV/29E+El+9X9DP7HWf8AhmrwNnr9mn/9Kpa/nmX71f0G/sfahZR/s3eCIpJ0DLbTZBYE/wDHzLX3/H3+40v8X6M+A8P/APfav+H/ANuR9TUVnf2rpn/P5F/32tcL4y+MHwy+H+nTan4t8SWWnpChfy3mBmcDnEcS5kc8dFUmv59pUKtSXLTjzH9C1a9KnHmlI9Lor5t/Z0+K2pfGrTPEnj942tNHk1SSz0uBxhha20UeJGPdndmLAZA4UE4yfpKrxOGlh6sqFT4omeGxMcRSjXp/DIKRulLSN0rkOohkqs/erMlVn710GEitJVOSrklU5K6oHLMoTVQm6VpzdazJuldUTzqpRk+9TKfJ96mV3o8tn//X/auD+KtFKzoP4q0Ur6OqfJUjSjq5HVOOrkdcMj1KRcjqyvSq0dWV6VzHfAmX7tT1Av3anrnkbRCiiiszQK/Nr/gpF4utLT4deHfBEbr9t1LUftezPzCC2idGOP8AelWv0lrwfxp+zV8F/iJrkniXxv4fOralKFBkmvLoBVQkhVVZVVVyTwoGc819BkmLoYTGRxOJ5uWP8p4GeYSvjMHLDYbl5pfzH84dfvv+xD420zxZ+z9oWm28qm+8O+Zp11GGyUMbFou5PzRFDn1z71tf8MXfsyZz/wAIVF/4GXv/AMfruPAP7Pfwj+F+rPrXgDRG0e7kXZI0d5dOrrg8Mkkro2M9SufevvOIuJcDmeD9hGMoyj73T/M+A4d4Yx2VYn28pRlGXu9f8j2usjXtC0rxPot74f1u3S70/UYXgnicZV45FKsp+oNa9FfkcZcvvRP1uUeb3ZH80Hxq+GN/8IPiXrfgK7YyxWM2+1lOP3trJ80LcEjIU4ftvDAdK5LwR/yO3h7/ALCVl/6PSv6J/iH+z/8ACD4ratBrvxA8Ox6rfW0It45TNPCyxKzOF/cyJnDOx59a4m0/Y7/Zv0+7gvrLwbFDcWzrLE4u7slHjbcrDMxGQRnkV+90OOcN9WjGvGXNy+X+Z+EV+BMT9ZlVoSjy83n/AJHR/tCfGfSPgj8ONQ8UXUsZ1SZGg023ZgGnunB2AA8lV+++OdoOOcCv5zb++vNVv7nU9Rla4uruRppZH+88kjbmY+5JNf0eeO/2dvhD8TtXXXPHmiPrF4ibEaW8uwqJ1wkazKi8+iiuK/4Yu/Zkzn/hCov/AAMvf/j9fOcO8QZZlVCUZRlKpL4tv8z6PiPh/MM1rx5ZRjTj8O/+R8O/8E1dO0qTxx4z1SZ1Go29hawwp/EYZ5HaY/TdFHX7C14J4P8A2Zfgl4A1yHxL4M8PHSdTt9wWaG8u87XILKymYqy8DhgRxXvdfJcQZhTx+OliaHNyy/mPruH8tq4DAxw1fl5o/wAoV8G/8FDND0vUPgbFrN0FF7pep2zWzHqxm3Rug9tpLn/cr7yryr4ifBb4b/Fg2w+IWlNq8dnzFG1zcRRo3PzbIZEBbBIycmvNyjGRweLpYmr8MT0c3wc8XhKuGp/FI/mgrt/hx471n4Z+OdG8daET9r0mcShCxRZEIKSRsQc4dCyn0Bz1r92v+GLv2ZM5/wCEKi/8DL3/AOP0f8MXfsyZz/whUX/gZe//AB+v22rxzllSMqcqUuWXp/mfiFLgTMqco1I1Y80fX/I9q+HPxC8N/FHwhp3jTwrci4sL+MOP70b/AMUbjsyNlWHYgiui13WNP8O6Pe6/q0ogs9OgkuJnPRY4lLsT9ADXn/w6+Cfw1+E8ly/w90t9HS8wZolu7mWF2HAYxyyuu7HGQM44rpPG/gHwt8R9Dfw34wtXvdMlIMkCTzQB8HIDGF0JHsTivwur9W+s/uub2f8A5Mfu1L6z7D95y+0/8lP5lNc1N9b13UdbkXa2oXU1yw953Ln+dY7LuVkr+hP/AIYv/Zn/AOhKi/8AAy9/+P0f8MXfsyZz/wAIVF/4GXv/AMfr93jx5l8fd9lL8P8AM/BZcA5hKXN7WP4/5Hqvwa8XWXjr4WeF/FNhIJE1CwhdyCCFmUbZk4/uSKy/hXp1ecfDz4U+A/hVZXGl+AbB9Ls7hzI8AuJ5o/MPVlWaRwpIAztwK9Hr8BxMqUq8pUPhP6Bw0asaEY1/iOW8Z+KdO8E+FNX8WavIIrTSLaW5kZuBiJS2PxxgV/LxPK9xPJcy/elZnb/gRzX9OPj/AOGXgv4oaWmh+OLF9S09GD/ZxcTwRsykEFhC6bsEdCce1eN/8MXfsyZz/wAIVF/4GXv/AMfr9D4Yz7B5VSq+0jKUpf13Pz3ifh/GZrVpeylGMY/12P5+9PvG07UbTUYxua0nimUe8bBv6V/UV4a8Qad4r8P6d4k0eUTWWqW8VzC4/iimUOh/EEV88/8ADF37Mmc/8IVF/wCBl7/8fr2nwJ8OPCPwz0b/AIR3wTZvYaYpLJbtcTzohYljt853Kgk5wCB7VHE+fYPNY0vYRlGUf67hwtkOLyqVSNeUZRl/XY+Xv2r/ANk+x+N1kPFnhPy7HxlZR7FZ/ljv41xiOU9FdR9x/orHbgp+JHifwn4j8E63P4d8WadPpeo2xG+G4QqSDyGB6Op7MpIPYmv6kq4fxr8OPAnxHsBpnjjQ7XWYEIKi4jDOhHdH+8h91INLIeLquAj7CvHmp/8Ak0Qz7g+hj5e3oS5an/ksj+YOl3P5ezd8v93+Cv3E8Q/8E8/gNq8rTaW+raNnO2O3uleIfXz45ZD/AN91g2H/AATf+DsMvmXuu63cp/dEtun/ALQr9RjxvlUo83vf+An5dLgXNYy5Y8v/AIEfizxt/wBmvsj9nf8AY88b/GC9ttc8TwT6B4Qz5huJF2T3a5xttlYHgjOJGG3uobBFfq34A/ZO+A/w6uI7/RfDEV3fxEst1flruVWPdfNJVD7xqtfSFfI5rx3zR9nl8eX+9I+xyrgP2cva5hLm/uxOd8MeGND8GaDZeF/DNolhpmnRCKCFM4Vfx5JJ5JJJJyTXzX+234p0/wAN/s7eI7e5cCfXDDp1spON7zSAyDtyIVkb8K+tq8i+IfwL+F/xYvLa9+IWkNrD2ausCvd3UUab8biI4pUTccD5sZ96/K8vxNKnjI18TzcsZcx+qZhhqtTByoYbl5pR5T+aiv2J/wCCb/jbT7vwN4g+H0rhb/Tr036KerwXMaR5HrsaP5vTcvrX0R/wxd+zJnP/AAhUX/gZe/8Ax+t/wt+y58DfBOtweI/CPhxtJ1O2JMdxBe3gYBhgqczEMp9GBFfqOd8U5fmOElhuWUZfL/M/L8h4UzDLsZHE80ZR+f8AkfQlNYblp1Ffip+0H8/n7YnwWh+D/wAWJ20eAQ6B4hDXtkFHyxMW/ewjk4CN90dkZO+a+TG+63+7X9NXxH+EPw5+LdtZWnxC0dNYh093eAPJLFsZxhjmJ0POB3/lXlH/AAxd+zJnP/CFRf8AgZe//H6/dMt45oUcNGliYylKP9dz8IzLgavWxkquGlGMZf12Oo8PeO/Dfwz/AGd/DfjLxZcrbadp3h/T5HOcs7fZU2xoO7O2FQdyQK/AD4k+O9W+J/jnWfHeukm71edpdhYsIowAkUSlsnEcYVQe4Getf0LeLfgF8KfHWlaVoXivRnv9M0OCO3s7U3d0kMSRJ5afLHKu5ghxubLe/WuA/wCGLv2ZM5/4QqL/AMDL3/4/XzmQ59l+XSq16kZSqS9Ph+8+j4gyHMMxjToUpRjTj6/F9x+Vn7C2madqH7R+hPqJBNrBeTwKx+9OsDIBj2Rmf/gNfvtXzZpP7Iv7PWg6lbazofhX7Bf2ciywzw316skbocgq3n19HooVQvPy+teHxLm9DM8TGvQ5vh5fePoOGMor5ZhpUK/L8X2SSvnz9qfRNJ1/9n3xxaau6RxwadNdRM44E9qPPiH/AAJ0UfQ19B1wvjz4ceD/AImaN/wj/jWyfUNNLK5t1uJoEdlIYbvJdCwBGcEke1fM4GvGjiaVSf2ZH02OoSrYarTj9qJ/MLVqwvrzSr+21PTpWt7q0kWaKRPvJJG25WHuCBX9A/8Awxd+zJnP/CFRf+Bl7/8AH6P+GLv2ZM5/4QqL/wADL3/4/X71/r9l/wDz6l+H+Z+Bf6g5hH/l7H8f8jp/2d/jZpPxw+HVn4kgdI9WtlSDU7VTlorkLycdQjkFkPpkZ3KwH49/tueKbHxP+0Rr39nuJYtIjg04uBjLwrvlGMdUkd0P0r9iPB37N3wb+HmpvrXgfRJNEvZIzE8lvfXYDxsQ2GVpWRhkDqDXKy/safs2TSvcTeDkklkOS73l6ST6n9/XwGUZvluAzCriYxlyy+GOn+Z+hZvlGZZjl9LCSlHm+1LX/I/ntp23/Zr+g/8A4Yu/Zkzn/hCov/Ay9/8Aj9H/AAxd+zJnP/CFRf8AgZe//H6/Q/8AX7L/APn1L8P8z86/4h/mH/P2P4/5H89m3/Zp6r833a/oQ/4Yu/Zkzn/hCov/AAMvf/j9H/DF37Mmc/8ACFRf+Bl7/wDH6z/1+y//AJ9S/D/Mv/iH+Yf8/I/j/kRfsX+Hl8P/ALOPhNGGJb5J71zjGftE7yJ/44Vr6orG0DQdK8L6LY+HdCtxa6dpsKQQRKSQkUahVUE5OAAB1rZr8Fx2J+sYmrX/AJpcx+/YHDfV8NSofyxjEKRulLSN0rgO0hkqs/erMlVn710GEitJVOSrklU5K6oHLMqTdazJulac3WsybpXVE86qUZPvUynyfepld6PLZ//Q/auD+KtFKzoP4q0Ur6OqfJUjSjq5HVOOrkdcMj1KRcjqyvSq0dWV6VzHfAmX7tT1Av3anrnkbRCiiiszQKKKKACiiigAooooAKKKKACiiigArxn42618VvC/g698UfCyDT9RvNMiaeWxvoZXM8cY3P5TRTRnfgfKuDuOBx39mpG+6a6KFX2dSMuXmMa9L2lKUeblPxV/4eQ/GXp/YWg/9+br/wCSaP8Ah5H8Z/8AoX9B/wC/N1/8k18T/EXT7fR/iD4o0m2Xbb2OqXtvGvokU7ov6AVg6Jpkmta3p2iWzrFNqNzDaxs5+UPO4Rc/ia/qePD+USj7X2ET+U5cRZvGr7L28j72/wCHkfxn/wChf0H/AL83X/yTW1pP/BSf4jxSp/bvhLS7uIH5ltZJrU4/3pGuP/QayJ/+Cb3xiSN3h8Q6FIw+6vmXIz/5Ar5I+KvwU+IfwY1WLTPHumNai5JEFwhEltPtAJ8uRe4yMg4I4yBkV4+GwPDmMl7OhGMpHs4nHcS4OPtK8pRifs18HP21fhP8WL6DQLxpPDOu3LlI7a9ZPLlI6CKdTtYnsCFY9lPOPsWv5S6/az9hL4/an8R/Dt98OfF1y91rfhxFlguJDmS4sydp3Hklom2gseodc5YEn4fiThSOEp/W8J8P2on3fDHFssbV+qYv4vsyP0Iooor8gP14K+Lf2uP2ntW+AMWg6d4TtLO/1nVmklkS8WRkjtoxt3YjZDlnOF+bGFbjivtKv50P2o/iYPit8a9f8QWk/m6dZyGwsOTt8i1JXcuSeJH3SD/er7/hHKI5hjv38eaMT4Hi7N5Zfgf3EuWUj6E/4eR/Gf8A6F/Qf+/N1/8AJNfe/wCyb+0Ve/tAeF9XufEFvbWWu6Ncqk0FqCsRgmXdFIod3b5irryf4c96/n/r6p/Y5+KbfDD43aU13OY9I8Qn+yrsM2FBuGHkv0PKyhMnspbviv1XPOGMHLA1ZYSlyyj7x+T5DxTjI46lHF1OaMvdP6C6KKK/ms/pYytaj1mXTJ08PzwW9+VPkvcxNNEG7bkR42I+jCvyJ8X/ALfHx/8AA/ifU/CHiDw3oMGpaTPLbThYbpkLoSuVP2n7vGR61+xdfgN+3RYwWP7SXiOS3UL9sgsJW/3haxp/7LX6VwZhsNisTLDYmlze7zH5lxlicTg8NHE4ary+9ynp3/DyP4z/APQv6D/35uv/AJJr73/ZZ+K/xb+NXhqbx142s9K0vRZJXgso7OGYTzmIkPIzvO6hA3y8ICWVugAz+AC/er+i/wDZWs47H9nnwFBCMK+mQzH2efMr/wDjzGvquMMtwOCwcZYalGMpSPluD8yx2PxcvrNWUoxifQlFFFfhZ+7Hyd+1J8Uvi58F/DCePfA9npeqaNDIkV7HdwTmeASEKkgeOdFKlztOVyCV6jOPgX/h5H8Z/wDoX9B/783X/wAk1+mP7T1jFqP7Pvj6CbkR6RdTjv8APAhlT/x9RX847da/ceD8vwONwkvrNKMpRkfhvGGZY7AYyP1arKMZRP0l8Kft9/Hzxn4k0zwpoXhzQZtR1eeK2gQw3QAeRto3f6T05/8Ar1+u2iR6zFpluniCeC41EKPOe2jaKIt32o7yMB9WNfgp+xDp8GoftLeFvtC7kt0vZR/vLaTAfzr+gKvmeM8NhsHiY4bDU+X3eY+l4NxOJxmGlicTV5ve5Tz74jH4lQ+Hp7z4XHTpNZgVmS31OOVoZ8dEDxSIY2PZiGHqO4/KTV/+Chnx50DVLnQ9a8L6LZX1lI0U8MtvdLIkiHDKwNz69uK/Zyvy7/4KAfAGPUNOHxw8LW2L2z8uHWEQEmWD7kVxgA5ZDtRj3Xb0CHPHwxVwNSv9Ux1KMub4ZHXxTSx0aH1vA1ZR5fiieMf8PI/jP/0L+g/9+br/AOSa+oP2Wv2nvi3+0B4wv9L1ay0fTNK0iBZ5zBDOZ381tqKu+cqPutk4Pbj0/Favqb9kH4v2/wAIfjHZXusTCHRNdQ6deu33YllZTHLwDjbIq7j2QseuK/XM34awccDVlhKEfacp+SZNxLi5Y6lHF15ez5j+g6vKfjR4k8WeDPhrrvjLwcbM3uhWst8Y72N5IpYoFMkiYjkjYMVB24PXAPBr1RTuWvgL9vv4wQeDvhqnw202UHV/F+EkAIJisEOZH/4GQIwCOQWx901+A5RhJYrHUqEY83vH9A5vi44XA1a8pcvunyn/AMPI/jP/ANC/oP8A35uv/kmuz+H/AO3H+0X8TfFVn4M8JeFtCudQvScExXapGn8UkhE52queuPbBJAP5h1+837Gf7P6fCH4fp4g1+2KeK/EiLNdbwN1tAQDHbDHTH3pB3bg5CKa/bOIMJlGWYb2nsI80vhPxDh3GZvmeJ9l7eXLH4j620KPXY9Ktk8Sz29xqW0ee9rE0MJfvsR3kYD6sa2KKK/nqcub3z+iIx5fdCiiisywooooAKKKKACiiigAooooAKRulLSN0oAhkqs/erMlVn710GEitJVOSrklU5K6oHLMqTdazJulac3WsybpXVE86qUZPvUynyfepld6PLZ//0f2rg/irRSs6D+KtFK+jqnyVI0o6uR1Tjq5HXDI9SkXI6sr0qtHVlelcx3wJl+7U9QL92p655G0QooorM0CiiigAooooAKKKKACiiigAooooAKRulLSN0oA/mO+Lv/JWPG3/AGHNT/8ASqSs74e/8lA8Lf8AYW0//wBKI60fi7/yVjxt/wBhzU//AEqkrC8GX1rpXjHQNTvpPKtrPUbSaZ8bsRRzq7nH+6DX9nx97CR/wn8XS93F/wDb36n9Ry9K+Sv23dC0bWP2cfE9zqqKZdLNrc20jf8ALOb7RHHke7K7J/wKppf23P2Z4omk/wCEv3bP4RY3uT/5Ar89P2tP2vLL4zabF4C8BQTW/huOVJ7m4uF8uS7aPlEVP4Ylb5/m+ZmCnC7ef5vyHIcwljqUpU5RjGXN73un9H57n2Xxy+pH2sZSlHl933j4Gr7P/YInuIP2itOjgJKT2F9HKf8AY8syD/x9Fr4wr9U/+Cc/wj1KG71f4x6vbGG2lhbTtPLjmUF1eeRefugqqA4wTvHUV+6cS4mnRyyv7X7UeU/COGMNVrZrQ9n9mXMfrDRRRX8mH9cnzh+1X8TP+FWfBLX9atZhFqV/H/Z1keN3n3QK7lyRzGm6Qf7v0r+dj7q/7KV+i3/BRL4mr4h+IOl/DbT5d1t4ZiFxcgYP+mXS5APf5IdpU/8ATRh9PlL9n34dyfFP4weGvBzoXs5rpJrvAH/Htb/vZRz03ohUH1I+tf0pwnho5flX1mp9r3v+3T+aeK8TLMc1jhKf2fd/7ePN/E/hbXfB2rnRfEVsbS9EME+wj/lncRLNGfxRwfxrBV3Vt6MVb+8tfqZ/wUe+GKwXPhz4radBhJh/ZV6VXuu+aBjz/wBdAxx/d96/LKvscmzCOPwkcT/MfHZzlssuxksMf0c/s1fE8fFv4PaB4rnkEmopF9lv+CP9Jg+Vz3++MPjsGFe91+Mv/BO34o/2D461P4YahKFtPEkZubQEDi8tlJdRyPvxZJPP+rAr9mq/mXiLLPqWYVacfh+KJ/TvDmZfX8vpVZfF8Mgr8Ev28/8Ak5HWfT7FYf8ApOK/e2vwS/bz/wCTkdZ9PsVh/wCk4r6fgT/kZS/w/wCR81x5/wAi2P8Aij+p8cr96v6Pf2Y8f8M/+AP+wNaf+ixX84S/er+j39mPH/DP/gD/ALA1p/6LFfY8ff7nS/xHxfh7/vlX/Ce7UUUV/Ph/QZ4n+0h/yQP4gZ/6Al//AOiHr+bev6SP2kP+SB/EDP8A0BL/AP8ARD1/NvX9B+H/APu1X/Efz54h/wC90/8ACfYP7CX/ACcr4e/69r//ANJZK/fOvwM/YS/5OV8Pf9e1/wD+kslfvnXx3Hf/ACM4/wCH9WfacBf8i2f+KX5IKztV0rT9c0y60fVIFuLO+ieGaJxlXjkBVlI9CCQa0aK/LfhP0/4j+bT4/fCK++CfxM1PwdMHNiWM+nTMCBLZyE+Wfcrgo2ONynHGM+LV+9H7aXwOX4sfDKXXNFtvM8R+F1kubXaAHngwDPBk8ksqhkHdlAGAxNfgvX9X8NZv/aODjKXxR92R/JXE+Uf2djpRj8Mveiftl+yL+0tpGu/BjUYPHt8LfUfh/bFrqWU4Mtgi/u5csSWYY8tu5baTy4B/Jz4x/E/VvjF8Q9W8dawWjF5JttoWIBgtU4ij44+Ucse7EtxnFebwXd1bRzx20rxLcp5UgU7d6b1fa3qNyqceoB7Vt+EvC2s+OfE+l+EPDsH2jUdXuEggTIABc8ux7KgyzHsoJ7Vrgckw2AxNfHR+1/5L3DG53icfhqGCl9n/AMm/lPsL9h/4En4n+P8A/hN9ftjJ4c8JyJIA4Gy5vx80UeGzkR8SP6fICCG4/dCvMfhF8MdD+EHgHSfAmhAMlhGPOl2hWnnb5pZGwP4nJIHOBhQcAV6dX87cQZvLMcXKp9mPwn9EcO5RHLsHGl9qXxBRRRXyh9aFFFFABRRRQAUUUUAFFFFABRRRQAUjdKWkbpQBDJVZ+9WZKrP3roMJFaSqclXJKpyV1QOWZUm61mTdK05utZk3SuqJ51UoyfeplPk+9TK70eWz/9L9q4P4q0UrOg/irRSvo6p8lSNKOrkdU46uR1wyPUpFyOrK9KrR1ZXpXMd8CZfu1PUC/dqeueRtEKKKKzNAooooAKKKKACiiigAorN1fU7fRtMudUuuIrWNpG+ijNWre4juoI7mI7o5VV1PswyKx9vT9p7Dm974jTlly8xYooorYzCkbpS0jdKAP5jvi7/yVjxt/wBhzU//AEqkrz2vQvi7/wAlY8bf9hzU/wD0qkrF8EfN408Pb/8AoJ2X/o9K/tKhLlw0Zf3T+J68ObEyj/eOXor9of26f2e9K8TeBZfil4V06OHXPDw8y9MMe1rmw/jL7cZMP39x6Jv9hX4vV5eTZvSzPDe3p+6erneTVcsxPsKnvf3j9Nf2av2JPBfj7RtM+I3izxVD4i0ifDix05XjVmX70c8r7XVlPyuiqCCDiSv1s0rSdM0LTbbR9Ito7Sxs41ihhjUKiIgwqqBwABX4jfsM/G//AIVv8Rf+EE1q5MegeLJEiAcjZBfn5YpMnp5nEbevyEnC8/uZX4Pxh9ep472eJlzR+yfv3B/1GpgfaYaPLL7QVz3ivxJp3g7wzqnirV38uy0m2lupm9I4VLsfyFdDX55f8FDvid/wjfw0sPh3p8+y98Uz7pwrYIs7QrI3GD96Qxgeo3e1fJZVgZY3GUsNH7R9bmuOjgsHVxMvsn4++M/Fmo+O/Fmr+LtXcve6zcy3MvoplYvtHThc4HsK/T3/AIJu/DUw2niP4rahGQbgrpVkSByi7Zp2HfBYxgHjlWFfk7VpLq8iXZFPIi+iuy/yr+qc1y2eMwcsJTlyn8qZRmccHjvrtWPMf0k/Hf4cxfFb4T+I/BDIGuL22drUsAQt1D+8gbnsJFXPt+VfzYSwzW0rQTxmORGIZT1DelWft9//AM/E3/fb1Tbfu3vXm8P5JPKqUqcqvNGX909HiLO6ea1I1Y0uWUf7x0PhDxTqngnxTpXi/RXKXukXMVzF/tGJw+0/7LYwfY1/TV4K8V6X458J6R4v0V99lq9tFcxeoWVQ20+65wfev5c6/Y//AIJ0/FM634K1X4WajLm68PSG7tAxJzZ3TZZV/wCuc24t6eYo+nzPHOW+2w0cXH4qf/pJ9NwHmXscTLBy+Gp/6UfpLX4Jft5/8nI6z6fYrD/0nFfvbX4Jft5/8nI6z6fYrD/0nFfD8Cf8jKX+H/I+948/5Fsf8Uf1PjlfvV/R7+zHj/hn/wAAf9ga0/8ARYr+cJfvV/R7+zHj/hn/AMAf9ga0/wDRYr7Hj7/c6X+I+L8Pf98q/wCE92ooor+fD+gzxP8AaQ/5IH8QM/8AQEv/AP0Q9fzb1/RJ8b/FWj+Jvgd8VoNHlFx/Y1hqVhOwI2C5jtd7x5HUrvCsOzZU8ggfzt1/Q3AMZRw1SMv5v0P538QJRliaUo/y/qfYP7CX/Jyvh7/r2v8A/wBJZK/fOvwM/YS/5OV8Pf8AXtf/APpLJX7518Xx3/yM4/4f1Z9zwF/yLZ/4pfkgoormfFfizRvBmkHWtdnEMBlhgQfxSTXEixRRqo5Znd1UAdzX5jGMpS5Yn6ZKUYx5pHTV+AX7Z3wi0/4T/GS4GhlU0vxJCNTghBGbd5GZJY8ADC70LLjgBto+7z+/tfjN/wAFJ8/8LR8Len9jH/0pkr9G4Iryp5l7OPwyifmvHNClUy32svijI/OSv1l/4JzfCnSH0zV/jFekTX4uJNKtEIGIEREeV+n3nDhRzkKCOjkV+TVft5/wTo/5INf/APYduv8A0ntq/VOMq86eVS5ftH5RwVQjUzWPN9k++KKKK/mE/qQKKKKACiiop5o7eJ55TtSMEk+gFEpcvvSAlorH0HV4Nf0i21e2UrHcoGAPUVsVhQr0sRSjXpy5oy940lGUZcsgooorczCiiigAooooAKRulLSN0oAhkqs/erMlVn710GEitJVOSrklU5K6oHLMqTdazJulac3WsybpXVE86qUZPvUynyfepld6PLZ//9P9q4P4q0UrOg/irRSvo6p8lSNKOrkdU46uR1wyPUpFyOrK9KrR1ZXpXMd8CZfu1PUC/dqeueRtEKKKKzNAooooAKKKrXV3BZW8l1ctsijG5iewFRKUYx5pB8RZori/+FieCf8AoN2v/fdJ/wALE8E/9Bm2/wC+68H/AFgyv/oJp/8AgSO/6jif+fcv/ATjPjZrP2Lw5DpMR/eahKNw/wCmUfzN/wCPba3PhNrP9r+DrWNzmWwZrduc/c5Uf98Fa8B+KfiSDxF4lD2MomtLaNUjK9GJ+Zm/XH4VsfCDxTZaBf39pqtwtva3MauC/QSIT39w36V/KuD43pS4/q1ZVf3Mo+z5vs+79r7/AMz9Cq5VL+xox5fe+L+vkfWVFcd/wsHwT/0Grb/vuj/hYPgn/oNW3/fdf1V/rBlf/QTT/wDAkfnv1HE/8+5f+AnY0jdKijlSWNZU5Vl3CvPPijfePbXwdex/DPTE1HxBco0NsZZlhjgZ1I85ixG4Rn5to+9jHGa+loR9pKMY/aPNqy9nGUj+c74o3UF78TvGN7btujuNZ1GRT/svcyEVj+EbmKz8W6LeTnbHb31rIx/2UlUn+VfVrfsF/tHFmZtOsmLHJJv4uf1pn/DBP7RX/QMscf8AX/F/jX9ZRznLY0vZe3j/AOBH8kyybMpV/a+wl/4Cfu/dWtve20tndxiaGdWR0YZVlYYII9CK/nK/aM+El18GPirq3hFY2GmTubvTnb+KzmJKjOBnYQ0ee5QnvX7zfBuT4iJ4E07Tfijp0dlr2nxJBLJFOs8dz5ahRMCpO1nxll6A5A4xXif7YX7PV98cfB1hceFoov8AhJ9En3WxkYIssE2FmjdseyuuTwVxwGJr8Q4YzL+zMwlTqS/dy93+75SP3PifKv7Ty+NSlH95H3o/+3RPwQV3Vt6MVb+8tf0FfsjfG2P4z/C23l1KUP4i0HbZ6ipOWdgP3Ux4HEqjntvVwOBX5f8A/DBP7RvT+zLHH/X/ABf41658F/2b/wBrb4H+MovGPhrS9PuVIEV3aPqCJHcwf3W64YZyjYOCeflLiv0biSrlmZ4PljXj7SPw+8fm3DFLMssxfNKhL2cvi90/YpmVFLNwK/nc/ao+K8fxe+Mmr65YTedpGn/6BpzDOxoIC37xck8SOWcdOGA7V+uXx/T9oHxz4A/4RH4aeHE0u61uDy9Rubi/hDW8bjEkEew/MXyV8zpt9Ccp+Zf/AAwR+0Xn/kFWOP8Ar/h/xr5Xg+ODwcpYzF1Ixl8MfeR9dxlLHYuMcJhKUpR+KXunFfskfDLTPix8bdK8P6/bC90azguL29iIyrxQoUQH28148+v0zX7I/wDDJf7Oec/8IHp+fXEn/wAXXxZ+zD+zr+0F8CfienizU9AtbvTL22exu44b+LzFikdH8wBiMlSgOB1GQOoNfq/XBxZm9WpjIywlf3eX7Mju4RyilTwPLi6Hvc32onzn/wAMl/s55z/wgen59cSf/F18nftkfswfDnwx8IJvGnw48PQaPe6Hdxz3ItwxM1tM3lOCC38Lur5xnAbOc1+ntfO/7TPh74geNPhbqngX4e6RHqN7rqCB5Zp44Y4IwwZm+cgsWA24Hrntg/M5Rm+MjjqUpV5cvN9qXun02b5Rg5YGrGNCPNy/Zj7x/OnXtv7PHxRl+D/xb0LxlIxWwEn2a/AAObOf5ZDg4+4cSY7lQK9e/wCGCf2jen9mWOP+v+L/ABo/4YJ/aN6f2ZY4/wCv+L/Gv6Jr5vlWIpSoVK8eWX94/nPDZNm+Hqxr06EuaP8AdP3gtbu2vrWK8tZFmhmVXR0OVZWGQQR2Ir8Ef26b2C7/AGlPEccbbvscFhE3+8bWN/8A2av0k/Zp0v8AaH+GfhBvAnxK8PxapZaXCf7Muba/haRVAG22lDlTtH8D5wo+UgADHw14+/Y9/ag+IfjXW/HGraVp8dzrV1JctGl/EVjD/cRSSMrGuEBPZa/JuGI4bAZhVlXrx5eXljLmXvH63xTLE5hltKlQoS5pS96PL8J8B19+fD39vjxZ8PfBGieB7LwlZXUGh2kNokr3Uiu6xIBuZRGeePX/AArjv+GCf2jen9mWOP8Ar/i/xo/4YJ/aN6f2ZY4/6/4v8a/Tsbi8jxsYxxNWMv8At4/L8vwOeYKUpYalKP8A26ey/wDDy3xvj/kStP8A/Aub/wCN15z45/4KBfGnxZpsmk6Hb2XhlJlw09mHe5A7gSytgf7yoG7gisD/AIYJ/aN6f2ZY4/6/4v8AGl/4YI/aNA+XTLHP/X/F/jXj06HDFOXNH2f/AIEexVr8T1I8so1P/AT6/wDAdgnhj/gnjrWpX7MZtX0nVbyRm+8Xu5XRP/Za/HZutfuF8afhJ8W9Y/Z78MfAz4caVC6RWNjDqdzJdRwr/oaJ+7AYhmLyqHLf7OD944+Bv+GCf2jen9mWOP8Ar/i/xrk4dzLBwjXr168Y+0qSl8X2Tr4iyrGVpUKFChKXs4xj8P2jwn4MfFO/+DXxBsviDp1hHqVxYRzosMjtGpM0TR53Lnpuz0P0r7b/AOHlvjfH/Ilaf/4Fzf8AxuvGv+GCf2jen9mWOP8Ar/i/xo/4YJ/aN6f2ZY4/6/4v8a9XHS4fxtX2mJlGUv8AEeTgY8R4Kl7LDUpRj/hPW7j/AIKVeP2RjZ+D9NifHV55plz/ALoER/WuF+Hfxj+Jn7Sf7R/w/tPGt2j2Vhqa30Nlbx+XbRGzD3AbacszfKQC7MRnjjiue/4YJ/aN6f2ZY4/6/wCL/Gvp39kr9k34p/Cr4uReNfHtpbW1jZ2VykJjuUmfz5tqD5VLceWZAf8A9VePiZZDg8NVq4Tl9pyy5fePZw0eIMZiaVPHc3s+aPN7p+plfi7/AMFIruKb4t+HLJX3PBoiOy+m+5mH/stfszczSw27zQxNO6jIRSAWPpk8V+PPxu/Zg/ac+NXxJ1Xx9qGiWNnHdusdtbDUYn8i1hG2Jc5X5iPnftvZscGvzzg+VCjjvb16sYxjH7R+jcYUq9bA/VqFKUpSkfm1X7Z/8E5buCX4IaraK37231243D2a3t8V8L/8ME/tG9P7Mscf9f8AF/jX2L+yH8Hfj/8AAbxFqWneKdEtrjw5r3lmZ4b2IyW08edsipzuDBtrgEE4UjIUiv0ninHYHF5fKlQrx5vi+I/MuFMvx2CzKNSvQlGPw/CfpJRRRX85n9HhRUbNsUs3RfSuHb4l+CI2ZZNVRSvBBSTj/wAdry8dmmBwXL9brxp8380lH8zspUKtb+HHmO8rzX4raz/ZHg66RDiW9xbr7h/vj/vjdVz/AIWd4E/6C8f/AHzJ/wDE14R8W/F2n+JL6ytNIuBcWlsjsxX/AJ6OQP0C/rX5Hxzxll+HyHE/VMTGVSUeWPLJS+LT8j6LKMqryxcfaU5RieifA/WBc6Jd6NIRvs5S6j/Yk5/9CDGvca+L/hl4kt/DfieO4vn8m0uY3ilP93+JT/30oH0NfSf/AAszwLn/AJC8X/fD/wDxNeJ4Z8XZfLh+lQx1eMalP3feko+79nfy0N8+y2v9clKnHmjI72iuC/4WZ4Fz/wAheL/vh/8A4mu0tLuC9t0urZi0UgypIK8H2YA1+54PN8DjJcuErxqf4ZKR8rVw1ej/ABY8pZooor2DkCiiigApG6UtI3SgCGSqz96syVWfvXQYSK0lU5KuSVTkrqgcsypN1rMm6VpzdazJuldUTzqpRk+9TKfJ96mV3o8tn//U/auD+KtFKzoP4q0Ur6OqfJUjSjq5HVOOrkdcMj1KRcjqyvSq0dWV6VzHfAmX7tT1Av3anrnkbRCiiiszQKKKKACiiigDxfxv8J7TWg+oaAFtL0Alk6Ry/wCB9+n86+Yb/Tr7SbuSx1GFraeL7yPX6DV4X8cpdOh0aySWFWvZpf3b45CKPn/UrX8o+J3h/lv1SvneG/dyj70v5Zf5P+vM/Q8hzmv7WOEq+9E+X6KKK/h0/WTX0fQ9U1+9XT9KgM0rEDI+6ue7N0A+tfU/gn4Yab4ZCXuo4vdTznf/AAJ/ug/z/lR8Hn06bwdFJZwJDMHaOcqBlnXoW99m2vVq/vfw48P8swuEoZzX/fVJRjKP8sf+D5n4/nec16lWWGj7sYhRRRX9MnwYUUUUAFFFFABRRRQAUUUUAFFFUdQsl1GylsZJZYVlXbvhdo5F91dcEGiJEufl90vUV+Rviv4ifFLw14n1Xw+fF+pyDTLqe33/AGqT5vLdk3de9aGla7+0Vr1hHqmiXfiK+s5t+2WBp5Uby/l++lfrf+o1WNKNSVePLI/nCPi9hpV5UI4GpKUf5bH6xUV+ZHw88X/GC0+KvhrQfGWqaxBHdXirJbXryp5if7j/AHkr6q+Nvx7074YwDRtKRb/xDcJlIif3cA/vSY/ReCfUcZ+dxnDGJo4mlhKEvaSl73un2+W+IGX4rL6+ZYmMqMacuX3viPo2ivyHn8cfGj4o6hLHaXup6k5O5rexEixICO6QALjjqw/GsSfVvin4Cv4lvLvVtDuRyqStNCCP9xsA/lX1MeAavwyxMfafy/1/kfntTxloR/e0sDU9j/N/Wn4n7J0V8QfBH9pi81jUoPCPxEkQT3JSO2vwBGGc8BZFA25Y/wAQxz1Heu1/agfxJoHhq08YeGNbvdMminWCaKGd443R1ZgxUH7ylRj6n2r46XDuJo5hHL6/uyl8Mvsn6bS43wOIyarnOBj7SNP4o/DKJ9VUV+P2kfEf4z67fR6Xo3iHWL27k3bIoZ5pJG/i+6CSa1dT8e/HzwhKja9qutWBONhvBLsb6CcFW/I19dLgGvGXsvbx5j82j4y4OVL2/wBTqcv82h+tlFfFvwN/aT1HxPrEHg7x4qG7uiEtryMCPfJnHlyL03NkbSuB2xkjP2lX57mmVYnLq/sMTE/cOH+IsDneE+t4GXu/+TR/xBRRRXhH1IUUUUAFFFFABRRRQAUUUUAFeceNPhxpHiuN7mMC11ErhZlHX/eHGfzz716PRXj5rlGDzPDSwmNpc0ZHXQxNXDy9pSlyyPgjX/DureG702OqxGNz91sfK6+qmsKvsH4v3lpa+DJ1uYllkmkRIdw+65PJHvs3V8fV/mzx9wxQ4ezX6lhqvNHl5v70f7sj90yjMJYyh7WUeUK0NO0zUdXu0stNga5nk+6BWfX098DLqxm0i9t0iUXcEoMjgDJR/uZ79Q1edwbw/Tz3N6eX1ans4y/9t+zE3zXGSwmGlXjHmNTwR8KrHQvK1LW9t7fryox+7iPbbnqR/e49gOc+xUUV/pbkmQ4HJsN9Uy+lyx/9K/xH4RjMXVxVX2teQUUUV9EcAUUUUAFI3SlpG6UAQyVWfvVmSqz966DCRWkqnJVySqcldUDlmUJqoTdK05utZk3Su6J51UoyfeplPk+9TK60eWz/1f2rg/irRSs6D+KtFK+jqnyVI0o6uR1Tjq5HXDI9SkXI6sr0qtHVlelcx3wJl+7U9QL92p655G0QooorM0CiiigAooooAK+RPi3qc2u+M/7OslNx9jRYI0RckyONzH9QPwr65bODt61xnhrwVp2gSy6jN/pep3LPJLcOBuLSHLbePlB9K/KOOeH8Zn+GpZbQly05S5qkv7sfs8vm/wAj6TKMXSwcpV5e9L7J5d4I+D6KI9U8XASEgMtr1UZ/56ev0/P0rN8c/B+4ti+qeFFMkRO5rUZ3D/d6k/Tr6elfTFFcNXwv4flln9mxpf8AcT7fN/Nf9NvIuPEGM9v7fm/7d+yfMPwP1j7Lq17ocx2/aUEiAjq6fe/NefotfT1cTqfgrT7nW7TxLY/6LqNtKGd1GBKmMMrD3HAPWu2r2OCMmx2TZfLK8XLmjTlLll/NGWv33ucua4mlia/t6f2viCiiiv008I+Xrn9sj9nS0uZbSbxXtlgdkcfYrzgq2D/yw59RjqKi/wCG0f2bv+ht5/68r3/4xX5Wa7+y9+0Fc67qdxB4Iv5IpLud0YNbYZWkLAj9704rH/4ZZ/aJ+9/wgl96/etv/jtfnv8Aa+Yf8+v/ACVn9tU/DTgeUYylmX/lWH+R+tf/AA2j+zd/0NvP/Xle/wDxij/htH9m7/obef8Aryvf/jFfkp/wyz+0T97/AIQS+9fvW3/x2j/hln9on73/AAgl96/etv8A47R/a+Yf8+v/ACVl/wDENOB/+hl/5Vh/kfrX/wANo/s3f9Dbz/15Xv8A8Yo/4bR/Zu/6G3n/AK8r3/4xX5Kf8Ms/tE/e/wCEEvvX71t/8do/4ZZ/aJ+9/wAIJfev3rb/AOO0f2vmH/Pr/wAlYf8AENOB/wDoZf8AlWH+R+tf/DaP7N3/AENvP/Xle/8Axij/AIbR/Zu/6G3n/ryvf/jFfkp/wyz+0T97/hBL71+9bf8Ax2j/AIZZ/aJ+9/wgl96/etv/AI7R/a+Yf8+v/JWH/ENOB/8AoZf+VYf5H7KeC/2nPgl8QvElp4Q8IeIv7Q1a83+VD9luot3lo0jfPLEi8KpPWvfa/HL9lj4CfGTwX8dPDnibxV4UutN0u2+1+dNK8RVPMtZUT7jk/fZa/Y2vqstxNfEUuavHlkfztx5kmVZRmEcNlFf2lOUebm5lL3rvsfjT8W/+Sn+K/wDsJ3f/AKNavvj9nPxV4X0r4RaNaanq9nZ3ANyTHNcRxuAZ3IO1mzjBBzXwP8W/+Sn+K/8AsJ3f/o1q7zwN+zl44+IHhq18U6Nd2EVpdbwouJJFk/duyH7kb919a/r3OcHhsVlVCni6vs4+7+R/k9wtmWYYDiPF18tw3tpe/wC7/duveP0J1fWPAXirTrjXobqLUh4Rm+2+dbuHMMsCeYQHGR8yHDDpg81+SfiHXdQ8Ta3e+INVfzLu/laVwBgDd0UYxwBwPavu3wV8M/FfgH4N/ETw/rsUf2i7t7iWF4H3RyJ9lx8n/fNfnv8A9NP+BVw8H4ShRq4n2EuaMeWMZfiex4nZljMTQwMsXS9nKUZSlH+9e34L8z9jvhV4H07wF4K07RbOILOYke5cgBpZ2Ub2OPccewA7VqePvBOk/EDwzd+HdXQETqfKkwC0UmCFkXPcfr0rf0PUINV0aw1W2O6G8gjmQ/7Mihh+hrXr+eqmMr/WZYmUv3nMf2tQy3CSy+OBjH9zy8vL/dPwzvbS402/nsLn93PayNFJ7PGxVh+Yr7p+Kfiafxf+y/oXiC7cNPPLbLKwP3pIS8Mjc+sin86+OviDPDd+PvEdxaY8mXUrtl/3fNavp7xNYTad+yHoEM42tLeJN/wGS4ldP/HK/prOeWpLA15fF7SJ/A/CntaMc3w1L+H7GX/kr0/U8p/Zm/5LToH0uv8A0nlr7r/aMl0WP4R62Na2fMirbB+puc/u9vfPXOP4N3bNfl14aTxM2swr4P8AtX9q4fyfse7z/uNu2eX82duenOKZrGv+IdclX+39SudQePhTcSvKwH1cmozXh/67mtLG+15fZ8vu/a3L4f43jlHD2Jyv2HN7aUve+z7yS/As+Doryfxdo0Wngm6e9gWHH/PQyLsP54r9tK+Q/wBnv4G+GtEt7L4iz6jHrtzcIXtHiVlhh3go5G7DF+qnKjbyCM4I+vK/JONM3oY7ExpUP+XZ/S3hVw1icoy+rXxfxVuWXL/d/wCCeB+Nv2mvgr8OvEt14R8Y+If7O1azEZliNpdSgCRQ6/NFE68qwPXvXK/8No/s3f8AQ28/9eV7/wDGK+IP2rvgP8YfG/x01/xP4S8K3WpaZdJZiOeJogp8u2RH4dx0ZCOnpXzn/wAMs/tE/e/4QS+9fvW3/wAdr+dq+a46nVlGNL3f8LP9P8m8PeD8Vl9DE4nMOWpKMZSjzw92Ul73Q/Wv/htH9m7/AKG3n/ryvf8A4xR/w2j+zd/0NvP/AF5Xv/xivyU/4ZZ/aJ+9/wAIJfev3rb/AOO0f8Ms/tE/e/4QS+9fvW3/AMdrD+18w/59f+Ss9z/iGnA//Qy/8qw/yP1r/wCG0f2bv+ht5/68r3/4xR/w2j+zd/0NvP8A15Xv/wAYr8lP+GWf2ifvf8IJfev3rb/47R/wyz+0T97/AIQS+9fvW3/x2j+18w/59f8AkrD/AIhpwP8A9DL/AMqw/wAj9a/+G0f2bv8Aobef+vK9/wDjFH/DaP7N3/Q28/8AXle//GK/JT/hln9on73/AAgl96/etv8A47R/wyz+0T97/hBL71+9bf8Ax2j+18w/59f+SsP+IacD/wDQy/8AKsP8j9bov2y/2cZpUt4/FeXkZUA+xXnVvX9x2719R1/P7pn7L37QUGp2Ukvga/VI54yW322Aqkc/633r+gKvo8qxeJxHN7ePKfh/iBw1keTSof2Nifbc3Nze8pcvLa2wUUUV75+JHzD8btXe91iy0CAki1TzHUDrI/3efZf/AEKrPgj4PyXGzVPFalI+GW1xyf8Arpn+WPr6V7Lpfg/T7PWbvxFdf6VqFy5IkcZ8tRwqr6YXArsK/AsN4e08dnNfO8796Upe7T+zGMdFzd9Om3qfZVM8lRw0cJhPd/vHhHjf4QW9+H1Hwsq21yclrfhYn/3em0/jt+nWvO/hdfXPhzxwNL1GJrd7lWtpEdcMrfeT39h/vV9d1yHiXwfpniIwXUo8i+tGV4bhB86Mh3DPqueqng/rRnfh1Sp5hTzvJP3danLmlH7Mv5vRv7vzDDZ3KVCWExfvRl9r+U6+imru2/N1p1fvp8aFFFFABRRRQAUjdKWkbpQBDJVZ+9WZKrP3roMJFaSqclXJKpyV1QOWZUm61mTdK05utZk3Su6J51UoyfeplPk+9TK60eWz/9b9q4P4q0UrOg/irRSvo6p8lSNKOrkdU46uR1wyPUpFyOrK9KrR1ZXpXMd8CZfu1PUC/dqeueRtEKKKKzNAooooAKKKKACiiigAooooAKKKKACiiigBNoo2ilooATaKNopaKAE2ijaKWigBNoo2ilooAKKKqXsNzPayw2s32eZ1IWTbu2n1296Akfjj8V2WT4m+K3Vty/2nd/8Ao5q/Rr9mJ1f4NaJt/he6/wDSiSvPbn9j7wte3Ml5d+IdRlnmZnkYiHLO5yzf6v1r3P4YfDiL4Y6RLoVjqU1/ZPIZUWcJujLfeAKhePav2biTPMvxuWUsNQl70eX7P92x/LfA3B+dZVn1XMMbS5adSMvtL7TT/Q9InghuYXt50DxyDaynoQa/Hv4sfDjUPhp4uutGmRjZSuz2U2MCWDqB/vLkBvfnoRn9iq5XxX4N8OeN9KfRvE1kt7bMCV3cMhIxuRhgqfcH9K+R4a4gllVeUpR5qcviP0rjzg2PEeDjGMuWtT+GX/tsj4T+Cf7S1p4M0WHwj40glms7bC21xCAWRQP9Wy8ZA7HPHTBGMeg/EP8Aax8PnQp7HwDFPPqNyjILiZPKjg/2ufmJ9OMe/ak1r9jTRrid5NA8RzWaE/KlxAs+P+BK0X8qdon7GmhW06S6/wCIZ75FPzJDAsGfxZpf5V95Xr8LVq/16Upc3xcuv9fifkGDwniLh8H/AGVTjHl+Hm5lzRj9/wClz5D+GPw71b4l+KbfRrJWW33q93cYyIos/MR23EZ2g9T7Zr7m/aitLLSPg1BpNmghgtrm0ghQdFWNHCqPoq19BeFvB/hzwTpS6N4ZsksrZQCQn3mIGNzMeWPuT7dK4r4p/Cm3+Ktraadqeq3NlZWj+b5UATDyDgM25W6KWH414eJ4pjjc1oV6nu0acj6rL/D2rlHDuLwlD95iK0eWX8v49F+J+fP7Nkix/Gfw9ub732kf+S8tdf8AtSfDv/hFPGI8UadEV07Xiztjol1/y0HX+MfP7nd6V9CaB+yl4f8ADWs2Wv6R4h1CO6sJUliJEJGV55/d17p8QfAWk/EfwxN4a1pmSORldZExuSRejLnjOMjkdCa9nF8U4aOb0sdhpc1Pl5ZHzOW+HWYVOGK+UY6ly1ub2lOXMuyXL+B8afsm/EwafqU3w51aYC2vi89kTgBJxy8Y9nUFx2BDdS1foPXyBZfsh+GdPuor+y8Q6lBcwOsiSIYgyunIKny/Wvq/TLa8s7GG3v7tr6eMYaZlVC59Sq4UfhXxXE+Jy/FYn63gpfF8R+seH+BznLsv/s/N6Xw/DLmUvd/l+RoUm0UtFfBn66JtFG0UtFACbRRtFLRQAm0UbRS0UAJtFLRRQAUUUUAFFFFABRRRQAUUUUAFFFFABRRRQAUjdKWkbpQBDJVZ+9WZKrP3roMJFaSqclXJKpyV1QOWZUm61mTdK05utZk3Su6J51UoyfeplPk+9TK60eWz/9f9q4P4q0UrOg/irRSvo6p8lSNKOrkdU46uR1wyPUpFyOrK9KrR1ZXpXMd8CZfu1PUC/dqeueRtEKKKKzNAooooAKKKKACiiigAooooAKKKKACiiigD5e8c/tIxfD3xDL4c8R+GLpJwA8bpLG0csbEgMDnIHHPBx065A5D/AIbL8Nf9C9ef9/I/8ayf2ztMh+zeGdWUYm8yeBjnqMKyjH/fX618G1/Q2Q8NZVj8vpYmVL3pf3mfxNxlx3xHk2c18vp1/dj8Pur7Sv2P0I/4bL8Nf9C9ef8AfyP/ABpy/tl+Fs4k8PXqj1EkZ/rXxj4W+GfjrxtYy6j4W0iW/topDEzoyLhwoYj52HZh+dVvEvw88aeDkSfxPo1zYQO2FkdcxlvTeuVJ+hr2P9VuH/a+w+1/Lze9+Z8z/wARC4zjQ+ty5vZ/zcnu/wDgVj9H/C/7Tfwt8SzpaT3cujXEmAq3qbFJzj/WKWQf8CYV7re3dwNPe70qJb2XGY03hVf/AIFyK/DivrD9m740ah4b16z8D69O02ialJ5UDOf+Pad/ubc/wu+FI6Andxzn5XO+CKVGlLE4L7P2ZH6Hwj4t1cZiY4HN4xjze7GpH+b+8e06t+1pp2hanc6Lq/hW+tL2zfZLE8kRIPXIIJ4xWd/w2X4a/wChevP+/kf+NeXftgaTa2fjvTNUtgFl1Cy/egfxPA2Nx/4CyL9Fr5Ir3Mo4YyjHYOlifZfF/eZ8jxL4gcS5RmtfL/bxl7OX8q+XQ/Qj/hsvw1/0L15/38j/AMaP+Gy/DX/QvXn/AH8j/wAa+NvC3wu8e+NNPOq+GNGlv7RZHiZ0eJPnQKxX53XnDCukb4A/GFV3/wDCMXH/AH8h/wDi63q8O8OU5ctSUYy/x/8ABOWhxzx1WpRq0IylGX9z/gH1L/w2X4a/6F68/wC/kf8AjX2Fpt6uoafa3yKUFzGkgB7B13Y/WvxN1/w3r3hm5Njr9hNps+M7JkaNj7jIGRX7R+GP+Rb0r/r0g/8ARa18Bxdk2BwVOhUwUfi5vtcx+0+GnFOb5vXxNDNJfw+X7PL3N2iiivyc/os8g+LXxe0b4TWNhdajbPey38jokUTKH2oMs2GI4BKj8a8O/wCGy/DX/QvXn/fyP/GvnX9pPxoPF3xMvrW3fNlow+xRYxzIn+tPHcPlfoorwGv6Nybg3A1MDSq4uPvS/vH8OcU+Keb0c3r0MtqxjTjLlj7ql8PxfifsP8K/ijpPxU0SfV9Nt5LR7aYwywylS68ZVvlJGG7e4PpXqNfl5+y543/4Rf4ipoty5Fl4hT7MwAO0TplomP8A48g93r9Q6/I+J8ojl2OlTp/DL3on9J8A8Szz3KI4mv8AxI+7L+vQKKKxtd13TPDWk3WuazMLeytE3yOew/D3r5KMZSlyxP02rVjTjKpUlyxiaFzdW1lBJc3cqwwxjLO5CqB6knpXzX4w/ar+HfhyV7TRVm1+5XjNvhIAcZ5lb+aKw/p8Z/Fz42eJPidfPa+a9loUbZitFONx7NLg/M3oMkDtzknxCv3vJuA6XL7TMJe9/KfxxxT4xV/ayoZJH3f5pf8Atsf8z7Ovf2y/E0sr/wBmeH7SGPsJpJJj/wCO+XVaD9snxcrj7XoVjKPSN5Iv1Jk/lXz/AOHPhN8RvF9st1oGgXNxbOCVkcCKNsf3WkKhvwJqzrfwa+J/h2A3eq+HLuOJcFnjCzquf7xiLgfUkV9V/YnDkZew5Y83+L3vzPzn/WzjeVP63GVTl/m5Pd/Kx9l+GP2v/BupSrb+J9OuNGZ/+WiEXMS8/wARUK/5RmvWPiJ8WZPh/plv4hOhz6potwqMLq3kQKm/7m5W+YBuPmAPpjkV+Rzfdav2LudGtvEPwlXRbxRJHeaQkR3erQABvwPNfn/EeR5ZllehUjH3ZS96PMfsvA3F2eZ/hMXQqVeWpTjzRlyr4tfi6fgfPn/DZfhr/oXrz/v5H/jR/wANl+Gv+hevP+/kf+NfnvVzTrC81W/t9NsIzNc3ciRRIv8AE8jbVX8Sa/QJcFZRH35Uv/Jmfi8PFXieUuWNX/yVf5H35/w2X4a/6F68/wC/kf8AjR/w2X4a/wChevP+/kf+NfLX/DP3xhxn/hGLj1/1kP8A8XWPq/wd+J+hWzXWp+GryOBAGZo1EqqD3YxlgB7k15UeH+GpS5Yyj/4H/wAE+iqcb8eU481WlKMf+vX/AAD9E/hP8ddM+K2q3ul2', '2025-01-09 12:30:45', '2025-01-09 12:30:45');

-- --------------------------------------------------------

--
-- Table structure for table `reminders`
--

CREATE TABLE `reminders` (
  `id` int(11) NOT NULL,
  `title` varchar(50) DEFAULT NULL,
  `description` varchar(100) DEFAULT NULL,
  `reminder_date` date NOT NULL,
  `time` time NOT NULL,
  `message` varchar(300) DEFAULT NULL,
  `created_by` int(11) NOT NULL,
  `created_at` timestamp NOT NULL DEFAULT current_timestamp() ON UPDATE current_timestamp(),
  `updated_at` timestamp NOT NULL DEFAULT current_timestamp() ON UPDATE current_timestamp()
) ENGINE=MyISAM DEFAULT CHARSET=utf8mb4 COLLATE=utf8mb4_general_ci;

--
-- Dumping data for table `reminders`
--

INSERT INTO `reminders` (`id`, `title`, `description`, `reminder_date`, `time`, `message`, `created_by`, `created_at`, `updated_at`) VALUES
(3, 'MEETING', NULL, '2024-12-02', '19:00:00', 'TEST', 46, '2024-12-02 08:55:08', '2024-12-02 08:55:08'),
(4, 'SEMINAR', NULL, '2024-12-02', '20:00:00', 'TEST', 46, '2024-12-02 08:56:10', '2024-12-02 08:56:10');

-- --------------------------------------------------------

--
-- Table structure for table `sections`
--

CREATE TABLE `sections` (
  `id` int(11) NOT NULL,
  `department_id` int(11) NOT NULL,
  `name` varchar(50) NOT NULL,
  `image_url` text DEFAULT NULL,
  `created_at` timestamp NOT NULL DEFAULT current_timestamp() ON UPDATE current_timestamp(),
  `updated_at` timestamp NOT NULL DEFAULT current_timestamp() ON UPDATE current_timestamp()
) ENGINE=InnoDB DEFAULT CHARSET=utf8mb4 COLLATE=utf8mb4_general_ci;

--
-- Dumping data for table `sections`
--

INSERT INTO `sections` (`id`, `department_id`, `name`, `image_url`, `created_at`, `updated_at`) VALUES
(2, 1, 'TRG', NULL, '2024-11-12 03:55:24', '2024-11-12 03:55:24'),
(3, 12, 'INC Organ', NULL, '2025-01-07 03:41:43', '2025-01-07 03:41:43'),
(4, 8, 'Engineering', NULL, '2025-01-07 01:02:01', '2025-01-07 01:02:01'),
(5, 8, 'Marketing', NULL, '2025-01-07 01:02:21', '2025-01-07 01:02:21'),
(6, 8, 'Promotion and Advertising', NULL, '2025-01-07 01:04:42', '2025-01-07 01:04:42'),
(7, 1, 'Graphics and Design', NULL, '2025-01-07 01:24:43', '2025-01-07 01:24:43'),
(8, 1, 'EV Media', NULL, '2025-01-07 01:04:03', '2025-01-07 01:04:03'),
(9, 1, 'ATG Office', NULL, '2025-01-07 03:39:41', '2025-01-07 03:39:41'),
(10, 12, 'INC Hymns', NULL, '2025-01-07 03:42:25', '2025-01-07 03:42:25');

-- --------------------------------------------------------

--
-- Table structure for table `subsections`
--

CREATE TABLE `subsections` (
  `id` int(11) NOT NULL,
  `department_id` int(11) NOT NULL,
  `section_id` int(11) NOT NULL,
  `name` varchar(50) NOT NULL,
  `image_url` text NOT NULL,
  `created_at` timestamp NOT NULL DEFAULT current_timestamp() ON UPDATE current_timestamp(),
  `updated_at` timestamp NOT NULL DEFAULT current_timestamp() ON UPDATE current_timestamp()
) ENGINE=InnoDB DEFAULT CHARSET=utf8mb4 COLLATE=utf8mb4_general_ci;

--
-- Dumping data for table `subsections`
--

INSERT INTO `subsections` (`id`, `department_id`, `section_id`, `name`, `image_url`, `created_at`, `updated_at`) VALUES
(1, 1, 2, 'PMD IT', '', '2025-01-07 04:53:23', '2025-01-07 04:53:23'),
(3, 1, 2, 'TSV', '', '2025-01-07 01:07:29', '2025-01-07 01:07:29'),
(4, 1, 2, 'Network', '', '2025-01-07 01:07:40', '2025-01-07 01:07:40'),
(5, 1, 7, 'INC Animations', '', '2025-01-07 01:25:00', '2025-01-07 01:25:00'),
(6, 1, 7, 'Layout Design', '', '2025-01-07 01:25:09', '2025-01-07 01:25:09'),
(7, 1, 7, 'Special Projects', '', '2025-01-07 01:25:20', '2025-01-07 01:25:20'),
(8, 1, 7, 'Children\'s Museum', '', '2025-01-07 01:25:29', '2025-01-07 01:25:29');

-- --------------------------------------------------------

--
-- Table structure for table `suguan`
--

CREATE TABLE `suguan` (
  `id` int(11) NOT NULL,
  `name` varchar(50) NOT NULL,
  `district_id` int(11) NOT NULL,
  `local_congregation` varchar(50) NOT NULL,
  `date` datetime NOT NULL,
  `time` time NOT NULL,
  `gampanin_id` int(11) NOT NULL
) ENGINE=InnoDB DEFAULT CHARSET=utf8mb4 COLLATE=utf8mb4_general_ci;

--
-- Dumping data for table `suguan`
--

INSERT INTO `suguan` (`id`, `name`, `district_id`, `local_congregation`, `date`, `time`, `gampanin_id`) VALUES
(7, 'Felix Pareja', 45, 'Centerville Extension', '2024-11-27 00:00:00', '19:45:00', 4),
(8, 'Felix Pareja', 45, 'Veterance Village 1', '2024-12-01 00:00:00', '06:00:00', 3),
(9, 'Kyrt Jurada', 35, 'F.Manalo', '2024-11-28 00:00:00', '19:45:00', 4),
(10, 'Kyrt Jurada', 35, 'Bagong Silang 9', '2024-12-01 00:00:00', '14:00:00', 1),
(11, 'Ronald Kim Amaro', 45, 'Project 4', '2024-11-28 00:00:00', '19:45:00', 3),
(12, 'Ronald Kim Amaro', 45, 'Pasong Tamo Ext.', '2024-12-01 00:00:00', '10:00:00', 4),
(13, 'Felix Pareja', 45, 'La loma', '2024-11-21 00:00:00', '18:45:00', 3),
(14, 'Felix Pareja', 45, 'New Era University', '2024-11-24 00:00:00', '10:00:00', 3),
(15, 'Felix Pareja', 45, 'Bonifacio Drive', '2024-12-04 00:00:00', '18:45:00', 3),
(16, 'Felix Pareja', 45, 'Tandang Sora', '2024-12-07 00:00:00', '18:00:00', 4);

-- --------------------------------------------------------

--
-- Table structure for table `users`
--

CREATE TABLE `users` (
  `ID` int(11) NOT NULL,
  `uid` varchar(25) DEFAULT NULL,
  `personnel_id` int(11) DEFAULT NULL,
  `avatar` text DEFAULT NULL,
  `username` varchar(25) DEFAULT NULL,
  `password` varchar(150) NOT NULL,
  `isLoggedIn` tinyint(11) DEFAULT NULL,
  `last_login` timestamp NULL DEFAULT NULL,
  `auth_type` enum('LDAP','Local') NOT NULL,
  `failed_attempts` int(11) DEFAULT NULL,
  `last_failed_attempt` timestamp NULL DEFAULT NULL,
  `created_at` timestamp NULL DEFAULT NULL,
  `updated_at` timestamp NULL DEFAULT NULL
) ENGINE=MyISAM DEFAULT CHARSET=utf8mb4 COLLATE=utf8mb4_general_ci;

--
-- Dumping data for table `users`
--

INSERT INTO `users` (`ID`, `uid`, `personnel_id`, `avatar`, `username`, `password`, `isLoggedIn`, `last_login`, `auth_type`, `failed_attempts`, `last_failed_attempt`, `created_at`, `updated_at`) VALUES
(1, 'claudioarro', NULL, '', 'claudioarro', '{SSHA}+3VbtcZxSkn5v8nhLBdwPbRQPOBbcII3', 0, NULL, 'LDAP', 0, NULL, '2024-11-07 04:04:58', '2024-11-07 04:04:58'),
(2, 'cmcervantes', NULL, NULL, 'cmcervantes', '{MD5}d5xp2teod+ZzCrsJ+3H1yQ==', 0, NULL, 'LDAP', 0, NULL, '2024-11-07 04:04:58', '2024-11-07 04:04:58'),
(3, 'amagpile', NULL, NULL, 'amagpile', '{MD5}3PbHEQTkbxTTefuWRiARAg==', 0, NULL, 'LDAP', 0, NULL, '2024-11-07 04:04:58', '2024-11-07 04:04:58'),
(4, 'rmmalabanan', NULL, NULL, 'rmmalabanan', '{MD5}dDdpUA4QjNwSG35UEFTD9Q==', 0, NULL, 'LDAP', 0, NULL, '2024-11-07 04:04:58', '2024-11-07 04:04:58'),
(5, 'mcenriquez', NULL, '', 'mcenriquez', '{SSHA}K5M+sv8gd5M7zoxTutWZWQlDBUgpU9uu', 0, NULL, 'LDAP', 0, NULL, '2024-11-07 04:04:58', '2024-11-07 04:04:58'),
(6, 'pcdiaz', NULL, '', 'pcdiaz', '{MD5}cRox3Dh47pUtklaRnQMF9w==', 0, NULL, 'LDAP', 0, NULL, '2024-11-07 04:04:58', '2024-11-07 04:04:58'),
(7, 'dvillamarzo', NULL, '', 'dvillamarzo', '{MD5}sUVO9gmCQXVMEGWc18MiVQ==', 0, NULL, 'LDAP', 0, NULL, '2024-11-07 04:04:58', '2024-11-07 04:04:58'),
(8, 'jcabacungan', NULL, '', 'jcabacungan', '{MD5}ciPSWmnDFftvBezZ3JZR7Q==', 0, NULL, 'LDAP', 0, NULL, '2024-11-07 04:04:58', '2024-11-07 04:04:58'),
(9, 'jsarmiento', NULL, '', 'jsarmiento', '{MD5}4xlkqIDIMJQNZdevSRDPkg==', 0, NULL, 'LDAP', 0, NULL, '2024-11-07 04:04:58', '2024-11-07 04:04:58'),
(10, 'kdeleon', NULL, '', 'kdeleon', '{MD5}jquH4+vzqn9KN0mZlEs2ew==', 0, NULL, 'LDAP', 0, NULL, '2024-11-07 04:04:58', '2024-11-07 04:04:58'),
(11, 'jalcantara', NULL, '', 'jalcantara', '{MD5}0IyoNQCSDDbEMKLla4SxoQ==', 0, NULL, 'LDAP', 0, NULL, '2024-11-07 04:04:58', '2024-11-07 04:04:58'),
(12, 'dparea', NULL, '', 'dparea', '{MD5}zemE0W2p/+wTKn1Bn8fGUQ==', 0, NULL, 'LDAP', 0, NULL, '2024-11-07 04:04:58', '2024-11-07 04:04:58'),
(13, 'rporcado', NULL, '', 'rporcado', '{SSHA}O0qjoUzs1AgMpzE7Ig3HURYjjKNLduyN', 0, NULL, 'LDAP', 0, NULL, '2024-11-07 04:04:58', '2024-11-07 04:04:58'),
(14, 'rdprestoza', NULL, '', 'rdprestoza', '{MD5}MAvZAgOvfEpDo3OKrwzNHw==', 0, NULL, 'LDAP', 0, NULL, '2024-11-07 04:04:58', '2024-11-07 04:04:58'),
(15, 'kvdematera', NULL, '', 'kvdematera', '{SSHA}+728w4RErOoPkuPO2W5zP1n6+cAkj1Ru', 1, NULL, 'LDAP', 0, NULL, '2024-11-07 04:04:58', '2024-11-07 04:04:58'),
(16, 'rreyes', NULL, NULL, 'rreyes', '{MD5}WDUuJDKCc7XD+0pC/8DHwg==', 0, NULL, 'LDAP', 0, NULL, '2024-11-07 04:04:58', '2024-11-07 04:04:58'),
(17, 'zpetorio', NULL, NULL, 'zpetorio', '{SSHA}Q2+NyJ1+Fhx4XN6H1W7n3xvmqmHK0Gvc', 0, NULL, 'LDAP', 0, NULL, '2024-11-07 04:04:58', '2024-11-07 04:04:58'),
(18, 'ATG', NULL, '', 'ATG', '{MD5}jMnoutNavel8/QA7J2mK3g==', 0, NULL, 'LDAP', 0, NULL, '2024-11-07 04:04:58', '2024-11-07 04:04:58'),
(19, 'pmdit', NULL, NULL, 'pmdit', '{SSHA}1c2pNTw54K4Avjn7GQ90PMyXBD714zOt', 0, NULL, 'LDAP', 0, NULL, '2024-11-07 04:04:58', '2024-11-07 04:04:58'),
(20, 'atgstaff', NULL, NULL, 'atgstaff', '{SSHA}gy6OWTydaQLnRY11qhdccao0Add7gNdz', 0, NULL, 'LDAP', 0, NULL, '2024-11-07 04:04:58', '2024-11-07 04:04:58'),
(21, 'eeustaquio', NULL, '', 'eeustaquio', '{MD5}tRnpZ0iqYDF7QA4j1EFfkw==', 0, NULL, 'LDAP', 0, NULL, '2024-11-07 04:04:58', '2024-11-07 04:04:58'),
(22, 'rolandkim.amaro', 37, '/uploads/avatar/1732955269835_KIM.jpg', 'rolandkim.amaro', '{MD5}Mo44VG5oZyexF0jNwGQNiQ==', 0, NULL, 'LDAP', 0, NULL, '2024-11-07 04:04:58', '2025-01-08 05:15:31'),
(23, 'test', NULL, NULL, 'test', '{SSHA}fwON2kpe0RkoPqda45A4uC7TfiXvd+Yh', 0, NULL, 'LDAP', 0, NULL, '2024-11-07 04:04:58', '2024-11-07 04:04:58'),
(24, 'kyrt.jurada', NULL, '', 'kyrt.jurada', '{MD5}cQyCormYGW8ZV0eHcil/tw==', 0, NULL, 'LDAP', 0, NULL, '2024-11-07 04:04:58', '2024-11-07 04:04:58'),
(25, 'admin.archiving', NULL, NULL, 'admin.archiving', '{SSHA}jO7uycWuSuI1bz2M/cE5W4nd5pFoPgho', 0, NULL, 'LDAP', 0, NULL, '2024-11-07 04:04:58', '2024-11-07 04:04:58'),
(26, 'atg.office', NULL, NULL, 'atg.office', '{MD5}cQyCormYGW8ZV0eHcil/tw==', 0, NULL, 'LDAP', 0, NULL, '2024-11-07 04:04:58', '2024-11-07 04:04:58'),
(27, 'admin.building-admin', NULL, NULL, 'admin.building-admin', '{MD5}cQyCormYGW8ZV0eHcil/tw==', 0, NULL, 'LDAP', 0, NULL, '2024-11-07 04:04:58', '2024-11-07 04:04:58'),
(28, 'atg.evmedia', NULL, NULL, 'atg.evmedia', '{MD5}cQyCormYGW8ZV0eHcil/tw==', 0, NULL, 'LDAP', 0, NULL, '2024-11-07 04:04:58', '2024-11-07 04:04:58'),
(29, 'atg.sfm', NULL, NULL, 'atg.sfm', '{MD5}cQyCormYGW8ZV0eHcil/tw==', 0, NULL, 'LDAP', 0, NULL, '2024-11-07 04:04:58', '2024-11-07 04:04:58'),
(30, 'atg.security-group', NULL, NULL, 'atg.security-group', '{MD5}cQyCormYGW8ZV0eHcil/tw==', 0, NULL, 'LDAP', 0, NULL, '2024-11-07 04:04:58', '2024-11-07 04:04:58'),
(31, 'atg.subtitling', NULL, NULL, 'atg.subtitling', '{MD5}cQyCormYGW8ZV0eHcil/tw==', 0, NULL, 'LDAP', 0, NULL, '2024-11-07 04:04:58', '2024-11-07 04:04:58'),
(32, 'admin.gnd', NULL, NULL, 'admin.gnd', '{MD5}cQyCormYGW8ZV0eHcil/tw==', 0, NULL, 'LDAP', 0, NULL, '2024-11-07 04:04:58', '2024-11-07 04:04:58'),
(33, 'atg.lsws', NULL, NULL, 'atg.lsws', '{MD5}cQyCormYGW8ZV0eHcil/tw==', 0, NULL, 'LDAP', 0, NULL, '2024-11-07 04:04:58', '2024-11-07 04:04:58'),
(34, 'music.cdo', NULL, NULL, 'music.cdo', '{MD5}cQyCormYGW8ZV0eHcil/tw==', 0, NULL, 'LDAP', 0, NULL, '2024-11-07 04:04:58', '2024-11-07 04:04:58'),
(35, 'music.eis', NULL, NULL, 'music.eis', '{MD5}cQyCormYGW8ZV0eHcil/tw==', 0, NULL, 'LDAP', 0, NULL, '2024-11-07 04:04:58', '2024-11-07 04:04:58'),
(36, 'music.hymns', NULL, NULL, 'music.hymns', '{MD5}cQyCormYGW8ZV0eHcil/tw==', 0, NULL, 'LDAP', 0, NULL, '2024-11-07 04:04:58', '2024-11-07 04:04:58'),
(37, 'music.organ-office', NULL, NULL, 'music.organ-office', '{MD5}cQyCormYGW8ZV0eHcil/tw==', 0, NULL, 'LDAP', 0, NULL, '2024-11-07 04:04:58', '2024-11-07 04:04:58'),
(38, 'music.original-music', NULL, NULL, 'music.original-music', '{MD5}cQyCormYGW8ZV0eHcil/tw==', 0, NULL, 'LDAP', 0, NULL, '2024-11-07 04:04:58', '2024-11-07 04:04:58'),
(39, 'admin.trg', NULL, NULL, 'admin.trg', '{MD5}cQyCormYGW8ZV0eHcil/tw==', 0, NULL, 'LDAP', 0, NULL, '2024-11-07 04:04:58', '2024-11-07 04:04:58'),
(40, 'user-b', NULL, NULL, 'user-b', '{SSHA}68Js8c84DFwfeATxN8lBtLhcUENRKyOA', 0, NULL, 'LDAP', 0, NULL, '2024-11-07 04:04:58', '2024-11-07 04:04:58'),
(41, 'user.a', NULL, NULL, 'user.a', '{SSHA}GjHeaMA6xyjRtPHLc6oR+JTnmTIeJYv7', 0, NULL, 'LDAP', 0, NULL, '2024-11-07 04:04:58', '2024-11-07 04:04:58'),
(42, 'neu.stf', NULL, NULL, 'neu.stf', '{MD5}cQyCormYGW8ZV0eHcil/tw==', 0, NULL, 'LDAP', 0, NULL, '2024-11-07 04:04:58', '2024-11-07 04:04:58'),
(43, 'executive.news', NULL, NULL, 'executive.news', '{MD5}cQyCormYGW8ZV0eHcil/tw==', 0, NULL, 'LDAP', 0, NULL, '2024-11-07 04:04:58', '2024-11-07 04:04:58'),
(44, 'pmd.it', NULL, '', 'pmd.it', '{SSHA}LYVyCEUbqbnRdJMh/NGuR38z6zbsDKG+', 0, NULL, 'LDAP', 0, NULL, '2024-11-07 04:04:58', '2024-11-07 04:04:58'),
(45, 'r.deguzman', NULL, NULL, 'r.deguzman', '{MD5}cQyCormYGW8ZV0eHcil/tw==', 0, NULL, 'LDAP', 0, NULL, '2024-11-07 04:04:58', '2024-11-07 04:04:58'),
(46, 'felix.pareja', 10, '/uploads/avatar/1732846376187_image.jpg', 'felix.pareja', '{MD5}cQyCormYGW8ZV0eHcil/tw==', 1, NULL, 'LDAP', 0, NULL, '2024-11-07 04:04:58', '2024-11-28 13:25:36'),
(48, NULL, NULL, '/uploads/avatar/1732867059276_icons8-fitbit-50.png', 'admin', '$2a$12$ZXhnczgjZG4QAa4oGMH5eOt0.a9urccMHJ0/FBYB5zCe2/zfh3dEO', 0, NULL, 'Local', NULL, NULL, NULL, NULL),
(68, 'asalvador', 13, '', 'asalvador', '{MD5}cQyCormYGW8ZV0eHcil/tw==', 0, NULL, 'LDAP', 0, NULL, '2025-01-08 03:16:34', '2025-01-08 03:16:34'),
(50, 'dalferez', NULL, NULL, 'dalferez', '{MD5}/DfLoL+7ApalWUrlZU0Q0Q==', 0, NULL, 'LDAP', 0, NULL, '2025-01-02 08:54:55', '2025-01-02 08:54:55'),
(51, 'joel.cabacungan', NULL, NULL, 'joel.cabacungan', '{MD5}ZJ9NyhABEfZ4A2gX1oCndQ==', 0, NULL, 'LDAP', 0, NULL, '2025-01-02 08:54:55', '2025-01-02 08:54:55'),
(52, 'mark.cresino', NULL, NULL, 'mark.cresino', '{MD5}U2OXW6l/7U1fjK+d+7MZGA==', 0, NULL, 'LDAP', 0, NULL, '2025-01-02 08:54:55', '2025-01-02 08:54:55'),
(53, 'richard.deasis', NULL, NULL, 'richard.deasis', '{MD5}iTsLdNECNA7KZ9F3bD0Qmw==', 0, NULL, 'LDAP', 0, NULL, '2025-01-02 08:54:55', '2025-01-02 08:54:55'),
(54, 'kelset.inouye', NULL, NULL, 'kelset.inouye', '{MD5}tvPOmo49Fm4O5vUg9jsPFw==', 0, NULL, 'LDAP', 0, NULL, '2025-01-02 08:54:55', '2025-01-02 08:54:55'),
(55, 'remuel.marbebe', NULL, NULL, 'remuel.marbebe', '{MD5}OgsmDbTiMGKj6bMKjSNgiw==', 0, NULL, 'LDAP', 0, NULL, '2025-01-02 08:54:55', '2025-01-02 08:54:55'),
(56, 'kevin.marcelo', NULL, NULL, 'kevin.marcelo', '{MD5}ypdxKul6bIRrqFeZGeC/AQ==', 0, NULL, 'LDAP', 0, NULL, '2025-01-02 08:54:55', '2025-01-02 08:54:55'),
(57, 'isaias.sandiego', NULL, NULL, 'isaias.sandiego', '{MD5}2Ek5m4R8jLZGghsjS6O57g==', 0, NULL, 'LDAP', 0, NULL, '2025-01-02 08:54:55', '2025-01-02 08:54:55'),
(58, 'willie.suratos', NULL, NULL, 'willie.suratos', '{MD5}8I5GFmCqqLzyJj/4udlXiw==', 0, NULL, 'LDAP', 0, NULL, '2025-01-02 08:54:55', '2025-01-02 08:54:55'),
(59, 'ntalag', NULL, NULL, 'ntalag', '{MD5}zvhKhdMy/IVfKTZxsn0ocQ==', 0, NULL, 'LDAP', 0, NULL, '2025-01-02 08:54:55', '2025-01-02 08:54:55'),
(60, 'ruben.tamayo', NULL, NULL, 'ruben.tamayo', '{MD5}Sk35KMSFOzWQxwAjh+nAIg==', 0, NULL, 'LDAP', 0, NULL, '2025-01-02 08:54:55', '2025-01-02 08:54:55'),
(61, 'benjie.zamudio', NULL, NULL, 'benjie.zamudio', '{MD5}2KxpXP4eitbKyQ4qBHcYXg==', 0, NULL, 'LDAP', 0, NULL, '2025-01-02 08:54:55', '2025-01-02 08:54:55'),
(62, 'jilmark.regencia', NULL, NULL, 'jilmark.regencia', '{MD5}xJ9BRRU8UiAVyi7KgJp1Pg==', 0, NULL, 'LDAP', 0, NULL, '2025-01-02 08:54:55', '2025-01-02 08:54:55'),
(63, 'lumayam', NULL, '', 'lumayam', '{MD5}cQyCormYGW8ZV0eHcil/tw==', 1, NULL, 'LDAP', 0, NULL, '2025-01-02 08:54:55', '2025-01-02 08:54:55'),
(69, 'mshohdy', 36, '', 'mshohdy', '{MD5}cQyCormYGW8ZV0eHcil/tw==', 1, NULL, 'LDAP', 0, NULL, '2025-01-08 05:07:55', '2025-01-08 05:07:55'),
(70, 'nsanchez', NULL, NULL, 'nsanchez', '{MD5}cQyCormYGW8ZV0eHcil/tw==', 0, NULL, 'LDAP', 0, NULL, '2025-01-14 07:18:06', '2025-01-14 07:18:06');

-- --------------------------------------------------------

--
-- Table structure for table `user_appslist`
--

CREATE TABLE `user_appslist` (
  `id` int(11) NOT NULL,
  `groupid` int(11) DEFAULT NULL,
  `appid` int(11) NOT NULL
) ENGINE=MyISAM DEFAULT CHARSET=utf8mb4 COLLATE=utf8mb4_general_ci;

--
-- Dumping data for table `user_appslist`
--

INSERT INTO `user_appslist` (`id`, `groupid`, `appid`) VALUES
(1, 2, 1),
(23, 5, 3),
(3, 2, 3),
(4, 2, 4),
(6, 5, 1),
(8, 2, 139),
(9, 2, 140),
(10, 2, 141),
(11, 2, 142),
(12, 2, 143),
(46, 16, 149),
(54, 2, 149),
(24, 5, 143),
(39, 17, 1),
(27, 12, 2),
(28, 12, 143),
(29, 16, 1),
(30, 16, 2),
(31, 16, 3),
(32, 16, 4),
(33, 16, 139),
(34, 16, 140),
(35, 16, 141),
(36, 16, 142),
(37, 16, 143),
(45, 2, 147),
(40, 17, 4),
(41, 17, 143),
(42, 16, 148),
(43, 16, 148),
(47, 16, 152),
(48, 16, 151),
(49, 16, 150),
(50, 16, 153),
(51, 17, 154),
(52, 16, 155),
(53, 2, 151),
(55, 2, 140),
(57, 2, 1),
(58, 2, 1),
(59, 2, 1),
(60, 2, 1),
(61, 2, 1),
(62, 2, 1),
(63, 2, 1),
(64, 2, 1),
(65, 2, 1);

-- --------------------------------------------------------

--
-- Table structure for table `user_groups`
--

CREATE TABLE `user_groups` (
  `id` bigint(20) NOT NULL,
  `name` varchar(255) NOT NULL,
  `description` text DEFAULT NULL,
  `created_at` timestamp NOT NULL DEFAULT current_timestamp(),
  `updated_at` timestamp NOT NULL DEFAULT current_timestamp() ON UPDATE current_timestamp()
) ENGINE=InnoDB DEFAULT CHARSET=utf8mb4 COLLATE=utf8mb4_general_ci;

--
-- Dumping data for table `user_groups`
--

INSERT INTO `user_groups` (`id`, `name`, `description`, `created_at`, `updated_at`) VALUES
(1, 'Admin', 'Manages the entire system and user permissions.', '2024-11-26 07:27:46', '2024-11-28 09:40:38'),
(2, 'VIP', 'Special user with additional privileges.', '2024-11-27 03:16:58', '2024-11-27 05:04:53'),
(3, 'User', 'Has basic access to the system\'s features.', '2024-11-27 04:56:42', '2024-11-27 05:04:44'),
(4, 'Section Chief', 'Oversees a specific section or department.', '2024-11-27 04:56:50', '2024-11-27 05:04:29'),
(5, 'Team Leader', 'Leads a team and manages their tasks.', '2024-11-27 04:56:59', '2024-11-27 05:04:37'),
(13, 'ATG Office', 'ATG Personnel', '2025-01-03 02:43:57', '2025-01-03 02:43:57');

-- --------------------------------------------------------

--
-- Table structure for table `user_group_mappings`
--

CREATE TABLE `user_group_mappings` (
  `user_id` bigint(20) NOT NULL,
  `group_id` bigint(20) NOT NULL
) ENGINE=InnoDB DEFAULT CHARSET=utf8mb4 COLLATE=utf8mb4_general_ci;

--
-- Dumping data for table `user_group_mappings`
--

INSERT INTO `user_group_mappings` (`user_id`, `group_id`) VALUES
(1, 4),
(5, 4),
(6, 4),
(7, 4),
(8, 4),
(9, 4),
(10, 4),
(11, 4),
(12, 4),
(13, 4),
(14, 4),
(15, 1),
(18, 2),
(21, 3),
(22, 1),
(24, 1),
(44, 1),
(45, 4),
(46, 1),
(47, 3),
(48, 1),
(49, 3),
(63, 3),
(68, 3),
(69, 3);

-- --------------------------------------------------------

--
-- Table structure for table `user_navlist`
--

CREATE TABLE `user_navlist` (
  `groupid` int(11) NOT NULL,
  `NavID` int(11) NOT NULL
) ENGINE=MyISAM DEFAULT CHARSET=utf8mb4 COLLATE=utf8mb4_general_ci;

--
-- Dumping data for table `user_navlist`
--

INSERT INTO `user_navlist` (`groupid`, `NavID`) VALUES
(2, 28),
(2, 27),
(2, 26),
(2, 7),
(2, 6),
(2, 5),
(12, 4),
(2, 2),
(2, 4),
(2, 1),
(5, 5),
(12, 3),
(12, 1),
(5, 2),
(16, 28),
(16, 27),
(16, 26),
(16, 7),
(16, 6),
(16, 5),
(16, 2),
(16, 4),
(16, 3),
(16, 1),
(17, 27),
(17, 26),
(17, 7),
(17, 6),
(17, 5),
(17, 2),
(17, 4),
(17, 1);

-- --------------------------------------------------------

--
-- Table structure for table `work_experience`
--

CREATE TABLE `work_experience` (
  `id` bigint(20) NOT NULL,
  `personnel_id` int(11) NOT NULL,
  `employment_type` enum('Self-employed','Employed','Government','Private') NOT NULL,
  `company` varchar(50) DEFAULT NULL,
  `address` varchar(150) DEFAULT NULL,
  `position` varchar(50) DEFAULT NULL,
  `department` varchar(50) DEFAULT NULL,
  `section` varchar(50) DEFAULT NULL,
  `start_date` date DEFAULT NULL,
  `end_date` date DEFAULT NULL,
  `reason_for_leaving` varchar(150) DEFAULT NULL,
  `created_at` timestamp NOT NULL DEFAULT current_timestamp(),
  `updated_at` timestamp NOT NULL DEFAULT current_timestamp() ON UPDATE current_timestamp()
) ENGINE=InnoDB DEFAULT CHARSET=utf8mb4 COLLATE=utf8mb4_general_ci;

--
-- Dumping data for table `work_experience`
--

INSERT INTO `work_experience` (`id`, `personnel_id`, `employment_type`, `company`, `address`, `position`, `department`, `section`, `start_date`, `end_date`, `reason_for_leaving`, `created_at`, `updated_at`) VALUES
(1, 10, 'Private', 'SENCOR', 'asd', 'programmer', 'asd', 'asd', '2024-12-05', '2024-12-05', 'confi', '2024-12-05 08:16:49', '2024-12-20 08:14:12'),
(3, 10, 'Private', 'SENCOR', 'Ayala Avenue', 'Programmer', 'Admin', 'Programming', '2011-05-20', '2015-06-20', 'Career Growth', '2024-12-20 08:14:26', '2025-01-08 01:50:06'),
(4, 10, 'Private', 'SBOBET', 'Buendia', 'Web Developer', 'Admin', 'IT', '2015-06-24', '2017-07-11', 'For career growth', '2025-01-08 01:48:20', '2025-01-08 01:48:20'),
(5, 10, 'Private', 'Shang Software', 'Ayala Avenue', 'Software Engineer', 'Admin', 'IT', '2017-07-15', '2017-12-30', 'Confidential', '2025-01-08 01:49:57', '2025-01-08 01:49:57'),
(7, 37, 'Self-employed', 'wegddd', 'asdafsafsa', 'dsaaafaa', 'dsafsa', 'asaaffsa', '2025-01-10', '2025-01-15', '', '2025-01-10 03:56:02', '2025-01-10 03:56:11');

--
-- Indexes for dumped tables
--

--
-- Indexes for table `apps`
--
ALTER TABLE `apps`
  ADD PRIMARY KEY (`id`);

--
-- Indexes for table `available_apps`
--
ALTER TABLE `available_apps`
  ADD PRIMARY KEY (`id`);

--
-- Indexes for table `children`
--
ALTER TABLE `children`
  ADD PRIMARY KEY (`id`),
  ADD KEY `children_ibfk_1` (`personnel_id`);

--
-- Indexes for table `citizenships`
--
ALTER TABLE `citizenships`
  ADD PRIMARY KEY (`id`);

--
-- Indexes for table `contact_type_info`
--
ALTER TABLE `contact_type_info`
  ADD PRIMARY KEY (`id`);

--
-- Indexes for table `departments`
--
ALTER TABLE `departments`
  ADD PRIMARY KEY (`id`);

--
-- Indexes for table `designations`
--
ALTER TABLE `designations`
  ADD PRIMARY KEY (`id`);

--
-- Indexes for table `districts`
--
ALTER TABLE `districts`
  ADD PRIMARY KEY (`id`);

--
-- Indexes for table `educational_background`
--
ALTER TABLE `educational_background`
  ADD PRIMARY KEY (`id`);

--
-- Indexes for table `events`
--
ALTER TABLE `events`
  ADD PRIMARY KEY (`id`),
  ADD KEY `events_ibfk_1` (`location_id`);

--
-- Indexes for table `family_members`
--
ALTER TABLE `family_members`
  ADD PRIMARY KEY (`id`);

--
-- Indexes for table `government_issued_id`
--
ALTER TABLE `government_issued_id`
  ADD PRIMARY KEY (`id`);

--
-- Indexes for table `group_permission_mappings`
--
ALTER TABLE `group_permission_mappings`
  ADD PRIMARY KEY (`group_id`,`permission_id`,`category_id`),
  ADD UNIQUE KEY `group_permission_mappings_group_id_permission_id` (`group_id`,`permission_id`),
  ADD KEY `permission_id` (`permission_id`),
  ADD KEY `category_id` (`category_id`);

--
-- Indexes for table `languages`
--
ALTER TABLE `languages`
  ADD PRIMARY KEY (`id`);

--
-- Indexes for table `ldap_users`
--
ALTER TABLE `ldap_users`
  ADD PRIMARY KEY (`id`),
  ADD UNIQUE KEY `uid` (`uid`);

--
-- Indexes for table `locations`
--
ALTER TABLE `locations`
  ADD PRIMARY KEY (`id`);

--
-- Indexes for table `login_attempts`
--
ALTER TABLE `login_attempts`
  ADD PRIMARY KEY (`id`);

--
-- Indexes for table `nationalities`
--
ALTER TABLE `nationalities`
  ADD PRIMARY KEY (`id`);

--
-- Indexes for table `navigationlist`
--
ALTER TABLE `navigationlist`
  ADD PRIMARY KEY (`ID`);

--
-- Indexes for table `permission_categories`
--
ALTER TABLE `permission_categories`
  ADD PRIMARY KEY (`id`),
  ADD UNIQUE KEY `name` (`name`);

--
-- Indexes for table `permission_category_mappings`
--
ALTER TABLE `permission_category_mappings`
  ADD PRIMARY KEY (`id`),
  ADD KEY `permission_id` (`permission_id`);

--
-- Indexes for table `permission_definitions`
--
ALTER TABLE `permission_definitions`
  ADD PRIMARY KEY (`id`);

--
-- Indexes for table `permission_groups`
--
ALTER TABLE `permission_groups`
  ADD PRIMARY KEY (`id`);

--
-- Indexes for table `personnels`
--
ALTER TABLE `personnels`
  ADD PRIMARY KEY (`personnel_id`);

--
-- Indexes for table `personnel_address`
--
ALTER TABLE `personnel_address`
  ADD PRIMARY KEY (`id`);

--
-- Indexes for table `personnel_contacts`
--
ALTER TABLE `personnel_contacts`
  ADD PRIMARY KEY (`id`);

--
-- Indexes for table `personnel_documents`
--
ALTER TABLE `personnel_documents`
  ADD PRIMARY KEY (`id`);

--
-- Indexes for table `personnel_gov_id`
--
ALTER TABLE `personnel_gov_id`
  ADD PRIMARY KEY (`id`);

--
-- Indexes for table `personnel_images`
--
ALTER TABLE `personnel_images`
  ADD PRIMARY KEY (`id`);

--
-- Indexes for table `reminders`
--
ALTER TABLE `reminders`
  ADD PRIMARY KEY (`id`);

--
-- Indexes for table `sections`
--
ALTER TABLE `sections`
  ADD PRIMARY KEY (`id`);

--
-- Indexes for table `subsections`
--
ALTER TABLE `subsections`
  ADD PRIMARY KEY (`id`);

--
-- Indexes for table `suguan`
--
ALTER TABLE `suguan`
  ADD PRIMARY KEY (`id`);

--
-- Indexes for table `users`
--
ALTER TABLE `users`
  ADD PRIMARY KEY (`ID`);

--
-- Indexes for table `user_appslist`
--
ALTER TABLE `user_appslist`
  ADD PRIMARY KEY (`id`);

--
-- Indexes for table `user_groups`
--
ALTER TABLE `user_groups`
  ADD PRIMARY KEY (`id`);

--
-- Indexes for table `user_group_mappings`
--
ALTER TABLE `user_group_mappings`
  ADD PRIMARY KEY (`user_id`,`group_id`);

--
-- Indexes for table `work_experience`
--
ALTER TABLE `work_experience`
  ADD PRIMARY KEY (`id`);

--
-- AUTO_INCREMENT for dumped tables
--

--
-- AUTO_INCREMENT for table `apps`
--
ALTER TABLE `apps`
  MODIFY `id` int(11) NOT NULL AUTO_INCREMENT, AUTO_INCREMENT=27;

--
-- AUTO_INCREMENT for table `available_apps`
--
ALTER TABLE `available_apps`
  MODIFY `id` int(11) NOT NULL AUTO_INCREMENT, AUTO_INCREMENT=3937;

--
-- AUTO_INCREMENT for table `children`
--
ALTER TABLE `children`
  MODIFY `id` bigint(20) NOT NULL AUTO_INCREMENT;

--
-- AUTO_INCREMENT for table `citizenships`
--
ALTER TABLE `citizenships`
  MODIFY `id` int(11) NOT NULL AUTO_INCREMENT, AUTO_INCREMENT=195;

--
-- AUTO_INCREMENT for table `contact_type_info`
--
ALTER TABLE `contact_type_info`
  MODIFY `id` int(11) NOT NULL AUTO_INCREMENT, AUTO_INCREMENT=2;

--
-- AUTO_INCREMENT for table `departments`
--
ALTER TABLE `departments`
  MODIFY `id` int(11) NOT NULL AUTO_INCREMENT, AUTO_INCREMENT=13;

--
-- AUTO_INCREMENT for table `designations`
--
ALTER TABLE `designations`
  MODIFY `id` int(11) NOT NULL AUTO_INCREMENT, AUTO_INCREMENT=4;

--
-- AUTO_INCREMENT for table `districts`
--
ALTER TABLE `districts`
  MODIFY `id` int(11) NOT NULL AUTO_INCREMENT, AUTO_INCREMENT=85;

--
-- AUTO_INCREMENT for table `educational_background`
--
ALTER TABLE `educational_background`
  MODIFY `id` bigint(20) NOT NULL AUTO_INCREMENT, AUTO_INCREMENT=19;

--
-- AUTO_INCREMENT for table `events`
--
ALTER TABLE `events`
  MODIFY `id` int(11) NOT NULL AUTO_INCREMENT, AUTO_INCREMENT=30;

--
-- AUTO_INCREMENT for table `family_members`
--
ALTER TABLE `family_members`
  MODIFY `id` bigint(20) NOT NULL AUTO_INCREMENT, AUTO_INCREMENT=208;

--
-- AUTO_INCREMENT for table `government_issued_id`
--
ALTER TABLE `government_issued_id`
  MODIFY `id` int(11) NOT NULL AUTO_INCREMENT, AUTO_INCREMENT=19;

--
-- AUTO_INCREMENT for table `languages`
--
ALTER TABLE `languages`
  MODIFY `id` int(11) NOT NULL AUTO_INCREMENT, AUTO_INCREMENT=4;

--
-- AUTO_INCREMENT for table `ldap_users`
--
ALTER TABLE `ldap_users`
  MODIFY `id` int(11) NOT NULL AUTO_INCREMENT;

--
-- AUTO_INCREMENT for table `locations`
--
ALTER TABLE `locations`
  MODIFY `id` int(11) NOT NULL AUTO_INCREMENT, AUTO_INCREMENT=5;

--
-- AUTO_INCREMENT for table `login_attempts`
--
ALTER TABLE `login_attempts`
  MODIFY `id` int(11) NOT NULL AUTO_INCREMENT, AUTO_INCREMENT=162;

--
-- AUTO_INCREMENT for table `nationalities`
--
ALTER TABLE `nationalities`
  MODIFY `id` int(11) NOT NULL AUTO_INCREMENT, AUTO_INCREMENT=195;

--
-- AUTO_INCREMENT for table `navigationlist`
--
ALTER TABLE `navigationlist`
  MODIFY `ID` int(11) NOT NULL AUTO_INCREMENT, AUTO_INCREMENT=44;

--
-- AUTO_INCREMENT for table `permission_categories`
--
ALTER TABLE `permission_categories`
  MODIFY `id` bigint(20) NOT NULL AUTO_INCREMENT, AUTO_INCREMENT=8;

--
-- AUTO_INCREMENT for table `permission_category_mappings`
--
ALTER TABLE `permission_category_mappings`
  MODIFY `id` bigint(20) NOT NULL AUTO_INCREMENT, AUTO_INCREMENT=46;

--
-- AUTO_INCREMENT for table `permission_definitions`
--
ALTER TABLE `permission_definitions`
  MODIFY `id` bigint(20) NOT NULL AUTO_INCREMENT, AUTO_INCREMENT=46;

--
-- AUTO_INCREMENT for table `permission_groups`
--
ALTER TABLE `permission_groups`
  MODIFY `id` int(10) UNSIGNED NOT NULL AUTO_INCREMENT, AUTO_INCREMENT=18;

--
-- AUTO_INCREMENT for table `personnels`
--
ALTER TABLE `personnels`
  MODIFY `personnel_id` bigint(20) NOT NULL AUTO_INCREMENT, AUTO_INCREMENT=59;

--
-- AUTO_INCREMENT for table `personnel_address`
--
ALTER TABLE `personnel_address`
  MODIFY `id` int(11) NOT NULL AUTO_INCREMENT, AUTO_INCREMENT=8;

--
-- AUTO_INCREMENT for table `personnel_contacts`
--
ALTER TABLE `personnel_contacts`
  MODIFY `id` bigint(20) NOT NULL AUTO_INCREMENT, AUTO_INCREMENT=11;

--
-- AUTO_INCREMENT for table `personnel_documents`
--
ALTER TABLE `personnel_documents`
  MODIFY `id` int(11) NOT NULL AUTO_INCREMENT;

--
-- AUTO_INCREMENT for table `personnel_gov_id`
--
ALTER TABLE `personnel_gov_id`
  MODIFY `id` int(11) NOT NULL AUTO_INCREMENT, AUTO_INCREMENT=19;

--
-- AUTO_INCREMENT for table `personnel_images`
--
ALTER TABLE `personnel_images`
  MODIFY `id` int(11) NOT NULL AUTO_INCREMENT, AUTO_INCREMENT=6;

--
-- AUTO_INCREMENT for table `reminders`
--
ALTER TABLE `reminders`
  MODIFY `id` int(11) NOT NULL AUTO_INCREMENT, AUTO_INCREMENT=5;

--
-- AUTO_INCREMENT for table `sections`
--
ALTER TABLE `sections`
  MODIFY `id` int(11) NOT NULL AUTO_INCREMENT, AUTO_INCREMENT=11;

--
-- AUTO_INCREMENT for table `subsections`
--
ALTER TABLE `subsections`
  MODIFY `id` int(11) NOT NULL AUTO_INCREMENT, AUTO_INCREMENT=9;

--
-- AUTO_INCREMENT for table `suguan`
--
ALTER TABLE `suguan`
  MODIFY `id` int(11) NOT NULL AUTO_INCREMENT, AUTO_INCREMENT=17;

--
-- AUTO_INCREMENT for table `users`
--
ALTER TABLE `users`
  MODIFY `ID` int(11) NOT NULL AUTO_INCREMENT, AUTO_INCREMENT=71;

--
-- AUTO_INCREMENT for table `user_appslist`
--
ALTER TABLE `user_appslist`
  MODIFY `id` int(11) NOT NULL AUTO_INCREMENT, AUTO_INCREMENT=66;

--
-- AUTO_INCREMENT for table `user_groups`
--
ALTER TABLE `user_groups`
  MODIFY `id` bigint(20) NOT NULL AUTO_INCREMENT, AUTO_INCREMENT=14;

--
-- AUTO_INCREMENT for table `work_experience`
--
ALTER TABLE `work_experience`
  MODIFY `id` bigint(20) NOT NULL AUTO_INCREMENT, AUTO_INCREMENT=10;

--
-- Constraints for dumped tables
--

--
-- Constraints for table `children`
--
ALTER TABLE `children`
  ADD CONSTRAINT `children_ibfk_1` FOREIGN KEY (`personnel_id`) REFERENCES `personnels` (`personnel_id`) ON DELETE CASCADE;

--
-- Constraints for table `events`
--
ALTER TABLE `events`
  ADD CONSTRAINT `events_ibfk_1` FOREIGN KEY (`location_id`) REFERENCES `locations` (`id`) ON DELETE CASCADE;

--
-- Constraints for table `group_permission_mappings`
--
ALTER TABLE `group_permission_mappings`
  ADD CONSTRAINT `group_permission_mappings_ibfk_1` FOREIGN KEY (`group_id`) REFERENCES `user_groups` (`id`) ON DELETE CASCADE,
  ADD CONSTRAINT `group_permission_mappings_ibfk_2` FOREIGN KEY (`permission_id`) REFERENCES `permission_definitions` (`id`) ON DELETE CASCADE,
  ADD CONSTRAINT `group_permission_mappings_ibfk_3` FOREIGN KEY (`category_id`) REFERENCES `permission_category_mappings` (`id`) ON DELETE CASCADE;

--
-- Constraints for table `permission_category_mappings`
--
ALTER TABLE `permission_category_mappings`
  ADD CONSTRAINT `permission_category_mappings_ibfk_1` FOREIGN KEY (`permission_id`) REFERENCES `permission_definitions` (`id`) ON DELETE CASCADE;
COMMIT;

/*!40101 SET CHARACTER_SET_CLIENT=@OLD_CHARACTER_SET_CLIENT */;
/*!40101 SET CHARACTER_SET_RESULTS=@OLD_CHARACTER_SET_RESULTS */;
/*!40101 SET COLLATION_CONNECTION=@OLD_COLLATION_CONNECTION */;
